sample_id,patient_id,gt_count,mask_condition,method_key,method_family,initial_component_count,final_group_count,merge_operations_count,split_operations_count,fragments_assigned_to_another_group,exact_k_achieved,instance_exact_count_acc,instance_mean_matched_iou,all_iou_ge_0.50,all_iou_ge_0.70,all_iou_ge_0.80,instance_merged_rate,instance_fragmented_rate,reason,failure_attribution,is_previous_gt_over_k_case
m04_p01_s00,m04_p01,2,GT_SEMANTIC,nearest_component_k_normalizer,k_normalizer,2,2,0,0,0,1,1.0,1.0,1.0,1.0,1.0,0.0,0.0,natural_components_match_k,success,0
m04_p01_s00,m04_p01,2,GT_SEMANTIC,area_aware_k_normalizer,k_normalizer,2,2,0,0,0,1,1.0,1.0,1.0,1.0,1.0,0.0,0.0,natural_components_match_k,success,0
m04_p01_s00,m04_p01,2,GT_SEMANTIC,centroid_distance_k_normalizer,k_normalizer,2,2,0,0,0,1,1.0,1.0,1.0,1.0,1.0,0.0,0.0,natural_components_match_k,success,0
m04_p01_s00,m04_p01,2,GT_SEMANTIC,hybrid_k_normalization,k_normalizer,2,2,0,0,0,1,1.0,1.0,1.0,1.0,1.0,0.0,0.0,natural_components_match_k,success,0
m04_p01_s00,m04_p01,2,GT_SEMANTIC,gt_fragment_grouping_oracle,diagnostic_oracle,2,2,0,0,0,1,1.0,1.0,1.0,1.0,1.0,0.0,0.0,exact_k,success,0
m04_p01_s00,m04_p01,2,PREDICTED_SEMANTIC,nearest_component_k_normalizer,k_normalizer,2,2,0,0,0,1,1.0,0.8993227451511014,1.0,1.0,1.0,0.0,0.0,natural_components_match_k,success,0
m04_p01_s00,m04_p01,2,PREDICTED_SEMANTIC,area_aware_k_normalizer,k_normalizer,2,2,0,0,0,1,1.0,0.8993227451511014,1.0,1.0,1.0,0.0,0.0,natural_components_match_k,success,0
m04_p01_s00,m04_p01,2,PREDICTED_SEMANTIC,centroid_distance_k_normalizer,k_normalizer,2,2,0,0,0,1,1.0,0.8993227451511014,1.0,1.0,1.0,0.0,0.0,natural_components_match_k,success,0
m04_p01_s00,m04_p01,2,PREDICTED_SEMANTIC,hybrid_k_normalization,k_normalizer,2,2,0,0,0,1,1.0,0.8993227451511014,1.0,1.0,1.0,0.0,0.0,natural_components_match_k,success,0
m04_p01_s00,m04_p01,2,PREDICTED_SEMANTIC,gt_fragment_grouping_oracle,diagnostic_oracle,2,2,0,0,0,1,1.0,0.8993227451511014,1.0,1.0,1.0,0.0,0.0,exact_k,success,0
m04_p01_s01,m04_p01,3,GT_SEMANTIC,nearest_component_k_normalizer,k_normalizer,3,3,0,0,0,1,1.0,1.0,1.0,1.0,1.0,0.0,0.0,natural_components_match_k,success,0
m04_p01_s01,m04_p01,3,GT_SEMANTIC,area_aware_k_normalizer,k_normalizer,3,3,0,0,0,1,1.0,1.0,1.0,1.0,1.0,0.0,0.0,natural_components_match_k,success,0
m04_p01_s01,m04_p01,3,GT_SEMANTIC,centroid_distance_k_normalizer,k_normalizer,3,3,0,0,0,1,1.0,1.0,1.0,1.0,1.0,0.0,0.0,natural_components_match_k,success,0
m04_p01_s01,m04_p01,3,GT_SEMANTIC,hybrid_k_normalization,k_normalizer,3,3,0,0,0,1,1.0,1.0,1.0,1.0,1.0,0.0,0.0,natural_components_match_k,success,0
m04_p01_s01,m04_p01,3,GT_SEMANTIC,gt_fragment_grouping_oracle,diagnostic_oracle,3,3,0,0,0,1,1.0,1.0,1.0,1.0,1.0,0.0,0.0,exact_k,success,0
m04_p01_s01,m04_p01,3,PREDICTED_SEMANTIC,nearest_component_k_normalizer,k_normalizer,1,3,0,2,0,1,1.0,0.1592250949143245,0.0,0.0,0.0,0.0,0.0,exact_k,false_semantic_bridge_requiring_split,0
m04_p01_s01,m04_p01,3,PREDICTED_SEMANTIC,area_aware_k_normalizer,k_normalizer,1,3,0,2,0,1,1.0,0.1592250949143245,0.0,0.0,0.0,0.0,0.0,exact_k,false_semantic_bridge_requiring_split,0
m04_p01_s01,m04_p01,3,PREDICTED_SEMANTIC,centroid_distance_k_normalizer,k_normalizer,1,3,0,2,0,1,1.0,0.1592250949143245,0.0,0.0,0.0,0.0,0.0,exact_k,false_semantic_bridge_requiring_split,0
m04_p01_s01,m04_p01,3,PREDICTED_SEMANTIC,hybrid_k_normalization,k_normalizer,1,3,0,2,0,1,1.0,0.1592250949143245,0.0,0.0,0.0,0.0,0.0,exact_k,false_semantic_bridge_requiring_split,0
m04_p01_s01,m04_p01,3,PREDICTED_SEMANTIC,gt_fragment_grouping_oracle,diagnostic_oracle,1,1,0,0,0,0,0.0,0.18069323537798354,0.0,0.0,0.0,1.0,0.0,missing_gt_overlap_for_some_leaflets,false_semantic_bridge_requiring_split,0
m04_p01_s02,m04_p01,1,GT_SEMANTIC,nearest_component_k_normalizer,k_normalizer,1,1,0,0,0,1,1.0,1.0,1.0,1.0,1.0,0.0,0.0,natural_components_match_k,success,0
m04_p01_s02,m04_p01,1,GT_SEMANTIC,area_aware_k_normalizer,k_normalizer,1,1,0,0,0,1,1.0,1.0,1.0,1.0,1.0,0.0,0.0,natural_components_match_k,success,0
m04_p01_s02,m04_p01,1,GT_SEMANTIC,centroid_distance_k_normalizer,k_normalizer,1,1,0,0,0,1,1.0,1.0,1.0,1.0,1.0,0.0,0.0,natural_components_match_k,success,0
m04_p01_s02,m04_p01,1,GT_SEMANTIC,hybrid_k_normalization,k_normalizer,1,1,0,0,0,1,1.0,1.0,1.0,1.0,1.0,0.0,0.0,natural_components_match_k,success,0
m04_p01_s02,m04_p01,1,GT_SEMANTIC,gt_fragment_grouping_oracle,diagnostic_oracle,1,1,0,0,0,1,1.0,1.0,1.0,1.0,1.0,0.0,0.0,exact_k,success,0
m04_p01_s02,m04_p01,1,PREDICTED_SEMANTIC,nearest_component_k_normalizer,k_normalizer,1,1,0,0,0,1,1.0,0.6492616735399761,1.0,0.0,0.0,0.0,0.0,natural_components_match_k,success,0
m04_p01_s02,m04_p01,1,PREDICTED_SEMANTIC,area_aware_k_normalizer,k_normalizer,1,1,0,0,0,1,1.0,0.6492616735399761,1.0,0.0,0.0,0.0,0.0,natural_components_match_k,success,0
m04_p01_s02,m04_p01,1,PREDICTED_SEMANTIC,centroid_distance_k_normalizer,k_normalizer,1,1,0,0,0,1,1.0,0.6492616735399761,1.0,0.0,0.0,0.0,0.0,natural_components_match_k,success,0
m04_p01_s02,m04_p01,1,PREDICTED_SEMANTIC,hybrid_k_normalization,k_normalizer,1,1,0,0,0,1,1.0,0.6492616735399761,1.0,0.0,0.0,0.0,0.0,natural_components_match_k,success,0
m04_p01_s02,m04_p01,1,PREDICTED_SEMANTIC,gt_fragment_grouping_oracle,diagnostic_oracle,1,1,0,0,0,1,1.0,0.6492616735399761,1.0,0.0,0.0,0.0,0.0,exact_k,success,0
m04_p01_s04,m04_p01,3,GT_SEMANTIC,nearest_component_k_normalizer,k_normalizer,3,3,0,0,0,1,1.0,1.0,1.0,1.0,1.0,0.0,0.0,natural_components_match_k,success,0
m04_p01_s04,m04_p01,3,GT_SEMANTIC,area_aware_k_normalizer,k_normalizer,3,3,0,0,0,1,1.0,1.0,1.0,1.0,1.0,0.0,0.0,natural_components_match_k,success,0
m04_p01_s04,m04_p01,3,GT_SEMANTIC,centroid_distance_k_normalizer,k_normalizer,3,3,0,0,0,1,1.0,1.0,1.0,1.0,1.0,0.0,0.0,natural_components_match_k,success,0
m04_p01_s04,m04_p01,3,GT_SEMANTIC,hybrid_k_normalization,k_normalizer,3,3,0,0,0,1,1.0,1.0,1.0,1.0,1.0,0.0,0.0,natural_components_match_k,success,0
m04_p01_s04,m04_p01,3,GT_SEMANTIC,gt_fragment_grouping_oracle,diagnostic_oracle,3,3,0,0,0,1,1.0,1.0,1.0,1.0,1.0,0.0,0.0,exact_k,success,0
m04_p01_s04,m04_p01,3,PREDICTED_SEMANTIC,nearest_component_k_normalizer,k_normalizer,5,3,2,0,2,1,1.0,0.33887242757861086,0.0,0.0,0.0,0.0,0.0,exact_k,insufficient_semantic_foreground,0
m04_p01_s04,m04_p01,3,PREDICTED_SEMANTIC,area_aware_k_normalizer,k_normalizer,5,3,2,0,2,1,1.0,0.33887242757861086,0.0,0.0,0.0,0.0,0.0,exact_k,insufficient_semantic_foreground,0
m04_p01_s04,m04_p01,3,PREDICTED_SEMANTIC,centroid_distance_k_normalizer,k_normalizer,5,3,2,0,2,1,1.0,0.7622123949731713,1.0,0.0,0.0,0.0,0.0,exact_k,success,0
m04_p01_s04,m04_p01,3,PREDICTED_SEMANTIC,hybrid_k_normalization,k_normalizer,5,3,2,0,2,1,1.0,0.33887242757861086,0.0,0.0,0.0,0.0,0.0,exact_k,insufficient_semantic_foreground,0
m04_p01_s04,m04_p01,3,PREDICTED_SEMANTIC,gt_fragment_grouping_oracle,diagnostic_oracle,5,3,2,0,2,1,1.0,0.7622123949731713,1.0,0.0,0.0,0.0,0.0,exact_k,success,0
m04_p01_s05,m04_p01,3,GT_SEMANTIC,nearest_component_k_normalizer,k_normalizer,3,3,0,0,0,1,1.0,1.0,1.0,1.0,1.0,0.0,0.0,natural_components_match_k,success,0
m04_p01_s05,m04_p01,3,GT_SEMANTIC,area_aware_k_normalizer,k_normalizer,3,3,0,0,0,1,1.0,1.0,1.0,1.0,1.0,0.0,0.0,natural_components_match_k,success,0
m04_p01_s05,m04_p01,3,GT_SEMANTIC,centroid_distance_k_normalizer,k_normalizer,3,3,0,0,0,1,1.0,1.0,1.0,1.0,1.0,0.0,0.0,natural_components_match_k,success,0
m04_p01_s05,m04_p01,3,GT_SEMANTIC,hybrid_k_normalization,k_normalizer,3,3,0,0,0,1,1.0,1.0,1.0,1.0,1.0,0.0,0.0,natural_components_match_k,success,0
m04_p01_s05,m04_p01,3,GT_SEMANTIC,gt_fragment_grouping_oracle,diagnostic_oracle,3,3,0,0,0,1,1.0,1.0,1.0,1.0,1.0,0.0,0.0,exact_k,success,0
m04_p01_s05,m04_p01,3,PREDICTED_SEMANTIC,nearest_component_k_normalizer,k_normalizer,2,3,0,1,0,1,1.0,0.396633120651621,0.0,0.0,0.0,0.0,0.0,exact_k,false_semantic_bridge_requiring_split,0
m04_p01_s05,m04_p01,3,PREDICTED_SEMANTIC,area_aware_k_normalizer,k_normalizer,2,3,0,1,0,1,1.0,0.396633120651621,0.0,0.0,0.0,0.0,0.0,exact_k,false_semantic_bridge_requiring_split,0
m04_p01_s05,m04_p01,3,PREDICTED_SEMANTIC,centroid_distance_k_normalizer,k_normalizer,2,3,0,1,0,1,1.0,0.396633120651621,0.0,0.0,0.0,0.0,0.0,exact_k,false_semantic_bridge_requiring_split,0
m04_p01_s05,m04_p01,3,PREDICTED_SEMANTIC,hybrid_k_normalization,k_normalizer,2,3,0,1,0,1,1.0,0.396633120651621,0.0,0.0,0.0,0.0,0.0,exact_k,false_semantic_bridge_requiring_split,0
m04_p01_s05,m04_p01,3,PREDICTED_SEMANTIC,gt_fragment_grouping_oracle,diagnostic_oracle,2,2,0,0,0,0,0.0,0.20689837928366248,0.0,0.0,0.0,1.0,0.0,missing_gt_overlap_for_some_leaflets,false_semantic_bridge_requiring_split,0
m04_p01_s06,m04_p01,3,GT_SEMANTIC,nearest_component_k_normalizer,k_normalizer,4,3,1,0,1,1,1.0,1.0,1.0,1.0,1.0,0.0,0.0,exact_k,success,1
m04_p01_s06,m04_p01,3,GT_SEMANTIC,area_aware_k_normalizer,k_normalizer,4,3,1,0,1,1,1.0,1.0,1.0,1.0,1.0,0.0,0.0,exact_k,success,1
m04_p01_s06,m04_p01,3,GT_SEMANTIC,centroid_distance_k_normalizer,k_normalizer,4,3,1,0,1,1,1.0,1.0,1.0,1.0,1.0,0.0,0.0,exact_k,success,1
m04_p01_s06,m04_p01,3,GT_SEMANTIC,hybrid_k_normalization,k_normalizer,4,3,1,0,1,1,1.0,1.0,1.0,1.0,1.0,0.0,0.0,exact_k,success,1
m04_p01_s06,m04_p01,3,GT_SEMANTIC,gt_fragment_grouping_oracle,diagnostic_oracle,4,3,1,0,1,1,1.0,1.0,1.0,1.0,1.0,0.0,0.0,exact_k,success,1
m04_p01_s06,m04_p01,3,PREDICTED_SEMANTIC,nearest_component_k_normalizer,k_normalizer,4,3,1,0,1,1,1.0,0.44968985281840773,0.0,0.0,0.0,0.0,0.0,exact_k,insufficient_semantic_foreground,1
m04_p01_s06,m04_p01,3,PREDICTED_SEMANTIC,area_aware_k_normalizer,k_normalizer,4,3,1,0,1,1,1.0,0.6161244145645742,1.0,0.0,0.0,0.0,0.0,exact_k,success,1
m04_p01_s06,m04_p01,3,PREDICTED_SEMANTIC,centroid_distance_k_normalizer,k_normalizer,4,3,1,0,1,1,1.0,0.44968985281840773,0.0,0.0,0.0,0.0,0.0,exact_k,insufficient_semantic_foreground,1
m04_p01_s06,m04_p01,3,PREDICTED_SEMANTIC,hybrid_k_normalization,k_normalizer,4,3,1,0,1,1,1.0,0.6161244145645742,1.0,0.0,0.0,0.0,0.0,exact_k,success,1
m04_p01_s06,m04_p01,3,PREDICTED_SEMANTIC,gt_fragment_grouping_oracle,diagnostic_oracle,4,3,1,0,1,1,1.0,0.6161244145645742,1.0,0.0,0.0,0.0,0.0,exact_k,success,1
m04_p01_s07,m04_p01,2,GT_SEMANTIC,nearest_component_k_normalizer,k_normalizer,2,2,0,0,0,1,1.0,1.0,1.0,1.0,1.0,0.0,0.0,natural_components_match_k,success,0
m04_p01_s07,m04_p01,2,GT_SEMANTIC,area_aware_k_normalizer,k_normalizer,2,2,0,0,0,1,1.0,1.0,1.0,1.0,1.0,0.0,0.0,natural_components_match_k,success,0
m04_p01_s07,m04_p01,2,GT_SEMANTIC,centroid_distance_k_normalizer,k_normalizer,2,2,0,0,0,1,1.0,1.0,1.0,1.0,1.0,0.0,0.0,natural_components_match_k,success,0
m04_p01_s07,m04_p01,2,GT_SEMANTIC,hybrid_k_normalization,k_normalizer,2,2,0,0,0,1,1.0,1.0,1.0,1.0,1.0,0.0,0.0,natural_components_match_k,success,0
m04_p01_s07,m04_p01,2,GT_SEMANTIC,gt_fragment_grouping_oracle,diagnostic_oracle,2,2,0,0,0,1,1.0,1.0,1.0,1.0,1.0,0.0,0.0,exact_k,success,0
m04_p01_s07,m04_p01,2,PREDICTED_SEMANTIC,nearest_component_k_normalizer,k_normalizer,3,2,1,0,1,1,1.0,0.21380860088099354,0.0,0.0,0.0,0.0,0.0,exact_k,insufficient_semantic_foreground,0
m04_p01_s07,m04_p01,2,PREDICTED_SEMANTIC,area_aware_k_normalizer,k_normalizer,3,2,1,0,1,1,1.0,0.21380860088099354,0.0,0.0,0.0,0.0,0.0,exact_k,insufficient_semantic_foreground,0
m04_p01_s07,m04_p01,2,PREDICTED_SEMANTIC,centroid_distance_k_normalizer,k_normalizer,3,2,1,0,1,1,1.0,0.21380860088099354,0.0,0.0,0.0,0.0,0.0,exact_k,insufficient_semantic_foreground,0
m04_p01_s07,m04_p01,2,PREDICTED_SEMANTIC,hybrid_k_normalization,k_normalizer,3,2,1,0,1,1,1.0,0.2180638033420798,0.0,0.0,0.0,0.0,0.0,exact_k,insufficient_semantic_foreground,0
m04_p01_s07,m04_p01,2,PREDICTED_SEMANTIC,gt_fragment_grouping_oracle,diagnostic_oracle,3,2,1,0,1,1,1.0,0.21831114721050687,0.0,0.0,0.0,0.0,0.0,exact_k,insufficient_semantic_foreground,0
m04_p01_s08,m04_p01,2,GT_SEMANTIC,nearest_component_k_normalizer,k_normalizer,2,2,0,0,0,1,1.0,1.0,1.0,1.0,1.0,0.0,0.0,natural_components_match_k,success,0
m04_p01_s08,m04_p01,2,GT_SEMANTIC,area_aware_k_normalizer,k_normalizer,2,2,0,0,0,1,1.0,1.0,1.0,1.0,1.0,0.0,0.0,natural_components_match_k,success,0
m04_p01_s08,m04_p01,2,GT_SEMANTIC,centroid_distance_k_normalizer,k_normalizer,2,2,0,0,0,1,1.0,1.0,1.0,1.0,1.0,0.0,0.0,natural_components_match_k,success,0
m04_p01_s08,m04_p01,2,GT_SEMANTIC,hybrid_k_normalization,k_normalizer,2,2,0,0,0,1,1.0,1.0,1.0,1.0,1.0,0.0,0.0,natural_components_match_k,success,0
m04_p01_s08,m04_p01,2,GT_SEMANTIC,gt_fragment_grouping_oracle,diagnostic_oracle,2,2,0,0,0,1,1.0,1.0,1.0,1.0,1.0,0.0,0.0,exact_k,success,0
m04_p01_s08,m04_p01,2,PREDICTED_SEMANTIC,nearest_component_k_normalizer,k_normalizer,3,2,1,0,1,1,1.0,0.8585960396848846,1.0,1.0,1.0,0.0,0.0,exact_k,success,0
m04_p01_s08,m04_p01,2,PREDICTED_SEMANTIC,area_aware_k_normalizer,k_normalizer,3,2,1,0,1,1,1.0,0.8585960396848846,1.0,1.0,1.0,0.0,0.0,exact_k,success,0
m04_p01_s08,m04_p01,2,PREDICTED_SEMANTIC,centroid_distance_k_normalizer,k_normalizer,3,2,1,0,1,1,1.0,0.8585960396848846,1.0,1.0,1.0,0.0,0.0,exact_k,success,0
m04_p01_s08,m04_p01,2,PREDICTED_SEMANTIC,hybrid_k_normalization,k_normalizer,3,2,1,0,1,1,1.0,0.8585960396848846,1.0,1.0,1.0,0.0,0.0,exact_k,success,0
m04_p01_s08,m04_p01,2,PREDICTED_SEMANTIC,gt_fragment_grouping_oracle,diagnostic_oracle,3,2,1,0,1,1,1.0,0.8585960396848846,1.0,1.0,1.0,0.0,0.0,exact_k,success,0
m04_p01_s09,m04_p01,3,GT_SEMANTIC,nearest_component_k_normalizer,k_normalizer,5,3,2,0,2,1,1.0,0.4155236133182794,0.0,0.0,0.0,0.0,0.0,exact_k,other,1
m04_p01_s09,m04_p01,3,GT_SEMANTIC,area_aware_k_normalizer,k_normalizer,5,3,2,0,2,1,1.0,0.4155236133182794,0.0,0.0,0.0,0.0,0.0,exact_k,other,1
m04_p01_s09,m04_p01,3,GT_SEMANTIC,centroid_distance_k_normalizer,k_normalizer,5,3,2,0,2,1,1.0,1.0,1.0,1.0,1.0,0.0,0.0,exact_k,success,1
m04_p01_s09,m04_p01,3,GT_SEMANTIC,hybrid_k_normalization,k_normalizer,5,3,2,0,2,1,1.0,0.4155236133182794,0.0,0.0,0.0,0.0,0.0,exact_k,other,1
m04_p01_s09,m04_p01,3,GT_SEMANTIC,gt_fragment_grouping_oracle,diagnostic_oracle,5,3,2,0,2,1,1.0,1.0,1.0,1.0,1.0,0.0,0.0,exact_k,success,1
m04_p01_s09,m04_p01,3,PREDICTED_SEMANTIC,nearest_component_k_normalizer,k_normalizer,7,3,4,0,4,1,1.0,0.35454671676932276,0.0,0.0,0.0,0.0,0.0,exact_k,insufficient_semantic_foreground,1
m04_p01_s09,m04_p01,3,PREDICTED_SEMANTIC,area_aware_k_normalizer,k_normalizer,7,3,4,0,4,1,1.0,0.35454671676932276,0.0,0.0,0.0,0.0,0.0,exact_k,insufficient_semantic_foreground,1
m04_p01_s09,m04_p01,3,PREDICTED_SEMANTIC,centroid_distance_k_normalizer,k_normalizer,7,3,4,0,4,1,1.0,0.7777901761772017,1.0,1.0,0.0,0.0,0.0,exact_k,success,1
m04_p01_s09,m04_p01,3,PREDICTED_SEMANTIC,hybrid_k_normalization,k_normalizer,7,3,4,0,4,1,1.0,0.35454671676932276,0.0,0.0,0.0,0.0,0.0,exact_k,insufficient_semantic_foreground,1
m04_p01_s09,m04_p01,3,PREDICTED_SEMANTIC,gt_fragment_grouping_oracle,diagnostic_oracle,7,3,4,0,4,1,1.0,0.7781493060651706,1.0,1.0,0.0,0.0,0.0,exact_k,success,1
m04_p01_s10,m04_p01,3,GT_SEMANTIC,nearest_component_k_normalizer,k_normalizer,3,3,0,0,0,1,1.0,1.0,1.0,1.0,1.0,0.0,0.0,natural_components_match_k,success,0
m04_p01_s10,m04_p01,3,GT_SEMANTIC,area_aware_k_normalizer,k_normalizer,3,3,0,0,0,1,1.0,1.0,1.0,1.0,1.0,0.0,0.0,natural_components_match_k,success,0
m04_p01_s10,m04_p01,3,GT_SEMANTIC,centroid_distance_k_normalizer,k_normalizer,3,3,0,0,0,1,1.0,1.0,1.0,1.0,1.0,0.0,0.0,natural_components_match_k,success,0
m04_p01_s10,m04_p01,3,GT_SEMANTIC,hybrid_k_normalization,k_normalizer,3,3,0,0,0,1,1.0,1.0,1.0,1.0,1.0,0.0,0.0,natural_components_match_k,success,0
m04_p01_s10,m04_p01,3,GT_SEMANTIC,gt_fragment_grouping_oracle,diagnostic_oracle,3,3,0,0,0,1,1.0,1.0,1.0,1.0,1.0,0.0,0.0,exact_k,success,0
m04_p01_s10,m04_p01,3,PREDICTED_SEMANTIC,nearest_component_k_normalizer,k_normalizer,2,3,0,1,0,1,1.0,0.16018324180826696,0.0,0.0,0.0,0.0,0.0,exact_k,false_semantic_bridge_requiring_split,0
m04_p01_s10,m04_p01,3,PREDICTED_SEMANTIC,area_aware_k_normalizer,k_normalizer,2,3,0,1,0,1,1.0,0.16018324180826696,0.0,0.0,0.0,0.0,0.0,exact_k,false_semantic_bridge_requiring_split,0
m04_p01_s10,m04_p01,3,PREDICTED_SEMANTIC,centroid_distance_k_normalizer,k_normalizer,2,3,0,1,0,1,1.0,0.16018324180826696,0.0,0.0,0.0,0.0,0.0,exact_k,false_semantic_bridge_requiring_split,0
m04_p01_s10,m04_p01,3,PREDICTED_SEMANTIC,hybrid_k_normalization,k_normalizer,2,3,0,1,0,1,1.0,0.16018324180826696,0.0,0.0,0.0,0.0,0.0,exact_k,false_semantic_bridge_requiring_split,0
m04_p01_s10,m04_p01,3,PREDICTED_SEMANTIC,gt_fragment_grouping_oracle,diagnostic_oracle,2,1,1,0,1,0,0.0,0.17930104547637518,0.0,0.0,0.0,1.0,0.0,missing_gt_overlap_for_some_leaflets,false_semantic_bridge_requiring_split,0
m04_p01_s11,m04_p01,3,GT_SEMANTIC,nearest_component_k_normalizer,k_normalizer,3,3,0,0,0,1,1.0,1.0,1.0,1.0,1.0,0.0,0.0,natural_components_match_k,success,0
m04_p01_s11,m04_p01,3,GT_SEMANTIC,area_aware_k_normalizer,k_normalizer,3,3,0,0,0,1,1.0,1.0,1.0,1.0,1.0,0.0,0.0,natural_components_match_k,success,0
m04_p01_s11,m04_p01,3,GT_SEMANTIC,centroid_distance_k_normalizer,k_normalizer,3,3,0,0,0,1,1.0,1.0,1.0,1.0,1.0,0.0,0.0,natural_components_match_k,success,0
m04_p01_s11,m04_p01,3,GT_SEMANTIC,hybrid_k_normalization,k_normalizer,3,3,0,0,0,1,1.0,1.0,1.0,1.0,1.0,0.0,0.0,natural_components_match_k,success,0
m04_p01_s11,m04_p01,3,GT_SEMANTIC,gt_fragment_grouping_oracle,diagnostic_oracle,3,3,0,0,0,1,1.0,1.0,1.0,1.0,1.0,0.0,0.0,exact_k,success,0
m04_p01_s11,m04_p01,3,PREDICTED_SEMANTIC,nearest_component_k_normalizer,k_normalizer,2,3,0,1,0,1,1.0,0.4708224963666727,0.0,0.0,0.0,0.0,0.0,exact_k,false_semantic_bridge_requiring_split,0
m04_p01_s11,m04_p01,3,PREDICTED_SEMANTIC,area_aware_k_normalizer,k_normalizer,2,3,0,1,0,1,1.0,0.4708224963666727,0.0,0.0,0.0,0.0,0.0,exact_k,false_semantic_bridge_requiring_split,0
m04_p01_s11,m04_p01,3,PREDICTED_SEMANTIC,centroid_distance_k_normalizer,k_normalizer,2,3,0,1,0,1,1.0,0.4708224963666727,0.0,0.0,0.0,0.0,0.0,exact_k,false_semantic_bridge_requiring_split,0
m04_p01_s11,m04_p01,3,PREDICTED_SEMANTIC,hybrid_k_normalization,k_normalizer,2,3,0,1,0,1,1.0,0.4708224963666727,0.0,0.0,0.0,0.0,0.0,exact_k,false_semantic_bridge_requiring_split,0
m04_p01_s11,m04_p01,3,PREDICTED_SEMANTIC,gt_fragment_grouping_oracle,diagnostic_oracle,2,2,0,0,0,0,0.0,0.21155840195181455,0.0,0.0,0.0,1.0,0.0,missing_gt_overlap_for_some_leaflets,false_semantic_bridge_requiring_split,0
m04_p01_s13,m04_p01,2,GT_SEMANTIC,nearest_component_k_normalizer,k_normalizer,3,2,1,0,1,1,1.0,1.0,1.0,1.0,1.0,0.0,0.0,exact_k,success,1
m04_p01_s13,m04_p01,2,GT_SEMANTIC,area_aware_k_normalizer,k_normalizer,3,2,1,0,1,1,1.0,1.0,1.0,1.0,1.0,0.0,0.0,exact_k,success,1
m04_p01_s13,m04_p01,2,GT_SEMANTIC,centroid_distance_k_normalizer,k_normalizer,3,2,1,0,1,1,1.0,1.0,1.0,1.0,1.0,0.0,0.0,exact_k,success,1
m04_p01_s13,m04_p01,2,GT_SEMANTIC,hybrid_k_normalization,k_normalizer,3,2,1,0,1,1,1.0,1.0,1.0,1.0,1.0,0.0,0.0,exact_k,success,1
m04_p01_s13,m04_p01,2,GT_SEMANTIC,gt_fragment_grouping_oracle,diagnostic_oracle,3,2,1,0,1,1,1.0,1.0,1.0,1.0,1.0,0.0,0.0,exact_k,success,1
m04_p01_s13,m04_p01,2,PREDICTED_SEMANTIC,nearest_component_k_normalizer,k_normalizer,5,2,3,0,3,1,1.0,0.6458333976954476,1.0,0.0,0.0,0.0,0.0,exact_k,success,1
m04_p01_s13,m04_p01,2,PREDICTED_SEMANTIC,area_aware_k_normalizer,k_normalizer,5,2,3,0,3,1,1.0,0.6458333976954476,1.0,0.0,0.0,0.0,0.0,exact_k,success,1
m04_p01_s13,m04_p01,2,PREDICTED_SEMANTIC,centroid_distance_k_normalizer,k_normalizer,5,2,3,0,3,1,1.0,0.6353609173584001,1.0,0.0,0.0,0.0,0.0,exact_k,success,1
m04_p01_s13,m04_p01,2,PREDICTED_SEMANTIC,hybrid_k_normalization,k_normalizer,5,2,3,0,3,1,1.0,0.6458333976954476,1.0,0.0,0.0,0.0,0.0,exact_k,success,1
m04_p01_s13,m04_p01,2,PREDICTED_SEMANTIC,gt_fragment_grouping_oracle,diagnostic_oracle,5,2,3,0,3,1,1.0,0.6458333976954476,1.0,0.0,0.0,0.0,0.0,exact_k,success,1
m04_p01_s14,m04_p01,2,GT_SEMANTIC,nearest_component_k_normalizer,k_normalizer,3,2,1,0,1,1,1.0,0.2974315294689862,0.0,0.0,0.0,0.0,0.0,exact_k,ambiguous_geometry,1
m04_p01_s14,m04_p01,2,GT_SEMANTIC,area_aware_k_normalizer,k_normalizer,3,2,1,0,1,1,1.0,0.2974315294689862,0.0,0.0,0.0,0.0,0.0,exact_k,ambiguous_geometry,1
m04_p01_s14,m04_p01,2,GT_SEMANTIC,centroid_distance_k_normalizer,k_normalizer,3,2,1,0,1,1,1.0,0.9363761731896021,1.0,1.0,1.0,0.0,0.0,exact_k,success,1
m04_p01_s14,m04_p01,2,GT_SEMANTIC,hybrid_k_normalization,k_normalizer,3,2,1,0,1,1,1.0,1.0,1.0,1.0,1.0,0.0,0.0,exact_k,success,1
m04_p01_s14,m04_p01,2,GT_SEMANTIC,gt_fragment_grouping_oracle,diagnostic_oracle,3,2,1,0,1,1,1.0,1.0,1.0,1.0,1.0,0.0,0.0,exact_k,success,1
m04_p01_s14,m04_p01,2,PREDICTED_SEMANTIC,nearest_component_k_normalizer,k_normalizer,3,2,1,0,1,1,1.0,0.23513216064026474,0.0,0.0,0.0,0.0,0.0,exact_k,insufficient_semantic_foreground,1
m04_p01_s14,m04_p01,2,PREDICTED_SEMANTIC,area_aware_k_normalizer,k_normalizer,3,2,1,0,1,1,1.0,0.23513216064026474,0.0,0.0,0.0,0.0,0.0,exact_k,insufficient_semantic_foreground,1
m04_p01_s14,m04_p01,2,PREDICTED_SEMANTIC,centroid_distance_k_normalizer,k_normalizer,3,2,1,0,1,1,1.0,0.23513216064026474,0.0,0.0,0.0,0.0,0.0,exact_k,insufficient_semantic_foreground,1
m04_p01_s14,m04_p01,2,PREDICTED_SEMANTIC,hybrid_k_normalization,k_normalizer,3,2,1,0,1,1,1.0,0.23513216064026474,0.0,0.0,0.0,0.0,0.0,exact_k,insufficient_semantic_foreground,1
m04_p01_s14,m04_p01,2,PREDICTED_SEMANTIC,gt_fragment_grouping_oracle,diagnostic_oracle,3,2,1,0,1,1,1.0,0.23513216064026474,0.0,0.0,0.0,0.0,0.0,exact_k,insufficient_semantic_foreground,1
m04_p01_s15,m04_p01,2,GT_SEMANTIC,nearest_component_k_normalizer,k_normalizer,2,2,0,0,0,1,1.0,1.0,1.0,1.0,1.0,0.0,0.0,natural_components_match_k,success,0
m04_p01_s15,m04_p01,2,GT_SEMANTIC,area_aware_k_normalizer,k_normalizer,2,2,0,0,0,1,1.0,1.0,1.0,1.0,1.0,0.0,0.0,natural_components_match_k,success,0
m04_p01_s15,m04_p01,2,GT_SEMANTIC,centroid_distance_k_normalizer,k_normalizer,2,2,0,0,0,1,1.0,1.0,1.0,1.0,1.0,0.0,0.0,natural_components_match_k,success,0
m04_p01_s15,m04_p01,2,GT_SEMANTIC,hybrid_k_normalization,k_normalizer,2,2,0,0,0,1,1.0,1.0,1.0,1.0,1.0,0.0,0.0,natural_components_match_k,success,0
m04_p01_s15,m04_p01,2,GT_SEMANTIC,gt_fragment_grouping_oracle,diagnostic_oracle,2,2,0,0,0,1,1.0,1.0,1.0,1.0,1.0,0.0,0.0,exact_k,success,0
m04_p01_s15,m04_p01,2,PREDICTED_SEMANTIC,nearest_component_k_normalizer,k_normalizer,6,2,4,0,4,1,1.0,0.320350799816797,0.0,0.0,0.0,0.0,0.0,exact_k,ambiguous_geometry,0
m04_p01_s15,m04_p01,2,PREDICTED_SEMANTIC,area_aware_k_normalizer,k_normalizer,6,2,4,0,4,1,1.0,0.320350799816797,0.0,0.0,0.0,0.0,0.0,exact_k,ambiguous_geometry,0
m04_p01_s15,m04_p01,2,PREDICTED_SEMANTIC,centroid_distance_k_normalizer,k_normalizer,6,2,4,0,4,1,1.0,0.8782645490231433,1.0,1.0,1.0,0.0,0.0,exact_k,success,0
m04_p01_s15,m04_p01,2,PREDICTED_SEMANTIC,hybrid_k_normalization,k_normalizer,6,2,4,0,4,1,1.0,0.320350799816797,0.0,0.0,0.0,0.0,0.0,exact_k,ambiguous_geometry,0
m04_p01_s15,m04_p01,2,PREDICTED_SEMANTIC,gt_fragment_grouping_oracle,diagnostic_oracle,6,2,4,0,4,1,1.0,0.8838608418162068,1.0,1.0,1.0,0.0,0.0,exact_k,success,0
m04_p01_s16,m04_p01,3,GT_SEMANTIC,nearest_component_k_normalizer,k_normalizer,3,3,0,0,0,1,1.0,1.0,1.0,1.0,1.0,0.0,0.0,natural_components_match_k,success,0
m04_p01_s16,m04_p01,3,GT_SEMANTIC,area_aware_k_normalizer,k_normalizer,3,3,0,0,0,1,1.0,1.0,1.0,1.0,1.0,0.0,0.0,natural_components_match_k,success,0
m04_p01_s16,m04_p01,3,GT_SEMANTIC,centroid_distance_k_normalizer,k_normalizer,3,3,0,0,0,1,1.0,1.0,1.0,1.0,1.0,0.0,0.0,natural_components_match_k,success,0
m04_p01_s16,m04_p01,3,GT_SEMANTIC,hybrid_k_normalization,k_normalizer,3,3,0,0,0,1,1.0,1.0,1.0,1.0,1.0,0.0,0.0,natural_components_match_k,success,0
m04_p01_s16,m04_p01,3,GT_SEMANTIC,gt_fragment_grouping_oracle,diagnostic_oracle,3,3,0,0,0,1,1.0,1.0,1.0,1.0,1.0,0.0,0.0,exact_k,success,0
m04_p01_s16,m04_p01,3,PREDICTED_SEMANTIC,nearest_component_k_normalizer,k_normalizer,4,3,1,0,1,1,1.0,0.5246311217600682,0.0,0.0,0.0,0.0,0.0,exact_k,insufficient_semantic_foreground,0
m04_p01_s16,m04_p01,3,PREDICTED_SEMANTIC,area_aware_k_normalizer,k_normalizer,4,3,1,0,1,1,1.0,0.5246311217600682,0.0,0.0,0.0,0.0,0.0,exact_k,insufficient_semantic_foreground,0
m04_p01_s16,m04_p01,3,PREDICTED_SEMANTIC,centroid_distance_k_normalizer,k_normalizer,4,3,1,0,1,1,1.0,0.5246311217600682,0.0,0.0,0.0,0.0,0.0,exact_k,insufficient_semantic_foreground,0
m04_p01_s16,m04_p01,3,PREDICTED_SEMANTIC,hybrid_k_normalization,k_normalizer,4,3,1,0,1,1,1.0,0.5246311217600682,0.0,0.0,0.0,0.0,0.0,exact_k,insufficient_semantic_foreground,0
m04_p01_s16,m04_p01,3,PREDICTED_SEMANTIC,gt_fragment_grouping_oracle,diagnostic_oracle,4,2,2,0,2,0,0.0,0.5230736096925593,0.0,0.0,0.0,1.0,0.0,missing_gt_overlap_for_some_leaflets,insufficient_semantic_foreground,0
m04_p01_s17,m04_p01,3,GT_SEMANTIC,nearest_component_k_normalizer,k_normalizer,5,3,2,0,2,1,1.0,0.40345163878613793,0.0,0.0,0.0,0.0,0.0,exact_k,other,1
m04_p01_s17,m04_p01,3,GT_SEMANTIC,area_aware_k_normalizer,k_normalizer,5,3,2,0,2,1,1.0,0.40345163878613793,0.0,0.0,0.0,0.0,0.0,exact_k,other,1
m04_p01_s17,m04_p01,3,GT_SEMANTIC,centroid_distance_k_normalizer,k_normalizer,5,3,2,0,2,1,1.0,1.0,1.0,1.0,1.0,0.0,0.0,exact_k,success,1
m04_p01_s17,m04_p01,3,GT_SEMANTIC,hybrid_k_normalization,k_normalizer,5,3,2,0,2,1,1.0,0.40345163878613793,0.0,0.0,0.0,0.0,0.0,exact_k,other,1
m04_p01_s17,m04_p01,3,GT_SEMANTIC,gt_fragment_grouping_oracle,diagnostic_oracle,5,3,2,0,2,1,1.0,1.0,1.0,1.0,1.0,0.0,0.0,exact_k,success,1
m04_p01_s17,m04_p01,3,PREDICTED_SEMANTIC,nearest_component_k_normalizer,k_normalizer,7,3,4,0,4,1,1.0,0.34790453614748545,0.0,0.0,0.0,0.0,0.0,exact_k,insufficient_semantic_foreground,1
m04_p01_s17,m04_p01,3,PREDICTED_SEMANTIC,area_aware_k_normalizer,k_normalizer,7,3,4,0,4,1,1.0,0.34790453614748545,0.0,0.0,0.0,0.0,0.0,exact_k,insufficient_semantic_foreground,1
m04_p01_s17,m04_p01,3,PREDICTED_SEMANTIC,centroid_distance_k_normalizer,k_normalizer,7,3,4,0,4,1,1.0,0.8247581100906545,1.0,1.0,0.0,0.0,0.0,exact_k,success,1
m04_p01_s17,m04_p01,3,PREDICTED_SEMANTIC,hybrid_k_normalization,k_normalizer,7,3,4,0,4,1,1.0,0.6847390956146385,0.0,0.0,0.0,0.0,0.0,exact_k,insufficient_semantic_foreground,1
m04_p01_s17,m04_p01,3,PREDICTED_SEMANTIC,gt_fragment_grouping_oracle,diagnostic_oracle,7,3,4,0,4,1,1.0,0.8247581100906545,1.0,1.0,0.0,0.0,0.0,exact_k,success,1
m04_p01_s18,m04_p01,3,GT_SEMANTIC,nearest_component_k_normalizer,k_normalizer,3,3,0,0,0,1,1.0,1.0,1.0,1.0,1.0,0.0,0.0,natural_components_match_k,success,0
m04_p01_s18,m04_p01,3,GT_SEMANTIC,area_aware_k_normalizer,k_normalizer,3,3,0,0,0,1,1.0,1.0,1.0,1.0,1.0,0.0,0.0,natural_components_match_k,success,0
m04_p01_s18,m04_p01,3,GT_SEMANTIC,centroid_distance_k_normalizer,k_normalizer,3,3,0,0,0,1,1.0,1.0,1.0,1.0,1.0,0.0,0.0,natural_components_match_k,success,0
m04_p01_s18,m04_p01,3,GT_SEMANTIC,hybrid_k_normalization,k_normalizer,3,3,0,0,0,1,1.0,1.0,1.0,1.0,1.0,0.0,0.0,natural_components_match_k,success,0
m04_p01_s18,m04_p01,3,GT_SEMANTIC,gt_fragment_grouping_oracle,diagnostic_oracle,3,3,0,0,0,1,1.0,1.0,1.0,1.0,1.0,0.0,0.0,exact_k,success,0
m04_p01_s18,m04_p01,3,PREDICTED_SEMANTIC,nearest_component_k_normalizer,k_normalizer,4,3,1,0,1,1,1.0,0.39020210266615357,0.0,0.0,0.0,0.0,0.0,exact_k,insufficient_semantic_foreground,0
m04_p01_s18,m04_p01,3,PREDICTED_SEMANTIC,area_aware_k_normalizer,k_normalizer,4,3,1,0,1,1,1.0,0.7022651449124885,1.0,0.0,0.0,0.0,0.0,exact_k,success,0
m04_p01_s18,m04_p01,3,PREDICTED_SEMANTIC,centroid_distance_k_normalizer,k_normalizer,4,3,1,0,1,1,1.0,0.7770007188549979,1.0,1.0,0.0,0.0,0.0,exact_k,success,0
m04_p01_s18,m04_p01,3,PREDICTED_SEMANTIC,hybrid_k_normalization,k_normalizer,4,3,1,0,1,1,1.0,0.7022651449124885,1.0,0.0,0.0,0.0,0.0,exact_k,success,0
m04_p01_s18,m04_p01,3,PREDICTED_SEMANTIC,gt_fragment_grouping_oracle,diagnostic_oracle,4,3,1,0,1,1,1.0,0.7770007188549979,1.0,1.0,0.0,0.0,0.0,exact_k,success,0
m04_p01_s19,m04_p01,2,GT_SEMANTIC,nearest_component_k_normalizer,k_normalizer,3,2,1,0,1,1,1.0,1.0,1.0,1.0,1.0,0.0,0.0,exact_k,success,1
m04_p01_s19,m04_p01,2,GT_SEMANTIC,area_aware_k_normalizer,k_normalizer,3,2,1,0,1,1,1.0,1.0,1.0,1.0,1.0,0.0,0.0,exact_k,success,1
m04_p01_s19,m04_p01,2,GT_SEMANTIC,centroid_distance_k_normalizer,k_normalizer,3,2,1,0,1,1,1.0,1.0,1.0,1.0,1.0,0.0,0.0,exact_k,success,1
m04_p01_s19,m04_p01,2,GT_SEMANTIC,hybrid_k_normalization,k_normalizer,3,2,1,0,1,1,1.0,1.0,1.0,1.0,1.0,0.0,0.0,exact_k,success,1
m04_p01_s19,m04_p01,2,GT_SEMANTIC,gt_fragment_grouping_oracle,diagnostic_oracle,3,2,1,0,1,1,1.0,1.0,1.0,1.0,1.0,0.0,0.0,exact_k,success,1
m04_p01_s19,m04_p01,2,PREDICTED_SEMANTIC,nearest_component_k_normalizer,k_normalizer,5,2,3,0,3,1,1.0,0.6507122842969084,1.0,0.0,0.0,0.0,0.0,exact_k,success,1
m04_p01_s19,m04_p01,2,PREDICTED_SEMANTIC,area_aware_k_normalizer,k_normalizer,5,2,3,0,3,1,1.0,0.6507122842969084,1.0,0.0,0.0,0.0,0.0,exact_k,success,1
m04_p01_s19,m04_p01,2,PREDICTED_SEMANTIC,centroid_distance_k_normalizer,k_normalizer,5,2,3,0,3,1,1.0,0.6487259084296161,1.0,0.0,0.0,0.0,0.0,exact_k,success,1
m04_p01_s19,m04_p01,2,PREDICTED_SEMANTIC,hybrid_k_normalization,k_normalizer,5,2,3,0,3,1,1.0,0.6507122842969084,1.0,0.0,0.0,0.0,0.0,exact_k,success,1
m04_p01_s19,m04_p01,2,PREDICTED_SEMANTIC,gt_fragment_grouping_oracle,diagnostic_oracle,5,2,3,0,3,1,1.0,0.6507699282050541,1.0,0.0,0.0,0.0,0.0,exact_k,success,1
m04_p01_s20,m04_p01,3,GT_SEMANTIC,nearest_component_k_normalizer,k_normalizer,3,3,0,0,0,1,1.0,1.0,1.0,1.0,1.0,0.0,0.0,natural_components_match_k,success,0
m04_p01_s20,m04_p01,3,GT_SEMANTIC,area_aware_k_normalizer,k_normalizer,3,3,0,0,0,1,1.0,1.0,1.0,1.0,1.0,0.0,0.0,natural_components_match_k,success,0
m04_p01_s20,m04_p01,3,GT_SEMANTIC,centroid_distance_k_normalizer,k_normalizer,3,3,0,0,0,1,1.0,1.0,1.0,1.0,1.0,0.0,0.0,natural_components_match_k,success,0
m04_p01_s20,m04_p01,3,GT_SEMANTIC,hybrid_k_normalization,k_normalizer,3,3,0,0,0,1,1.0,1.0,1.0,1.0,1.0,0.0,0.0,natural_components_match_k,success,0
m04_p01_s20,m04_p01,3,GT_SEMANTIC,gt_fragment_grouping_oracle,diagnostic_oracle,3,3,0,0,0,1,1.0,1.0,1.0,1.0,1.0,0.0,0.0,exact_k,success,0
m04_p01_s20,m04_p01,3,PREDICTED_SEMANTIC,nearest_component_k_normalizer,k_normalizer,5,3,2,0,2,1,1.0,0.4324804364008825,0.0,0.0,0.0,0.0,0.0,exact_k,insufficient_semantic_foreground,0
m04_p01_s20,m04_p01,3,PREDICTED_SEMANTIC,area_aware_k_normalizer,k_normalizer,5,3,2,0,2,1,1.0,0.4324804364008825,0.0,0.0,0.0,0.0,0.0,exact_k,insufficient_semantic_foreground,0
m04_p01_s20,m04_p01,3,PREDICTED_SEMANTIC,centroid_distance_k_normalizer,k_normalizer,5,3,2,0,2,1,1.0,0.43259851245679437,0.0,0.0,0.0,0.0,0.0,exact_k,insufficient_semantic_foreground,0
m04_p01_s20,m04_p01,3,PREDICTED_SEMANTIC,hybrid_k_normalization,k_normalizer,5,3,2,0,2,1,1.0,0.4324804364008825,0.0,0.0,0.0,0.0,0.0,exact_k,insufficient_semantic_foreground,0
m04_p01_s20,m04_p01,3,PREDICTED_SEMANTIC,gt_fragment_grouping_oracle,diagnostic_oracle,5,2,3,0,3,0,0.0,0.4222677577591834,0.0,0.0,0.0,1.0,0.0,missing_gt_overlap_for_some_leaflets,insufficient_semantic_foreground,0
m04_p01_s22,m04_p01,3,GT_SEMANTIC,nearest_component_k_normalizer,k_normalizer,3,3,0,0,0,1,1.0,1.0,1.0,1.0,1.0,0.0,0.0,natural_components_match_k,success,0
m04_p01_s22,m04_p01,3,GT_SEMANTIC,area_aware_k_normalizer,k_normalizer,3,3,0,0,0,1,1.0,1.0,1.0,1.0,1.0,0.0,0.0,natural_components_match_k,success,0
m04_p01_s22,m04_p01,3,GT_SEMANTIC,centroid_distance_k_normalizer,k_normalizer,3,3,0,0,0,1,1.0,1.0,1.0,1.0,1.0,0.0,0.0,natural_components_match_k,success,0
m04_p01_s22,m04_p01,3,GT_SEMANTIC,hybrid_k_normalization,k_normalizer,3,3,0,0,0,1,1.0,1.0,1.0,1.0,1.0,0.0,0.0,natural_components_match_k,success,0
m04_p01_s22,m04_p01,3,GT_SEMANTIC,gt_fragment_grouping_oracle,diagnostic_oracle,3,3,0,0,0,1,1.0,1.0,1.0,1.0,1.0,0.0,0.0,exact_k,success,0
m04_p01_s22,m04_p01,3,PREDICTED_SEMANTIC,nearest_component_k_normalizer,k_normalizer,3,3,0,0,0,1,1.0,0.3901284592761027,0.0,0.0,0.0,0.0,0.0,natural_components_match_k,ambiguous_geometry,0
m04_p01_s22,m04_p01,3,PREDICTED_SEMANTIC,area_aware_k_normalizer,k_normalizer,3,3,0,0,0,1,1.0,0.3901284592761027,0.0,0.0,0.0,0.0,0.0,natural_components_match_k,ambiguous_geometry,0
m04_p01_s22,m04_p01,3,PREDICTED_SEMANTIC,centroid_distance_k_normalizer,k_normalizer,3,3,0,0,0,1,1.0,0.3901284592761027,0.0,0.0,0.0,0.0,0.0,natural_components_match_k,ambiguous_geometry,0
m04_p01_s22,m04_p01,3,PREDICTED_SEMANTIC,hybrid_k_normalization,k_normalizer,3,3,0,0,0,1,1.0,0.3901284592761027,0.0,0.0,0.0,0.0,0.0,natural_components_match_k,ambiguous_geometry,0
m04_p01_s22,m04_p01,3,PREDICTED_SEMANTIC,gt_fragment_grouping_oracle,diagnostic_oracle,3,2,1,0,1,0,0.0,0.41457158080687373,0.0,0.0,0.0,1.0,0.0,missing_gt_overlap_for_some_leaflets,other,0
m04_p01_s23,m04_p01,3,GT_SEMANTIC,nearest_component_k_normalizer,k_normalizer,3,3,0,0,0,1,1.0,1.0,1.0,1.0,1.0,0.0,0.0,natural_components_match_k,success,0
m04_p01_s23,m04_p01,3,GT_SEMANTIC,area_aware_k_normalizer,k_normalizer,3,3,0,0,0,1,1.0,1.0,1.0,1.0,1.0,0.0,0.0,natural_components_match_k,success,0
m04_p01_s23,m04_p01,3,GT_SEMANTIC,centroid_distance_k_normalizer,k_normalizer,3,3,0,0,0,1,1.0,1.0,1.0,1.0,1.0,0.0,0.0,natural_components_match_k,success,0
m04_p01_s23,m04_p01,3,GT_SEMANTIC,hybrid_k_normalization,k_normalizer,3,3,0,0,0,1,1.0,1.0,1.0,1.0,1.0,0.0,0.0,natural_components_match_k,success,0
m04_p01_s23,m04_p01,3,GT_SEMANTIC,gt_fragment_grouping_oracle,diagnostic_oracle,3,3,0,0,0,1,1.0,1.0,1.0,1.0,1.0,0.0,0.0,exact_k,success,0
m04_p01_s23,m04_p01,3,PREDICTED_SEMANTIC,nearest_component_k_normalizer,k_normalizer,4,3,1,0,1,1,1.0,0.532013613455328,0.0,0.0,0.0,0.0,0.0,exact_k,insufficient_semantic_foreground,0
m04_p01_s23,m04_p01,3,PREDICTED_SEMANTIC,area_aware_k_normalizer,k_normalizer,4,3,1,0,1,1,1.0,0.532013613455328,0.0,0.0,0.0,0.0,0.0,exact_k,insufficient_semantic_foreground,0
m04_p01_s23,m04_p01,3,PREDICTED_SEMANTIC,centroid_distance_k_normalizer,k_normalizer,4,3,1,0,1,1,1.0,0.532013613455328,0.0,0.0,0.0,0.0,0.0,exact_k,insufficient_semantic_foreground,0
m04_p01_s23,m04_p01,3,PREDICTED_SEMANTIC,hybrid_k_normalization,k_normalizer,4,3,1,0,1,1,1.0,0.532013613455328,0.0,0.0,0.0,0.0,0.0,exact_k,insufficient_semantic_foreground,0
m04_p01_s23,m04_p01,3,PREDICTED_SEMANTIC,gt_fragment_grouping_oracle,diagnostic_oracle,4,2,2,0,2,0,0.0,0.5305964532229579,0.0,0.0,0.0,1.0,0.0,missing_gt_overlap_for_some_leaflets,insufficient_semantic_foreground,0
m04_p01_s24,m04_p01,2,GT_SEMANTIC,nearest_component_k_normalizer,k_normalizer,4,2,2,0,2,1,1.0,1.0,1.0,1.0,1.0,0.0,0.0,exact_k,success,1
m04_p01_s24,m04_p01,2,GT_SEMANTIC,area_aware_k_normalizer,k_normalizer,4,2,2,0,2,1,1.0,1.0,1.0,1.0,1.0,0.0,0.0,exact_k,success,1
m04_p01_s24,m04_p01,2,GT_SEMANTIC,centroid_distance_k_normalizer,k_normalizer,4,2,2,0,2,1,1.0,1.0,1.0,1.0,1.0,0.0,0.0,exact_k,success,1
m04_p01_s24,m04_p01,2,GT_SEMANTIC,hybrid_k_normalization,k_normalizer,4,2,2,0,2,1,1.0,1.0,1.0,1.0,1.0,0.0,0.0,exact_k,success,1
m04_p01_s24,m04_p01,2,GT_SEMANTIC,gt_fragment_grouping_oracle,diagnostic_oracle,4,2,2,0,2,1,1.0,1.0,1.0,1.0,1.0,0.0,0.0,exact_k,success,1
m04_p01_s24,m04_p01,2,PREDICTED_SEMANTIC,nearest_component_k_normalizer,k_normalizer,2,2,0,0,0,1,1.0,0.6114916336561519,0.0,0.0,0.0,0.0,0.0,natural_components_match_k,other,1
m04_p01_s24,m04_p01,2,PREDICTED_SEMANTIC,area_aware_k_normalizer,k_normalizer,2,2,0,0,0,1,1.0,0.6114916336561519,0.0,0.0,0.0,0.0,0.0,natural_components_match_k,other,1
m04_p01_s24,m04_p01,2,PREDICTED_SEMANTIC,centroid_distance_k_normalizer,k_normalizer,2,2,0,0,0,1,1.0,0.6114916336561519,0.0,0.0,0.0,0.0,0.0,natural_components_match_k,other,1
m04_p01_s24,m04_p01,2,PREDICTED_SEMANTIC,hybrid_k_normalization,k_normalizer,2,2,0,0,0,1,1.0,0.6114916336561519,0.0,0.0,0.0,0.0,0.0,natural_components_match_k,other,1
m04_p01_s24,m04_p01,2,PREDICTED_SEMANTIC,gt_fragment_grouping_oracle,diagnostic_oracle,2,2,0,0,0,1,1.0,0.6114916336561519,0.0,0.0,0.0,0.0,0.0,exact_k,other,1
m04_p01_s25,m04_p01,3,GT_SEMANTIC,nearest_component_k_normalizer,k_normalizer,4,3,1,0,1,1,1.0,0.8037905242282527,1.0,0.0,0.0,0.0,0.0,exact_k,success,1
m04_p01_s25,m04_p01,3,GT_SEMANTIC,area_aware_k_normalizer,k_normalizer,4,3,1,0,1,1,1.0,0.8037905242282527,1.0,0.0,0.0,0.0,0.0,exact_k,success,1
m04_p01_s25,m04_p01,3,GT_SEMANTIC,centroid_distance_k_normalizer,k_normalizer,4,3,1,0,1,1,1.0,1.0,1.0,1.0,1.0,0.0,0.0,exact_k,success,1
m04_p01_s25,m04_p01,3,GT_SEMANTIC,hybrid_k_normalization,k_normalizer,4,3,1,0,1,1,1.0,0.507240065092261,0.0,0.0,0.0,0.0,0.0,exact_k,other,1
m04_p01_s25,m04_p01,3,GT_SEMANTIC,gt_fragment_grouping_oracle,diagnostic_oracle,4,3,1,0,1,1,1.0,1.0,1.0,1.0,1.0,0.0,0.0,exact_k,success,1
m04_p01_s25,m04_p01,3,PREDICTED_SEMANTIC,nearest_component_k_normalizer,k_normalizer,7,3,4,0,4,1,1.0,0.5955124336236534,0.0,0.0,0.0,0.0,0.0,exact_k,insufficient_semantic_foreground,1
m04_p01_s25,m04_p01,3,PREDICTED_SEMANTIC,area_aware_k_normalizer,k_normalizer,7,3,4,0,4,1,1.0,0.4194008212253559,0.0,0.0,0.0,0.0,0.0,exact_k,insufficient_semantic_foreground,1
m04_p01_s25,m04_p01,3,PREDICTED_SEMANTIC,centroid_distance_k_normalizer,k_normalizer,7,3,4,0,4,1,1.0,0.7113207948671314,1.0,0.0,0.0,0.0,0.0,exact_k,success,1
m04_p01_s25,m04_p01,3,PREDICTED_SEMANTIC,hybrid_k_normalization,k_normalizer,7,3,4,0,4,1,1.0,0.5955124336236534,0.0,0.0,0.0,0.0,0.0,exact_k,insufficient_semantic_foreground,1
m04_p01_s25,m04_p01,3,PREDICTED_SEMANTIC,gt_fragment_grouping_oracle,diagnostic_oracle,7,3,4,0,4,1,1.0,0.7403298069194757,1.0,0.0,0.0,0.0,0.0,exact_k,success,1
m04_p01_s26,m04_p01,3,GT_SEMANTIC,nearest_component_k_normalizer,k_normalizer,5,3,2,0,2,1,1.0,0.4127185872266111,0.0,0.0,0.0,0.0,0.0,exact_k,other,1
m04_p01_s26,m04_p01,3,GT_SEMANTIC,area_aware_k_normalizer,k_normalizer,5,3,2,0,2,1,1.0,0.4127185872266111,0.0,0.0,0.0,0.0,0.0,exact_k,other,1
m04_p01_s26,m04_p01,3,GT_SEMANTIC,centroid_distance_k_normalizer,k_normalizer,5,3,2,0,2,1,1.0,1.0,1.0,1.0,1.0,0.0,0.0,exact_k,success,1
m04_p01_s26,m04_p01,3,GT_SEMANTIC,hybrid_k_normalization,k_normalizer,5,3,2,0,2,1,1.0,0.8058221366295202,1.0,0.0,0.0,0.0,0.0,exact_k,success,1
m04_p01_s26,m04_p01,3,GT_SEMANTIC,gt_fragment_grouping_oracle,diagnostic_oracle,5,3,2,0,2,1,1.0,1.0,1.0,1.0,1.0,0.0,0.0,exact_k,success,1
m04_p01_s26,m04_p01,3,PREDICTED_SEMANTIC,nearest_component_k_normalizer,k_normalizer,5,3,2,0,2,1,1.0,0.36799150387982466,0.0,0.0,0.0,0.0,0.0,exact_k,insufficient_semantic_foreground,1
m04_p01_s26,m04_p01,3,PREDICTED_SEMANTIC,area_aware_k_normalizer,k_normalizer,5,3,2,0,2,1,1.0,0.36799150387982466,0.0,0.0,0.0,0.0,0.0,exact_k,insufficient_semantic_foreground,1
m04_p01_s26,m04_p01,3,PREDICTED_SEMANTIC,centroid_distance_k_normalizer,k_normalizer,5,3,2,0,2,1,1.0,0.8589303401613572,1.0,1.0,1.0,0.0,0.0,exact_k,success,1
m04_p01_s26,m04_p01,3,PREDICTED_SEMANTIC,hybrid_k_normalization,k_normalizer,5,3,2,0,2,1,1.0,0.7068626899380241,0.0,0.0,0.0,0.0,0.0,exact_k,insufficient_semantic_foreground,1
m04_p01_s26,m04_p01,3,PREDICTED_SEMANTIC,gt_fragment_grouping_oracle,diagnostic_oracle,5,3,2,0,2,1,1.0,0.8594366625867741,1.0,1.0,1.0,0.0,0.0,exact_k,success,1
m04_p01_s27,m04_p01,3,GT_SEMANTIC,nearest_component_k_normalizer,k_normalizer,3,3,0,0,0,1,1.0,1.0,1.0,1.0,1.0,0.0,0.0,natural_components_match_k,success,0
m04_p01_s27,m04_p01,3,GT_SEMANTIC,area_aware_k_normalizer,k_normalizer,3,3,0,0,0,1,1.0,1.0,1.0,1.0,1.0,0.0,0.0,natural_components_match_k,success,0
m04_p01_s27,m04_p01,3,GT_SEMANTIC,centroid_distance_k_normalizer,k_normalizer,3,3,0,0,0,1,1.0,1.0,1.0,1.0,1.0,0.0,0.0,natural_components_match_k,success,0
m04_p01_s27,m04_p01,3,GT_SEMANTIC,hybrid_k_normalization,k_normalizer,3,3,0,0,0,1,1.0,1.0,1.0,1.0,1.0,0.0,0.0,natural_components_match_k,success,0
m04_p01_s27,m04_p01,3,GT_SEMANTIC,gt_fragment_grouping_oracle,diagnostic_oracle,3,3,0,0,0,1,1.0,1.0,1.0,1.0,1.0,0.0,0.0,exact_k,success,0
m04_p01_s27,m04_p01,3,PREDICTED_SEMANTIC,nearest_component_k_normalizer,k_normalizer,5,3,2,0,2,1,1.0,0.4208036440335734,0.0,0.0,0.0,0.0,0.0,exact_k,insufficient_semantic_foreground,0
m04_p01_s27,m04_p01,3,PREDICTED_SEMANTIC,area_aware_k_normalizer,k_normalizer,5,3,2,0,2,1,1.0,0.4208036440335734,0.0,0.0,0.0,0.0,0.0,exact_k,insufficient_semantic_foreground,0
m04_p01_s27,m04_p01,3,PREDICTED_SEMANTIC,centroid_distance_k_normalizer,k_normalizer,5,3,2,0,2,1,1.0,0.4208036440335734,0.0,0.0,0.0,0.0,0.0,exact_k,insufficient_semantic_foreground,0
m04_p01_s27,m04_p01,3,PREDICTED_SEMANTIC,hybrid_k_normalization,k_normalizer,5,3,2,0,2,1,1.0,0.4208036440335734,0.0,0.0,0.0,0.0,0.0,exact_k,insufficient_semantic_foreground,0
m04_p01_s27,m04_p01,3,PREDICTED_SEMANTIC,gt_fragment_grouping_oracle,diagnostic_oracle,5,2,3,0,3,0,0.0,0.3038472044208182,0.0,0.0,0.0,1.0,0.0,missing_gt_overlap_for_some_leaflets,insufficient_semantic_foreground,0
m04_p01_s28,m04_p01,2,GT_SEMANTIC,nearest_component_k_normalizer,k_normalizer,3,2,1,0,1,1,1.0,1.0,1.0,1.0,1.0,0.0,0.0,exact_k,success,1
m04_p01_s28,m04_p01,2,GT_SEMANTIC,area_aware_k_normalizer,k_normalizer,3,2,1,0,1,1,1.0,1.0,1.0,1.0,1.0,0.0,0.0,exact_k,success,1
m04_p01_s28,m04_p01,2,GT_SEMANTIC,centroid_distance_k_normalizer,k_normalizer,3,2,1,0,1,1,1.0,1.0,1.0,1.0,1.0,0.0,0.0,exact_k,success,1
m04_p01_s28,m04_p01,2,GT_SEMANTIC,hybrid_k_normalization,k_normalizer,3,2,1,0,1,1,1.0,1.0,1.0,1.0,1.0,0.0,0.0,exact_k,success,1
m04_p01_s28,m04_p01,2,GT_SEMANTIC,gt_fragment_grouping_oracle,diagnostic_oracle,3,2,1,0,1,1,1.0,1.0,1.0,1.0,1.0,0.0,0.0,exact_k,success,1
m04_p01_s28,m04_p01,2,PREDICTED_SEMANTIC,nearest_component_k_normalizer,k_normalizer,7,2,5,0,5,1,1.0,0.7205916630562761,1.0,0.0,0.0,0.0,0.0,exact_k,success,1
m04_p01_s28,m04_p01,2,PREDICTED_SEMANTIC,area_aware_k_normalizer,k_normalizer,7,2,5,0,5,1,1.0,0.7205916630562761,1.0,0.0,0.0,0.0,0.0,exact_k,success,1
m04_p01_s28,m04_p01,2,PREDICTED_SEMANTIC,centroid_distance_k_normalizer,k_normalizer,7,2,5,0,5,1,1.0,0.7164120302186117,1.0,0.0,0.0,0.0,0.0,exact_k,success,1
m04_p01_s28,m04_p01,2,PREDICTED_SEMANTIC,hybrid_k_normalization,k_normalizer,7,2,5,0,5,1,1.0,0.7205916630562761,1.0,0.0,0.0,0.0,0.0,exact_k,success,1
m04_p01_s28,m04_p01,2,PREDICTED_SEMANTIC,gt_fragment_grouping_oracle,diagnostic_oracle,7,2,5,0,5,1,1.0,0.7205916630562761,1.0,0.0,0.0,0.0,0.0,exact_k,success,1
m04_p01_s29,m04_p01,2,GT_SEMANTIC,nearest_component_k_normalizer,k_normalizer,2,2,0,0,0,1,1.0,1.0,1.0,1.0,1.0,0.0,0.0,natural_components_match_k,success,0
m04_p01_s29,m04_p01,2,GT_SEMANTIC,area_aware_k_normalizer,k_normalizer,2,2,0,0,0,1,1.0,1.0,1.0,1.0,1.0,0.0,0.0,natural_components_match_k,success,0
m04_p01_s29,m04_p01,2,GT_SEMANTIC,centroid_distance_k_normalizer,k_normalizer,2,2,0,0,0,1,1.0,1.0,1.0,1.0,1.0,0.0,0.0,natural_components_match_k,success,0
m04_p01_s29,m04_p01,2,GT_SEMANTIC,hybrid_k_normalization,k_normalizer,2,2,0,0,0,1,1.0,1.0,1.0,1.0,1.0,0.0,0.0,natural_components_match_k,success,0
m04_p01_s29,m04_p01,2,GT_SEMANTIC,gt_fragment_grouping_oracle,diagnostic_oracle,2,2,0,0,0,1,1.0,1.0,1.0,1.0,1.0,0.0,0.0,exact_k,success,0
m04_p01_s29,m04_p01,2,PREDICTED_SEMANTIC,nearest_component_k_normalizer,k_normalizer,2,2,0,0,0,1,1.0,0.25638725113218835,0.0,0.0,0.0,0.0,0.0,natural_components_match_k,ambiguous_geometry,0
m04_p01_s29,m04_p01,2,PREDICTED_SEMANTIC,area_aware_k_normalizer,k_normalizer,2,2,0,0,0,1,1.0,0.25638725113218835,0.0,0.0,0.0,0.0,0.0,natural_components_match_k,ambiguous_geometry,0
m04_p01_s29,m04_p01,2,PREDICTED_SEMANTIC,centroid_distance_k_normalizer,k_normalizer,2,2,0,0,0,1,1.0,0.25638725113218835,0.0,0.0,0.0,0.0,0.0,natural_components_match_k,ambiguous_geometry,0
m04_p01_s29,m04_p01,2,PREDICTED_SEMANTIC,hybrid_k_normalization,k_normalizer,2,2,0,0,0,1,1.0,0.25638725113218835,0.0,0.0,0.0,0.0,0.0,natural_components_match_k,ambiguous_geometry,0
m04_p01_s29,m04_p01,2,PREDICTED_SEMANTIC,gt_fragment_grouping_oracle,diagnostic_oracle,2,2,0,0,0,1,1.0,0.25638725113218835,0.0,0.0,0.0,0.0,0.0,exact_k,ambiguous_geometry,0
m04_p01_s30,m04_p01,2,GT_SEMANTIC,nearest_component_k_normalizer,k_normalizer,2,2,0,0,0,1,1.0,1.0,1.0,1.0,1.0,0.0,0.0,natural_components_match_k,success,0
m04_p01_s30,m04_p01,2,GT_SEMANTIC,area_aware_k_normalizer,k_normalizer,2,2,0,0,0,1,1.0,1.0,1.0,1.0,1.0,0.0,0.0,natural_components_match_k,success,0
m04_p01_s30,m04_p01,2,GT_SEMANTIC,centroid_distance_k_normalizer,k_normalizer,2,2,0,0,0,1,1.0,1.0,1.0,1.0,1.0,0.0,0.0,natural_components_match_k,success,0
m04_p01_s30,m04_p01,2,GT_SEMANTIC,hybrid_k_normalization,k_normalizer,2,2,0,0,0,1,1.0,1.0,1.0,1.0,1.0,0.0,0.0,natural_components_match_k,success,0
m04_p01_s30,m04_p01,2,GT_SEMANTIC,gt_fragment_grouping_oracle,diagnostic_oracle,2,2,0,0,0,1,1.0,1.0,1.0,1.0,1.0,0.0,0.0,exact_k,success,0
m04_p01_s30,m04_p01,2,PREDICTED_SEMANTIC,nearest_component_k_normalizer,k_normalizer,7,2,5,0,5,1,1.0,0.31916097768030843,0.0,0.0,0.0,0.0,0.0,exact_k,ambiguous_geometry,0
m04_p01_s30,m04_p01,2,PREDICTED_SEMANTIC,area_aware_k_normalizer,k_normalizer,7,2,5,0,5,1,1.0,0.31916097768030843,0.0,0.0,0.0,0.0,0.0,exact_k,ambiguous_geometry,0
m04_p01_s30,m04_p01,2,PREDICTED_SEMANTIC,centroid_distance_k_normalizer,k_normalizer,7,2,5,0,5,1,1.0,0.7349677667917327,1.0,0.0,0.0,0.0,0.0,exact_k,success,0
m04_p01_s30,m04_p01,2,PREDICTED_SEMANTIC,hybrid_k_normalization,k_normalizer,7,2,5,0,5,1,1.0,0.31916097768030843,0.0,0.0,0.0,0.0,0.0,exact_k,ambiguous_geometry,0
m04_p01_s30,m04_p01,2,PREDICTED_SEMANTIC,gt_fragment_grouping_oracle,diagnostic_oracle,7,2,5,0,5,1,1.0,0.7824364181097929,1.0,1.0,0.0,0.0,0.0,exact_k,success,0
m04_p01_s32,m04_p01,3,GT_SEMANTIC,nearest_component_k_normalizer,k_normalizer,3,3,0,0,0,1,1.0,1.0,1.0,1.0,1.0,0.0,0.0,natural_components_match_k,success,0
m04_p01_s32,m04_p01,3,GT_SEMANTIC,area_aware_k_normalizer,k_normalizer,3,3,0,0,0,1,1.0,1.0,1.0,1.0,1.0,0.0,0.0,natural_components_match_k,success,0
m04_p01_s32,m04_p01,3,GT_SEMANTIC,centroid_distance_k_normalizer,k_normalizer,3,3,0,0,0,1,1.0,1.0,1.0,1.0,1.0,0.0,0.0,natural_components_match_k,success,0
m04_p01_s32,m04_p01,3,GT_SEMANTIC,hybrid_k_normalization,k_normalizer,3,3,0,0,0,1,1.0,1.0,1.0,1.0,1.0,0.0,0.0,natural_components_match_k,success,0
m04_p01_s32,m04_p01,3,GT_SEMANTIC,gt_fragment_grouping_oracle,diagnostic_oracle,3,3,0,0,0,1,1.0,1.0,1.0,1.0,1.0,0.0,0.0,exact_k,success,0
m04_p01_s32,m04_p01,3,PREDICTED_SEMANTIC,nearest_component_k_normalizer,k_normalizer,6,3,3,0,3,1,1.0,0.5436834051223832,0.0,0.0,0.0,0.0,0.0,exact_k,insufficient_semantic_foreground,0
m04_p01_s32,m04_p01,3,PREDICTED_SEMANTIC,area_aware_k_normalizer,k_normalizer,6,3,3,0,3,1,1.0,0.5436834051223832,0.0,0.0,0.0,0.0,0.0,exact_k,insufficient_semantic_foreground,0
m04_p01_s32,m04_p01,3,PREDICTED_SEMANTIC,centroid_distance_k_normalizer,k_normalizer,6,3,3,0,3,1,1.0,0.8055782616408461,1.0,0.0,0.0,0.0,0.0,exact_k,success,0
m04_p01_s32,m04_p01,3,PREDICTED_SEMANTIC,hybrid_k_normalization,k_normalizer,6,3,3,0,3,1,1.0,0.5436834051223832,0.0,0.0,0.0,0.0,0.0,exact_k,insufficient_semantic_foreground,0
m04_p01_s32,m04_p01,3,PREDICTED_SEMANTIC,gt_fragment_grouping_oracle,diagnostic_oracle,6,3,3,0,3,1,1.0,0.8097960848600878,1.0,0.0,0.0,0.0,0.0,exact_k,success,0
m04_p01_s33,m04_p01,3,GT_SEMANTIC,nearest_component_k_normalizer,k_normalizer,5,3,2,0,2,1,1.0,0.7759196409886568,1.0,0.0,0.0,0.0,0.0,exact_k,success,1
m04_p01_s33,m04_p01,3,GT_SEMANTIC,area_aware_k_normalizer,k_normalizer,5,3,2,0,2,1,1.0,0.6742481023425739,1.0,0.0,0.0,0.0,0.0,exact_k,success,1
m04_p01_s33,m04_p01,3,GT_SEMANTIC,centroid_distance_k_normalizer,k_normalizer,5,3,2,0,2,1,1.0,1.0,1.0,1.0,1.0,0.0,0.0,exact_k,success,1
m04_p01_s33,m04_p01,3,GT_SEMANTIC,hybrid_k_normalization,k_normalizer,5,3,2,0,2,1,1.0,0.7759196409886568,1.0,0.0,0.0,0.0,0.0,exact_k,success,1
m04_p01_s33,m04_p01,3,GT_SEMANTIC,gt_fragment_grouping_oracle,diagnostic_oracle,5,3,2,0,2,1,1.0,1.0,1.0,1.0,1.0,0.0,0.0,exact_k,success,1
m04_p01_s33,m04_p01,3,PREDICTED_SEMANTIC,nearest_component_k_normalizer,k_normalizer,5,3,2,0,2,1,1.0,0.5083019551550978,0.0,0.0,0.0,0.0,0.0,exact_k,insufficient_semantic_foreground,1
m04_p01_s33,m04_p01,3,PREDICTED_SEMANTIC,area_aware_k_normalizer,k_normalizer,5,3,2,0,2,1,1.0,0.5083019551550978,0.0,0.0,0.0,0.0,0.0,exact_k,insufficient_semantic_foreground,1
m04_p01_s33,m04_p01,3,PREDICTED_SEMANTIC,centroid_distance_k_normalizer,k_normalizer,5,3,2,0,2,1,1.0,0.699957132465541,1.0,0.0,0.0,0.0,0.0,exact_k,success,1
m04_p01_s33,m04_p01,3,PREDICTED_SEMANTIC,hybrid_k_normalization,k_normalizer,5,3,2,0,2,1,1.0,0.397788494359907,0.0,0.0,0.0,0.0,0.0,exact_k,insufficient_semantic_foreground,1
m04_p01_s33,m04_p01,3,PREDICTED_SEMANTIC,gt_fragment_grouping_oracle,diagnostic_oracle,5,3,2,0,2,1,1.0,0.699957132465541,1.0,0.0,0.0,0.0,0.0,exact_k,success,1
m04_p01_s34,m04_p01,2,GT_SEMANTIC,nearest_component_k_normalizer,k_normalizer,4,2,2,0,2,1,1.0,1.0,1.0,1.0,1.0,0.0,0.0,exact_k,success,1
m04_p01_s34,m04_p01,2,GT_SEMANTIC,area_aware_k_normalizer,k_normalizer,4,2,2,0,2,1,1.0,0.674270263148936,1.0,0.0,0.0,0.0,0.0,exact_k,success,1
m04_p01_s34,m04_p01,2,GT_SEMANTIC,centroid_distance_k_normalizer,k_normalizer,4,2,2,0,2,1,1.0,1.0,1.0,1.0,1.0,0.0,0.0,exact_k,success,1
m04_p01_s34,m04_p01,2,GT_SEMANTIC,hybrid_k_normalization,k_normalizer,4,2,2,0,2,1,1.0,1.0,1.0,1.0,1.0,0.0,0.0,exact_k,success,1
m04_p01_s34,m04_p01,2,GT_SEMANTIC,gt_fragment_grouping_oracle,diagnostic_oracle,4,2,2,0,2,1,1.0,1.0,1.0,1.0,1.0,0.0,0.0,exact_k,success,1
m04_p01_s34,m04_p01,2,PREDICTED_SEMANTIC,nearest_component_k_normalizer,k_normalizer,6,2,4,0,4,1,1.0,0.4251462055056896,0.0,0.0,0.0,0.0,0.0,exact_k,insufficient_semantic_foreground,1
m04_p01_s34,m04_p01,2,PREDICTED_SEMANTIC,area_aware_k_normalizer,k_normalizer,6,2,4,0,4,1,1.0,0.4251462055056896,0.0,0.0,0.0,0.0,0.0,exact_k,insufficient_semantic_foreground,1
m04_p01_s34,m04_p01,2,PREDICTED_SEMANTIC,centroid_distance_k_normalizer,k_normalizer,6,2,4,0,4,1,1.0,0.5996059863876599,0.0,0.0,0.0,0.0,0.0,exact_k,insufficient_semantic_foreground,1
m04_p01_s34,m04_p01,2,PREDICTED_SEMANTIC,hybrid_k_normalization,k_normalizer,6,2,4,0,4,1,1.0,0.4785341771010119,0.0,0.0,0.0,0.0,0.0,exact_k,insufficient_semantic_foreground,1
m04_p01_s34,m04_p01,2,PREDICTED_SEMANTIC,gt_fragment_grouping_oracle,diagnostic_oracle,6,2,4,0,4,1,1.0,0.6233188489452295,1.0,0.0,0.0,0.0,0.0,exact_k,success,1
m04_p01_s35,m04_p01,3,GT_SEMANTIC,nearest_component_k_normalizer,k_normalizer,3,3,0,0,0,1,1.0,1.0,1.0,1.0,1.0,0.0,0.0,natural_components_match_k,success,0
m04_p01_s35,m04_p01,3,GT_SEMANTIC,area_aware_k_normalizer,k_normalizer,3,3,0,0,0,1,1.0,1.0,1.0,1.0,1.0,0.0,0.0,natural_components_match_k,success,0
m04_p01_s35,m04_p01,3,GT_SEMANTIC,centroid_distance_k_normalizer,k_normalizer,3,3,0,0,0,1,1.0,1.0,1.0,1.0,1.0,0.0,0.0,natural_components_match_k,success,0
m04_p01_s35,m04_p01,3,GT_SEMANTIC,hybrid_k_normalization,k_normalizer,3,3,0,0,0,1,1.0,1.0,1.0,1.0,1.0,0.0,0.0,natural_components_match_k,success,0
m04_p01_s35,m04_p01,3,GT_SEMANTIC,gt_fragment_grouping_oracle,diagnostic_oracle,3,3,0,0,0,1,1.0,1.0,1.0,1.0,1.0,0.0,0.0,exact_k,success,0
m04_p01_s35,m04_p01,3,PREDICTED_SEMANTIC,nearest_component_k_normalizer,k_normalizer,2,3,0,1,0,1,1.0,0.5022932412685703,0.0,0.0,0.0,0.0,0.0,exact_k,false_semantic_bridge_requiring_split,0
m04_p01_s35,m04_p01,3,PREDICTED_SEMANTIC,area_aware_k_normalizer,k_normalizer,2,3,0,1,0,1,1.0,0.5022932412685703,0.0,0.0,0.0,0.0,0.0,exact_k,false_semantic_bridge_requiring_split,0
m04_p01_s35,m04_p01,3,PREDICTED_SEMANTIC,centroid_distance_k_normalizer,k_normalizer,2,3,0,1,0,1,1.0,0.5022932412685703,0.0,0.0,0.0,0.0,0.0,exact_k,false_semantic_bridge_requiring_split,0
m04_p01_s35,m04_p01,3,PREDICTED_SEMANTIC,hybrid_k_normalization,k_normalizer,2,3,0,1,0,1,1.0,0.5022932412685703,0.0,0.0,0.0,0.0,0.0,exact_k,false_semantic_bridge_requiring_split,0
m04_p01_s35,m04_p01,3,PREDICTED_SEMANTIC,gt_fragment_grouping_oracle,diagnostic_oracle,2,2,0,0,0,0,0.0,0.29953849381162156,0.0,0.0,0.0,1.0,0.0,missing_gt_overlap_for_some_leaflets,false_semantic_bridge_requiring_split,0
m04_p01_s36,m04_p01,3,GT_SEMANTIC,nearest_component_k_normalizer,k_normalizer,4,3,1,0,1,1,1.0,1.0,1.0,1.0,1.0,0.0,0.0,exact_k,success,1
m04_p01_s36,m04_p01,3,GT_SEMANTIC,area_aware_k_normalizer,k_normalizer,4,3,1,0,1,1,1.0,1.0,1.0,1.0,1.0,0.0,0.0,exact_k,success,1
m04_p01_s36,m04_p01,3,GT_SEMANTIC,centroid_distance_k_normalizer,k_normalizer,4,3,1,0,1,1,1.0,0.8746915893847685,1.0,1.0,0.0,0.0,0.0,exact_k,success,1
m04_p01_s36,m04_p01,3,GT_SEMANTIC,hybrid_k_normalization,k_normalizer,4,3,1,0,1,1,1.0,1.0,1.0,1.0,1.0,0.0,0.0,exact_k,success,1
m04_p01_s36,m04_p01,3,GT_SEMANTIC,gt_fragment_grouping_oracle,diagnostic_oracle,4,3,1,0,1,1,1.0,1.0,1.0,1.0,1.0,0.0,0.0,exact_k,success,1
m04_p01_s36,m04_p01,3,PREDICTED_SEMANTIC,nearest_component_k_normalizer,k_normalizer,3,3,0,0,0,1,1.0,0.3486223606645769,0.0,0.0,0.0,0.0,0.0,natural_components_match_k,ambiguous_geometry,1
m04_p01_s36,m04_p01,3,PREDICTED_SEMANTIC,area_aware_k_normalizer,k_normalizer,3,3,0,0,0,1,1.0,0.3486223606645769,0.0,0.0,0.0,0.0,0.0,natural_components_match_k,ambiguous_geometry,1
m04_p01_s36,m04_p01,3,PREDICTED_SEMANTIC,centroid_distance_k_normalizer,k_normalizer,3,3,0,0,0,1,1.0,0.3486223606645769,0.0,0.0,0.0,0.0,0.0,natural_components_match_k,ambiguous_geometry,1
m04_p01_s36,m04_p01,3,PREDICTED_SEMANTIC,hybrid_k_normalization,k_normalizer,3,3,0,0,0,1,1.0,0.3486223606645769,0.0,0.0,0.0,0.0,0.0,natural_components_match_k,ambiguous_geometry,1
m04_p01_s36,m04_p01,3,PREDICTED_SEMANTIC,gt_fragment_grouping_oracle,diagnostic_oracle,3,2,1,0,1,0,0.0,0.34860595047384885,0.0,0.0,0.0,1.0,0.0,missing_gt_overlap_for_some_leaflets,ambiguous_geometry,1
m04_p01_s37,m04_p01,2,GT_SEMANTIC,nearest_component_k_normalizer,k_normalizer,2,2,0,0,0,1,1.0,1.0,1.0,1.0,1.0,0.0,0.0,natural_components_match_k,success,0
m04_p01_s37,m04_p01,2,GT_SEMANTIC,area_aware_k_normalizer,k_normalizer,2,2,0,0,0,1,1.0,1.0,1.0,1.0,1.0,0.0,0.0,natural_components_match_k,success,0
m04_p01_s37,m04_p01,2,GT_SEMANTIC,centroid_distance_k_normalizer,k_normalizer,2,2,0,0,0,1,1.0,1.0,1.0,1.0,1.0,0.0,0.0,natural_components_match_k,success,0
m04_p01_s37,m04_p01,2,GT_SEMANTIC,hybrid_k_normalization,k_normalizer,2,2,0,0,0,1,1.0,1.0,1.0,1.0,1.0,0.0,0.0,natural_components_match_k,success,0
m04_p01_s37,m04_p01,2,GT_SEMANTIC,gt_fragment_grouping_oracle,diagnostic_oracle,2,2,0,0,0,1,1.0,1.0,1.0,1.0,1.0,0.0,0.0,exact_k,success,0
m04_p01_s37,m04_p01,2,PREDICTED_SEMANTIC,nearest_component_k_normalizer,k_normalizer,2,2,0,0,0,1,1.0,0.2686952448347005,0.0,0.0,0.0,0.0,0.0,natural_components_match_k,ambiguous_geometry,0
m04_p01_s37,m04_p01,2,PREDICTED_SEMANTIC,area_aware_k_normalizer,k_normalizer,2,2,0,0,0,1,1.0,0.2686952448347005,0.0,0.0,0.0,0.0,0.0,natural_components_match_k,ambiguous_geometry,0
m04_p01_s37,m04_p01,2,PREDICTED_SEMANTIC,centroid_distance_k_normalizer,k_normalizer,2,2,0,0,0,1,1.0,0.2686952448347005,0.0,0.0,0.0,0.0,0.0,natural_components_match_k,ambiguous_geometry,0
m04_p01_s37,m04_p01,2,PREDICTED_SEMANTIC,hybrid_k_normalization,k_normalizer,2,2,0,0,0,1,1.0,0.2686952448347005,0.0,0.0,0.0,0.0,0.0,natural_components_match_k,ambiguous_geometry,0
m04_p01_s37,m04_p01,2,PREDICTED_SEMANTIC,gt_fragment_grouping_oracle,diagnostic_oracle,2,1,1,0,1,0,0.0,0.2669234348854939,0.0,0.0,0.0,1.0,0.0,missing_gt_overlap_for_some_leaflets,ambiguous_geometry,0
m04_p01_s38,m04_p01,3,GT_SEMANTIC,nearest_component_k_normalizer,k_normalizer,3,3,0,0,0,1,1.0,1.0,1.0,1.0,1.0,0.0,0.0,natural_components_match_k,success,0
m04_p01_s38,m04_p01,3,GT_SEMANTIC,area_aware_k_normalizer,k_normalizer,3,3,0,0,0,1,1.0,1.0,1.0,1.0,1.0,0.0,0.0,natural_components_match_k,success,0
m04_p01_s38,m04_p01,3,GT_SEMANTIC,centroid_distance_k_normalizer,k_normalizer,3,3,0,0,0,1,1.0,1.0,1.0,1.0,1.0,0.0,0.0,natural_components_match_k,success,0
m04_p01_s38,m04_p01,3,GT_SEMANTIC,hybrid_k_normalization,k_normalizer,3,3,0,0,0,1,1.0,1.0,1.0,1.0,1.0,0.0,0.0,natural_components_match_k,success,0
m04_p01_s38,m04_p01,3,GT_SEMANTIC,gt_fragment_grouping_oracle,diagnostic_oracle,3,3,0,0,0,1,1.0,1.0,1.0,1.0,1.0,0.0,0.0,exact_k,success,0
m04_p01_s38,m04_p01,3,PREDICTED_SEMANTIC,nearest_component_k_normalizer,k_normalizer,2,3,0,1,0,1,1.0,0.4452143791953174,0.0,0.0,0.0,0.0,0.0,exact_k,false_semantic_bridge_requiring_split,0
m04_p01_s38,m04_p01,3,PREDICTED_SEMANTIC,area_aware_k_normalizer,k_normalizer,2,3,0,1,0,1,1.0,0.4452143791953174,0.0,0.0,0.0,0.0,0.0,exact_k,false_semantic_bridge_requiring_split,0
m04_p01_s38,m04_p01,3,PREDICTED_SEMANTIC,centroid_distance_k_normalizer,k_normalizer,2,3,0,1,0,1,1.0,0.4452143791953174,0.0,0.0,0.0,0.0,0.0,exact_k,false_semantic_bridge_requiring_split,0
m04_p01_s38,m04_p01,3,PREDICTED_SEMANTIC,hybrid_k_normalization,k_normalizer,2,3,0,1,0,1,1.0,0.4452143791953174,0.0,0.0,0.0,0.0,0.0,exact_k,false_semantic_bridge_requiring_split,0
m04_p01_s38,m04_p01,3,PREDICTED_SEMANTIC,gt_fragment_grouping_oracle,diagnostic_oracle,2,2,0,0,0,0,0.0,0.30327881619937697,0.0,0.0,0.0,1.0,0.0,missing_gt_overlap_for_some_leaflets,false_semantic_bridge_requiring_split,0
m04_p01_s39,m04_p01,3,GT_SEMANTIC,nearest_component_k_normalizer,k_normalizer,3,3,0,0,0,1,1.0,1.0,1.0,1.0,1.0,0.0,0.0,natural_components_match_k,success,0
m04_p01_s39,m04_p01,3,GT_SEMANTIC,area_aware_k_normalizer,k_normalizer,3,3,0,0,0,1,1.0,1.0,1.0,1.0,1.0,0.0,0.0,natural_components_match_k,success,0
m04_p01_s39,m04_p01,3,GT_SEMANTIC,centroid_distance_k_normalizer,k_normalizer,3,3,0,0,0,1,1.0,1.0,1.0,1.0,1.0,0.0,0.0,natural_components_match_k,success,0
m04_p01_s39,m04_p01,3,GT_SEMANTIC,hybrid_k_normalization,k_normalizer,3,3,0,0,0,1,1.0,1.0,1.0,1.0,1.0,0.0,0.0,natural_components_match_k,success,0
m04_p01_s39,m04_p01,3,GT_SEMANTIC,gt_fragment_grouping_oracle,diagnostic_oracle,3,3,0,0,0,1,1.0,1.0,1.0,1.0,1.0,0.0,0.0,exact_k,success,0
m04_p01_s39,m04_p01,3,PREDICTED_SEMANTIC,nearest_component_k_normalizer,k_normalizer,4,3,1,0,1,1,1.0,0.5274015729786615,0.0,0.0,0.0,0.0,0.0,exact_k,insufficient_semantic_foreground,0
m04_p01_s39,m04_p01,3,PREDICTED_SEMANTIC,area_aware_k_normalizer,k_normalizer,4,3,1,0,1,1,1.0,0.5274015729786615,0.0,0.0,0.0,0.0,0.0,exact_k,insufficient_semantic_foreground,0
m04_p01_s39,m04_p01,3,PREDICTED_SEMANTIC,centroid_distance_k_normalizer,k_normalizer,4,3,1,0,1,1,1.0,0.5274015729786615,0.0,0.0,0.0,0.0,0.0,exact_k,insufficient_semantic_foreground,0
m04_p01_s39,m04_p01,3,PREDICTED_SEMANTIC,hybrid_k_normalization,k_normalizer,4,3,1,0,1,1,1.0,0.5274015729786615,0.0,0.0,0.0,0.0,0.0,exact_k,insufficient_semantic_foreground,0
m04_p01_s39,m04_p01,3,PREDICTED_SEMANTIC,gt_fragment_grouping_oracle,diagnostic_oracle,4,2,2,0,2,0,0.0,0.5200333190498593,0.0,0.0,0.0,1.0,0.0,missing_gt_overlap_for_some_leaflets,insufficient_semantic_foreground,0
m04_p01_s40,m04_p01,3,GT_SEMANTIC,nearest_component_k_normalizer,k_normalizer,4,3,1,0,1,1,1.0,0.5937975628731383,0.0,0.0,0.0,0.0,0.0,exact_k,other,1
m04_p01_s40,m04_p01,3,GT_SEMANTIC,area_aware_k_normalizer,k_normalizer,4,3,1,0,1,1,1.0,0.5937975628731383,0.0,0.0,0.0,0.0,0.0,exact_k,other,1
m04_p01_s40,m04_p01,3,GT_SEMANTIC,centroid_distance_k_normalizer,k_normalizer,4,3,1,0,1,1,1.0,0.5937975628731383,0.0,0.0,0.0,0.0,0.0,exact_k,other,1
m04_p01_s40,m04_p01,3,GT_SEMANTIC,hybrid_k_normalization,k_normalizer,4,3,1,0,1,1,1.0,0.5937975628731383,0.0,0.0,0.0,0.0,0.0,exact_k,other,1
m04_p01_s40,m04_p01,3,GT_SEMANTIC,gt_fragment_grouping_oracle,diagnostic_oracle,4,3,1,0,1,1,1.0,1.0,1.0,1.0,1.0,0.0,0.0,exact_k,success,1
m04_p01_s40,m04_p01,3,PREDICTED_SEMANTIC,nearest_component_k_normalizer,k_normalizer,4,3,1,0,1,1,1.0,0.4434613792308651,0.0,0.0,0.0,0.0,0.0,exact_k,insufficient_semantic_foreground,1
m04_p01_s40,m04_p01,3,PREDICTED_SEMANTIC,area_aware_k_normalizer,k_normalizer,4,3,1,0,1,1,1.0,0.4434613792308651,0.0,0.0,0.0,0.0,0.0,exact_k,insufficient_semantic_foreground,1
m04_p01_s40,m04_p01,3,PREDICTED_SEMANTIC,centroid_distance_k_normalizer,k_normalizer,4,3,1,0,1,1,1.0,0.46570536557276027,0.0,0.0,0.0,0.0,0.0,exact_k,insufficient_semantic_foreground,1
m04_p01_s40,m04_p01,3,PREDICTED_SEMANTIC,hybrid_k_normalization,k_normalizer,4,3,1,0,1,1,1.0,0.4434613792308651,0.0,0.0,0.0,0.0,0.0,exact_k,insufficient_semantic_foreground,1
m04_p01_s40,m04_p01,3,PREDICTED_SEMANTIC,gt_fragment_grouping_oracle,diagnostic_oracle,4,3,1,0,1,1,1.0,0.6513804533785267,1.0,0.0,0.0,0.0,0.0,exact_k,success,1
m04_p01_s41,m04_p01,1,GT_SEMANTIC,nearest_component_k_normalizer,k_normalizer,2,1,1,0,1,1,1.0,1.0,1.0,1.0,1.0,0.0,0.0,exact_k,success,1
m04_p01_s41,m04_p01,1,GT_SEMANTIC,area_aware_k_normalizer,k_normalizer,2,1,1,0,1,1,1.0,1.0,1.0,1.0,1.0,0.0,0.0,exact_k,success,1
m04_p01_s41,m04_p01,1,GT_SEMANTIC,centroid_distance_k_normalizer,k_normalizer,2,1,1,0,1,1,1.0,1.0,1.0,1.0,1.0,0.0,0.0,exact_k,success,1
m04_p01_s41,m04_p01,1,GT_SEMANTIC,hybrid_k_normalization,k_normalizer,2,1,1,0,1,1,1.0,1.0,1.0,1.0,1.0,0.0,0.0,exact_k,success,1
m04_p01_s41,m04_p01,1,GT_SEMANTIC,gt_fragment_grouping_oracle,diagnostic_oracle,2,1,1,0,1,1,1.0,1.0,1.0,1.0,1.0,0.0,0.0,exact_k,success,1
m04_p01_s41,m04_p01,1,PREDICTED_SEMANTIC,nearest_component_k_normalizer,k_normalizer,2,1,1,0,1,1,1.0,0.8094644696189496,1.0,1.0,1.0,0.0,0.0,exact_k,success,1
m04_p01_s41,m04_p01,1,PREDICTED_SEMANTIC,area_aware_k_normalizer,k_normalizer,2,1,1,0,1,1,1.0,0.8094644696189496,1.0,1.0,1.0,0.0,0.0,exact_k,success,1
m04_p01_s41,m04_p01,1,PREDICTED_SEMANTIC,centroid_distance_k_normalizer,k_normalizer,2,1,1,0,1,1,1.0,0.8094644696189496,1.0,1.0,1.0,0.0,0.0,exact_k,success,1
m04_p01_s41,m04_p01,1,PREDICTED_SEMANTIC,hybrid_k_normalization,k_normalizer,2,1,1,0,1,1,1.0,0.8094644696189496,1.0,1.0,1.0,0.0,0.0,exact_k,success,1
m04_p01_s41,m04_p01,1,PREDICTED_SEMANTIC,gt_fragment_grouping_oracle,diagnostic_oracle,2,1,1,0,1,1,1.0,0.8094644696189496,1.0,1.0,1.0,0.0,0.0,exact_k,success,1
m05_p01_s00,m05_p01,2,GT_SEMANTIC,nearest_component_k_normalizer,k_normalizer,2,2,0,0,0,1,1.0,1.0,1.0,1.0,1.0,0.0,0.0,natural_components_match_k,success,0
m05_p01_s00,m05_p01,2,GT_SEMANTIC,area_aware_k_normalizer,k_normalizer,2,2,0,0,0,1,1.0,1.0,1.0,1.0,1.0,0.0,0.0,natural_components_match_k,success,0
m05_p01_s00,m05_p01,2,GT_SEMANTIC,centroid_distance_k_normalizer,k_normalizer,2,2,0,0,0,1,1.0,1.0,1.0,1.0,1.0,0.0,0.0,natural_components_match_k,success,0
m05_p01_s00,m05_p01,2,GT_SEMANTIC,hybrid_k_normalization,k_normalizer,2,2,0,0,0,1,1.0,1.0,1.0,1.0,1.0,0.0,0.0,natural_components_match_k,success,0
m05_p01_s00,m05_p01,2,GT_SEMANTIC,gt_fragment_grouping_oracle,diagnostic_oracle,2,2,0,0,0,1,1.0,1.0,1.0,1.0,1.0,0.0,0.0,exact_k,success,0
m05_p01_s00,m05_p01,2,PREDICTED_SEMANTIC,nearest_component_k_normalizer,k_normalizer,5,2,3,0,3,1,1.0,0.26918758771245904,0.0,0.0,0.0,0.0,0.0,exact_k,insufficient_semantic_foreground,0
m05_p01_s00,m05_p01,2,PREDICTED_SEMANTIC,area_aware_k_normalizer,k_normalizer,5,2,3,0,3,1,1.0,0.26918758771245904,0.0,0.0,0.0,0.0,0.0,exact_k,insufficient_semantic_foreground,0
m05_p01_s00,m05_p01,2,PREDICTED_SEMANTIC,centroid_distance_k_normalizer,k_normalizer,5,2,3,0,3,1,1.0,0.26918758771245904,0.0,0.0,0.0,0.0,0.0,exact_k,insufficient_semantic_foreground,0
m05_p01_s00,m05_p01,2,PREDICTED_SEMANTIC,hybrid_k_normalization,k_normalizer,5,2,3,0,3,1,1.0,0.26918758771245904,0.0,0.0,0.0,0.0,0.0,exact_k,insufficient_semantic_foreground,0
m05_p01_s00,m05_p01,2,PREDICTED_SEMANTIC,gt_fragment_grouping_oracle,diagnostic_oracle,5,2,3,0,3,1,1.0,0.7903413723260786,1.0,1.0,0.0,0.0,0.0,exact_k,success,0
m05_p01_s02,m05_p01,2,GT_SEMANTIC,nearest_component_k_normalizer,k_normalizer,2,2,0,0,0,1,1.0,1.0,1.0,1.0,1.0,0.0,0.0,natural_components_match_k,success,0
m05_p01_s02,m05_p01,2,GT_SEMANTIC,area_aware_k_normalizer,k_normalizer,2,2,0,0,0,1,1.0,1.0,1.0,1.0,1.0,0.0,0.0,natural_components_match_k,success,0
m05_p01_s02,m05_p01,2,GT_SEMANTIC,centroid_distance_k_normalizer,k_normalizer,2,2,0,0,0,1,1.0,1.0,1.0,1.0,1.0,0.0,0.0,natural_components_match_k,success,0
m05_p01_s02,m05_p01,2,GT_SEMANTIC,hybrid_k_normalization,k_normalizer,2,2,0,0,0,1,1.0,1.0,1.0,1.0,1.0,0.0,0.0,natural_components_match_k,success,0
m05_p01_s02,m05_p01,2,GT_SEMANTIC,gt_fragment_grouping_oracle,diagnostic_oracle,2,2,0,0,0,1,1.0,1.0,1.0,1.0,1.0,0.0,0.0,exact_k,success,0
m05_p01_s02,m05_p01,2,PREDICTED_SEMANTIC,nearest_component_k_normalizer,k_normalizer,1,2,0,1,0,1,1.0,0.29642208915714113,0.0,0.0,0.0,0.0,0.0,exact_k,false_semantic_bridge_requiring_split,0
m05_p01_s02,m05_p01,2,PREDICTED_SEMANTIC,area_aware_k_normalizer,k_normalizer,1,2,0,1,0,1,1.0,0.29642208915714113,0.0,0.0,0.0,0.0,0.0,exact_k,false_semantic_bridge_requiring_split,0
m05_p01_s02,m05_p01,2,PREDICTED_SEMANTIC,centroid_distance_k_normalizer,k_normalizer,1,2,0,1,0,1,1.0,0.29642208915714113,0.0,0.0,0.0,0.0,0.0,exact_k,false_semantic_bridge_requiring_split,0
m05_p01_s02,m05_p01,2,PREDICTED_SEMANTIC,hybrid_k_normalization,k_normalizer,1,2,0,1,0,1,1.0,0.29642208915714113,0.0,0.0,0.0,0.0,0.0,exact_k,false_semantic_bridge_requiring_split,0
m05_p01_s02,m05_p01,2,PREDICTED_SEMANTIC,gt_fragment_grouping_oracle,diagnostic_oracle,1,1,0,0,0,0,0.0,0.22001900007451008,0.0,0.0,0.0,1.0,0.0,missing_gt_overlap_for_some_leaflets,false_semantic_bridge_requiring_split,0
m05_p01_s03,m05_p01,3,GT_SEMANTIC,nearest_component_k_normalizer,k_normalizer,3,3,0,0,0,1,1.0,1.0,1.0,1.0,1.0,0.0,0.0,natural_components_match_k,success,0
m05_p01_s03,m05_p01,3,GT_SEMANTIC,area_aware_k_normalizer,k_normalizer,3,3,0,0,0,1,1.0,1.0,1.0,1.0,1.0,0.0,0.0,natural_components_match_k,success,0
m05_p01_s03,m05_p01,3,GT_SEMANTIC,centroid_distance_k_normalizer,k_normalizer,3,3,0,0,0,1,1.0,1.0,1.0,1.0,1.0,0.0,0.0,natural_components_match_k,success,0
m05_p01_s03,m05_p01,3,GT_SEMANTIC,hybrid_k_normalization,k_normalizer,3,3,0,0,0,1,1.0,1.0,1.0,1.0,1.0,0.0,0.0,natural_components_match_k,success,0
m05_p01_s03,m05_p01,3,GT_SEMANTIC,gt_fragment_grouping_oracle,diagnostic_oracle,3,3,0,0,0,1,1.0,1.0,1.0,1.0,1.0,0.0,0.0,exact_k,success,0
m05_p01_s03,m05_p01,3,PREDICTED_SEMANTIC,nearest_component_k_normalizer,k_normalizer,4,3,1,0,1,1,1.0,0.7657275130126394,1.0,1.0,0.0,0.0,0.0,exact_k,success,0
m05_p01_s03,m05_p01,3,PREDICTED_SEMANTIC,area_aware_k_normalizer,k_normalizer,4,3,1,0,1,1,1.0,0.7657275130126394,1.0,1.0,0.0,0.0,0.0,exact_k,success,0
m05_p01_s03,m05_p01,3,PREDICTED_SEMANTIC,centroid_distance_k_normalizer,k_normalizer,4,3,1,0,1,1,1.0,0.7373307062614534,1.0,0.0,0.0,0.0,0.0,exact_k,success,0
m05_p01_s03,m05_p01,3,PREDICTED_SEMANTIC,hybrid_k_normalization,k_normalizer,4,3,1,0,1,1,1.0,0.7657275130126394,1.0,1.0,0.0,0.0,0.0,exact_k,success,0
m05_p01_s03,m05_p01,3,PREDICTED_SEMANTIC,gt_fragment_grouping_oracle,diagnostic_oracle,4,3,1,0,1,1,1.0,0.7373307062614534,1.0,0.0,0.0,0.0,0.0,exact_k,success,0
m05_p01_s05,m05_p01,2,GT_SEMANTIC,nearest_component_k_normalizer,k_normalizer,3,2,1,0,1,1,1.0,0.5729272460653527,0.0,0.0,0.0,0.0,0.0,exact_k,other,1
m05_p01_s05,m05_p01,2,GT_SEMANTIC,area_aware_k_normalizer,k_normalizer,3,2,1,0,1,1,1.0,0.5729272460653527,0.0,0.0,0.0,0.0,0.0,exact_k,other,1
m05_p01_s05,m05_p01,2,GT_SEMANTIC,centroid_distance_k_normalizer,k_normalizer,3,2,1,0,1,1,1.0,0.5729272460653527,0.0,0.0,0.0,0.0,0.0,exact_k,other,1
m05_p01_s05,m05_p01,2,GT_SEMANTIC,hybrid_k_normalization,k_normalizer,3,2,1,0,1,1,1.0,0.5729272460653527,0.0,0.0,0.0,0.0,0.0,exact_k,other,1
m05_p01_s05,m05_p01,2,GT_SEMANTIC,gt_fragment_grouping_oracle,diagnostic_oracle,3,2,1,0,1,1,1.0,1.0,1.0,1.0,1.0,0.0,0.0,exact_k,success,1
m05_p01_s05,m05_p01,2,PREDICTED_SEMANTIC,nearest_component_k_normalizer,k_normalizer,3,2,1,0,1,1,1.0,0.3865857658248606,0.0,0.0,0.0,0.0,0.0,exact_k,insufficient_semantic_foreground,1
m05_p01_s05,m05_p01,2,PREDICTED_SEMANTIC,area_aware_k_normalizer,k_normalizer,3,2,1,0,1,1,1.0,0.3865857658248606,0.0,0.0,0.0,0.0,0.0,exact_k,insufficient_semantic_foreground,1
m05_p01_s05,m05_p01,2,PREDICTED_SEMANTIC,centroid_distance_k_normalizer,k_normalizer,3,2,1,0,1,1,1.0,0.4265818645563709,0.0,0.0,0.0,0.0,0.0,exact_k,insufficient_semantic_foreground,1
m05_p01_s05,m05_p01,2,PREDICTED_SEMANTIC,hybrid_k_normalization,k_normalizer,3,2,1,0,1,1,1.0,0.3865857658248606,0.0,0.0,0.0,0.0,0.0,exact_k,insufficient_semantic_foreground,1
m05_p01_s05,m05_p01,2,PREDICTED_SEMANTIC,gt_fragment_grouping_oracle,diagnostic_oracle,3,2,1,0,1,1,1.0,0.4232298708773869,0.0,0.0,0.0,0.0,0.0,exact_k,insufficient_semantic_foreground,1
m05_p01_s06,m05_p01,2,GT_SEMANTIC,nearest_component_k_normalizer,k_normalizer,3,2,1,0,1,1,1.0,0.4407151588196281,0.0,0.0,0.0,0.0,0.0,exact_k,other,1
m05_p01_s06,m05_p01,2,GT_SEMANTIC,area_aware_k_normalizer,k_normalizer,3,2,1,0,1,1,1.0,0.4407151588196281,0.0,0.0,0.0,0.0,0.0,exact_k,other,1
m05_p01_s06,m05_p01,2,GT_SEMANTIC,centroid_distance_k_normalizer,k_normalizer,3,2,1,0,1,1,1.0,1.0,1.0,1.0,1.0,0.0,0.0,exact_k,success,1
m05_p01_s06,m05_p01,2,GT_SEMANTIC,hybrid_k_normalization,k_normalizer,3,2,1,0,1,1,1.0,1.0,1.0,1.0,1.0,0.0,0.0,exact_k,success,1
m05_p01_s06,m05_p01,2,GT_SEMANTIC,gt_fragment_grouping_oracle,diagnostic_oracle,3,2,1,0,1,1,1.0,1.0,1.0,1.0,1.0,0.0,0.0,exact_k,success,1
m05_p01_s06,m05_p01,2,PREDICTED_SEMANTIC,nearest_component_k_normalizer,k_normalizer,5,2,3,0,3,1,1.0,0.36889765495597593,0.0,0.0,0.0,0.0,0.0,exact_k,insufficient_semantic_foreground,1
m05_p01_s06,m05_p01,2,PREDICTED_SEMANTIC,area_aware_k_normalizer,k_normalizer,5,2,3,0,3,1,1.0,0.36889765495597593,0.0,0.0,0.0,0.0,0.0,exact_k,insufficient_semantic_foreground,1
m05_p01_s06,m05_p01,2,PREDICTED_SEMANTIC,centroid_distance_k_normalizer,k_normalizer,5,2,3,0,3,1,1.0,0.3690826628289832,0.0,0.0,0.0,0.0,0.0,exact_k,insufficient_semantic_foreground,1
m05_p01_s06,m05_p01,2,PREDICTED_SEMANTIC,hybrid_k_normalization,k_normalizer,5,2,3,0,3,1,1.0,0.36889765495597593,0.0,0.0,0.0,0.0,0.0,exact_k,insufficient_semantic_foreground,1
m05_p01_s06,m05_p01,2,PREDICTED_SEMANTIC,gt_fragment_grouping_oracle,diagnostic_oracle,5,1,4,0,4,0,0.0,0.3644575070516547,0.0,0.0,0.0,1.0,0.0,missing_gt_overlap_for_some_leaflets,insufficient_semantic_foreground,1
m05_p01_s07,m05_p01,1,GT_SEMANTIC,nearest_component_k_normalizer,k_normalizer,1,1,0,0,0,1,1.0,1.0,1.0,1.0,1.0,0.0,0.0,natural_components_match_k,success,0
m05_p01_s07,m05_p01,1,GT_SEMANTIC,area_aware_k_normalizer,k_normalizer,1,1,0,0,0,1,1.0,1.0,1.0,1.0,1.0,0.0,0.0,natural_components_match_k,success,0
m05_p01_s07,m05_p01,1,GT_SEMANTIC,centroid_distance_k_normalizer,k_normalizer,1,1,0,0,0,1,1.0,1.0,1.0,1.0,1.0,0.0,0.0,natural_components_match_k,success,0
m05_p01_s07,m05_p01,1,GT_SEMANTIC,hybrid_k_normalization,k_normalizer,1,1,0,0,0,1,1.0,1.0,1.0,1.0,1.0,0.0,0.0,natural_components_match_k,success,0
m05_p01_s07,m05_p01,1,GT_SEMANTIC,gt_fragment_grouping_oracle,diagnostic_oracle,1,1,0,0,0,1,1.0,1.0,1.0,1.0,1.0,0.0,0.0,exact_k,success,0
m05_p01_s07,m05_p01,1,PREDICTED_SEMANTIC,nearest_component_k_normalizer,k_normalizer,1,1,0,0,0,1,1.0,0.8490273775216138,1.0,1.0,1.0,0.0,0.0,natural_components_match_k,success,0
m05_p01_s07,m05_p01,1,PREDICTED_SEMANTIC,area_aware_k_normalizer,k_normalizer,1,1,0,0,0,1,1.0,0.8490273775216138,1.0,1.0,1.0,0.0,0.0,natural_components_match_k,success,0
m05_p01_s07,m05_p01,1,PREDICTED_SEMANTIC,centroid_distance_k_normalizer,k_normalizer,1,1,0,0,0,1,1.0,0.8490273775216138,1.0,1.0,1.0,0.0,0.0,natural_components_match_k,success,0
m05_p01_s07,m05_p01,1,PREDICTED_SEMANTIC,hybrid_k_normalization,k_normalizer,1,1,0,0,0,1,1.0,0.8490273775216138,1.0,1.0,1.0,0.0,0.0,natural_components_match_k,success,0
m05_p01_s07,m05_p01,1,PREDICTED_SEMANTIC,gt_fragment_grouping_oracle,diagnostic_oracle,1,1,0,0,0,1,1.0,0.8490273775216138,1.0,1.0,1.0,0.0,0.0,exact_k,success,0
m05_p01_s08,m05_p01,1,GT_SEMANTIC,nearest_component_k_normalizer,k_normalizer,2,1,1,0,1,1,1.0,1.0,1.0,1.0,1.0,0.0,0.0,exact_k,success,1
m05_p01_s08,m05_p01,1,GT_SEMANTIC,area_aware_k_normalizer,k_normalizer,2,1,1,0,1,1,1.0,1.0,1.0,1.0,1.0,0.0,0.0,exact_k,success,1
m05_p01_s08,m05_p01,1,GT_SEMANTIC,centroid_distance_k_normalizer,k_normalizer,2,1,1,0,1,1,1.0,1.0,1.0,1.0,1.0,0.0,0.0,exact_k,success,1
m05_p01_s08,m05_p01,1,GT_SEMANTIC,hybrid_k_normalization,k_normalizer,2,1,1,0,1,1,1.0,1.0,1.0,1.0,1.0,0.0,0.0,exact_k,success,1
m05_p01_s08,m05_p01,1,GT_SEMANTIC,gt_fragment_grouping_oracle,diagnostic_oracle,2,1,1,0,1,1,1.0,1.0,1.0,1.0,1.0,0.0,0.0,exact_k,success,1
m05_p01_s08,m05_p01,1,PREDICTED_SEMANTIC,nearest_component_k_normalizer,k_normalizer,1,1,0,0,0,1,1.0,0.7621535335945436,1.0,1.0,0.0,0.0,0.0,natural_components_match_k,success,1
m05_p01_s08,m05_p01,1,PREDICTED_SEMANTIC,area_aware_k_normalizer,k_normalizer,1,1,0,0,0,1,1.0,0.7621535335945436,1.0,1.0,0.0,0.0,0.0,natural_components_match_k,success,1
m05_p01_s08,m05_p01,1,PREDICTED_SEMANTIC,centroid_distance_k_normalizer,k_normalizer,1,1,0,0,0,1,1.0,0.7621535335945436,1.0,1.0,0.0,0.0,0.0,natural_components_match_k,success,1
m05_p01_s08,m05_p01,1,PREDICTED_SEMANTIC,hybrid_k_normalization,k_normalizer,1,1,0,0,0,1,1.0,0.7621535335945436,1.0,1.0,0.0,0.0,0.0,natural_components_match_k,success,1
m05_p01_s08,m05_p01,1,PREDICTED_SEMANTIC,gt_fragment_grouping_oracle,diagnostic_oracle,1,1,0,0,0,1,1.0,0.7621535335945436,1.0,1.0,0.0,0.0,0.0,exact_k,success,1
m05_p01_s09,m05_p01,3,GT_SEMANTIC,nearest_component_k_normalizer,k_normalizer,3,3,0,0,0,1,1.0,1.0,1.0,1.0,1.0,0.0,0.0,natural_components_match_k,success,0
m05_p01_s09,m05_p01,3,GT_SEMANTIC,area_aware_k_normalizer,k_normalizer,3,3,0,0,0,1,1.0,1.0,1.0,1.0,1.0,0.0,0.0,natural_components_match_k,success,0
m05_p01_s09,m05_p01,3,GT_SEMANTIC,centroid_distance_k_normalizer,k_normalizer,3,3,0,0,0,1,1.0,1.0,1.0,1.0,1.0,0.0,0.0,natural_components_match_k,success,0
m05_p01_s09,m05_p01,3,GT_SEMANTIC,hybrid_k_normalization,k_normalizer,3,3,0,0,0,1,1.0,1.0,1.0,1.0,1.0,0.0,0.0,natural_components_match_k,success,0
m05_p01_s09,m05_p01,3,GT_SEMANTIC,gt_fragment_grouping_oracle,diagnostic_oracle,3,3,0,0,0,1,1.0,1.0,1.0,1.0,1.0,0.0,0.0,exact_k,success,0
m05_p01_s09,m05_p01,3,PREDICTED_SEMANTIC,nearest_component_k_normalizer,k_normalizer,3,3,0,0,0,1,1.0,0.17701483261498271,0.0,0.0,0.0,0.0,0.0,natural_components_match_k,ambiguous_geometry,0
m05_p01_s09,m05_p01,3,PREDICTED_SEMANTIC,area_aware_k_normalizer,k_normalizer,3,3,0,0,0,1,1.0,0.17701483261498271,0.0,0.0,0.0,0.0,0.0,natural_components_match_k,ambiguous_geometry,0
m05_p01_s09,m05_p01,3,PREDICTED_SEMANTIC,centroid_distance_k_normalizer,k_normalizer,3,3,0,0,0,1,1.0,0.17701483261498271,0.0,0.0,0.0,0.0,0.0,natural_components_match_k,ambiguous_geometry,0
m05_p01_s09,m05_p01,3,PREDICTED_SEMANTIC,hybrid_k_normalization,k_normalizer,3,3,0,0,0,1,1.0,0.17701483261498271,0.0,0.0,0.0,0.0,0.0,natural_components_match_k,ambiguous_geometry,0
m05_p01_s09,m05_p01,3,PREDICTED_SEMANTIC,gt_fragment_grouping_oracle,diagnostic_oracle,3,2,1,0,1,0,0.0,0.00014436263894903998,0.0,0.0,0.0,1.0,0.0,missing_gt_overlap_for_some_leaflets,ambiguous_geometry,0
m05_p01_s10,m05_p01,2,GT_SEMANTIC,nearest_component_k_normalizer,k_normalizer,9,2,7,0,7,1,1.0,1.0,1.0,1.0,1.0,0.0,0.0,exact_k,success,1
m05_p01_s10,m05_p01,2,GT_SEMANTIC,area_aware_k_normalizer,k_normalizer,9,2,7,0,7,1,1.0,1.0,1.0,1.0,1.0,0.0,0.0,exact_k,success,1
m05_p01_s10,m05_p01,2,GT_SEMANTIC,centroid_distance_k_normalizer,k_normalizer,9,2,7,0,7,1,1.0,0.9993891215674103,1.0,1.0,1.0,0.0,0.0,exact_k,success,1
m05_p01_s10,m05_p01,2,GT_SEMANTIC,hybrid_k_normalization,k_normalizer,9,2,7,0,7,1,1.0,1.0,1.0,1.0,1.0,0.0,0.0,exact_k,success,1
m05_p01_s10,m05_p01,2,GT_SEMANTIC,gt_fragment_grouping_oracle,diagnostic_oracle,9,2,7,0,7,1,1.0,1.0,1.0,1.0,1.0,0.0,0.0,exact_k,success,1
m05_p01_s10,m05_p01,2,PREDICTED_SEMANTIC,nearest_component_k_normalizer,k_normalizer,4,2,2,0,2,1,1.0,0.26513926655397957,0.0,0.0,0.0,0.0,0.0,exact_k,insufficient_semantic_foreground,1
m05_p01_s10,m05_p01,2,PREDICTED_SEMANTIC,area_aware_k_normalizer,k_normalizer,4,2,2,0,2,1,1.0,0.7899505057266138,1.0,1.0,0.0,0.0,0.0,exact_k,success,1
m05_p01_s10,m05_p01,2,PREDICTED_SEMANTIC,centroid_distance_k_normalizer,k_normalizer,4,2,2,0,2,1,1.0,0.26513926655397957,0.0,0.0,0.0,0.0,0.0,exact_k,insufficient_semantic_foreground,1
m05_p01_s10,m05_p01,2,PREDICTED_SEMANTIC,hybrid_k_normalization,k_normalizer,4,2,2,0,2,1,1.0,0.7899505057266138,1.0,1.0,0.0,0.0,0.0,exact_k,success,1
m05_p01_s10,m05_p01,2,PREDICTED_SEMANTIC,gt_fragment_grouping_oracle,diagnostic_oracle,4,2,2,0,2,1,1.0,0.789964513037325,1.0,1.0,0.0,0.0,0.0,exact_k,success,1
m05_p01_s11,m05_p01,1,GT_SEMANTIC,nearest_component_k_normalizer,k_normalizer,2,1,1,0,1,1,1.0,1.0,1.0,1.0,1.0,0.0,0.0,exact_k,success,1
m05_p01_s11,m05_p01,1,GT_SEMANTIC,area_aware_k_normalizer,k_normalizer,2,1,1,0,1,1,1.0,1.0,1.0,1.0,1.0,0.0,0.0,exact_k,success,1
m05_p01_s11,m05_p01,1,GT_SEMANTIC,centroid_distance_k_normalizer,k_normalizer,2,1,1,0,1,1,1.0,1.0,1.0,1.0,1.0,0.0,0.0,exact_k,success,1
m05_p01_s11,m05_p01,1,GT_SEMANTIC,hybrid_k_normalization,k_normalizer,2,1,1,0,1,1,1.0,1.0,1.0,1.0,1.0,0.0,0.0,exact_k,success,1
m05_p01_s11,m05_p01,1,GT_SEMANTIC,gt_fragment_grouping_oracle,diagnostic_oracle,2,1,1,0,1,1,1.0,1.0,1.0,1.0,1.0,0.0,0.0,exact_k,success,1
m05_p01_s11,m05_p01,1,PREDICTED_SEMANTIC,nearest_component_k_normalizer,k_normalizer,5,1,4,0,4,1,1.0,0.7691395809983619,1.0,1.0,0.0,0.0,0.0,exact_k,success,1
m05_p01_s11,m05_p01,1,PREDICTED_SEMANTIC,area_aware_k_normalizer,k_normalizer,5,1,4,0,4,1,1.0,0.7691395809983619,1.0,1.0,0.0,0.0,0.0,exact_k,success,1
m05_p01_s11,m05_p01,1,PREDICTED_SEMANTIC,centroid_distance_k_normalizer,k_normalizer,5,1,4,0,4,1,1.0,0.7691395809983619,1.0,1.0,0.0,0.0,0.0,exact_k,success,1
m05_p01_s11,m05_p01,1,PREDICTED_SEMANTIC,hybrid_k_normalization,k_normalizer,5,1,4,0,4,1,1.0,0.7691395809983619,1.0,1.0,0.0,0.0,0.0,exact_k,success,1
m05_p01_s11,m05_p01,1,PREDICTED_SEMANTIC,gt_fragment_grouping_oracle,diagnostic_oracle,5,1,4,0,4,1,1.0,0.7691395809983619,1.0,1.0,0.0,0.0,0.0,exact_k,success,1
m05_p01_s12,m05_p01,3,GT_SEMANTIC,nearest_component_k_normalizer,k_normalizer,3,3,0,0,0,1,1.0,1.0,1.0,1.0,1.0,0.0,0.0,natural_components_match_k,success,0
m05_p01_s12,m05_p01,3,GT_SEMANTIC,area_aware_k_normalizer,k_normalizer,3,3,0,0,0,1,1.0,1.0,1.0,1.0,1.0,0.0,0.0,natural_components_match_k,success,0
m05_p01_s12,m05_p01,3,GT_SEMANTIC,centroid_distance_k_normalizer,k_normalizer,3,3,0,0,0,1,1.0,1.0,1.0,1.0,1.0,0.0,0.0,natural_components_match_k,success,0
m05_p01_s12,m05_p01,3,GT_SEMANTIC,hybrid_k_normalization,k_normalizer,3,3,0,0,0,1,1.0,1.0,1.0,1.0,1.0,0.0,0.0,natural_components_match_k,success,0
m05_p01_s12,m05_p01,3,GT_SEMANTIC,gt_fragment_grouping_oracle,diagnostic_oracle,3,3,0,0,0,1,1.0,1.0,1.0,1.0,1.0,0.0,0.0,exact_k,success,0
m05_p01_s12,m05_p01,3,PREDICTED_SEMANTIC,nearest_component_k_normalizer,k_normalizer,5,3,2,0,2,1,1.0,0.8142250764600852,1.0,1.0,0.0,0.0,0.0,exact_k,success,0
m05_p01_s12,m05_p01,3,PREDICTED_SEMANTIC,area_aware_k_normalizer,k_normalizer,5,3,2,0,2,1,1.0,0.8142250764600852,1.0,1.0,0.0,0.0,0.0,exact_k,success,0
m05_p01_s12,m05_p01,3,PREDICTED_SEMANTIC,centroid_distance_k_normalizer,k_normalizer,5,3,2,0,2,1,1.0,0.8142250764600852,1.0,1.0,0.0,0.0,0.0,exact_k,success,0
m05_p01_s12,m05_p01,3,PREDICTED_SEMANTIC,hybrid_k_normalization,k_normalizer,5,3,2,0,2,1,1.0,0.8142250764600852,1.0,1.0,0.0,0.0,0.0,exact_k,success,0
m05_p01_s12,m05_p01,3,PREDICTED_SEMANTIC,gt_fragment_grouping_oracle,diagnostic_oracle,5,3,2,0,2,1,1.0,0.8142250764600852,1.0,1.0,0.0,0.0,0.0,exact_k,success,0
m05_p01_s15,m05_p01,2,GT_SEMANTIC,nearest_component_k_normalizer,k_normalizer,3,2,1,0,1,1,1.0,0.46118194069860846,0.0,0.0,0.0,0.0,0.0,exact_k,other,1
m05_p01_s15,m05_p01,2,GT_SEMANTIC,area_aware_k_normalizer,k_normalizer,3,2,1,0,1,1,1.0,0.46118194069860846,0.0,0.0,0.0,0.0,0.0,exact_k,other,1
m05_p01_s15,m05_p01,2,GT_SEMANTIC,centroid_distance_k_normalizer,k_normalizer,3,2,1,0,1,1,1.0,1.0,1.0,1.0,1.0,0.0,0.0,exact_k,success,1
m05_p01_s15,m05_p01,2,GT_SEMANTIC,hybrid_k_normalization,k_normalizer,3,2,1,0,1,1,1.0,1.0,1.0,1.0,1.0,0.0,0.0,exact_k,success,1
m05_p01_s15,m05_p01,2,GT_SEMANTIC,gt_fragment_grouping_oracle,diagnostic_oracle,3,2,1,0,1,1,1.0,1.0,1.0,1.0,1.0,0.0,0.0,exact_k,success,1
m05_p01_s15,m05_p01,2,PREDICTED_SEMANTIC,nearest_component_k_normalizer,k_normalizer,3,2,1,0,1,1,1.0,0.8101913602649132,1.0,1.0,0.0,0.0,0.0,exact_k,success,1
m05_p01_s15,m05_p01,2,PREDICTED_SEMANTIC,area_aware_k_normalizer,k_normalizer,3,2,1,0,1,1,1.0,0.8101913602649132,1.0,1.0,0.0,0.0,0.0,exact_k,success,1
m05_p01_s15,m05_p01,2,PREDICTED_SEMANTIC,centroid_distance_k_normalizer,k_normalizer,3,2,1,0,1,1,1.0,0.8101913602649132,1.0,1.0,0.0,0.0,0.0,exact_k,success,1
m05_p01_s15,m05_p01,2,PREDICTED_SEMANTIC,hybrid_k_normalization,k_normalizer,3,2,1,0,1,1,1.0,0.8101913602649132,1.0,1.0,0.0,0.0,0.0,exact_k,success,1
m05_p01_s15,m05_p01,2,PREDICTED_SEMANTIC,gt_fragment_grouping_oracle,diagnostic_oracle,3,2,1,0,1,1,1.0,0.8118781577994825,1.0,1.0,0.0,0.0,0.0,exact_k,success,1
m05_p01_s16,m05_p01,1,GT_SEMANTIC,nearest_component_k_normalizer,k_normalizer,1,1,0,0,0,1,1.0,1.0,1.0,1.0,1.0,0.0,0.0,natural_components_match_k,success,0
m05_p01_s16,m05_p01,1,GT_SEMANTIC,area_aware_k_normalizer,k_normalizer,1,1,0,0,0,1,1.0,1.0,1.0,1.0,1.0,0.0,0.0,natural_components_match_k,success,0
m05_p01_s16,m05_p01,1,GT_SEMANTIC,centroid_distance_k_normalizer,k_normalizer,1,1,0,0,0,1,1.0,1.0,1.0,1.0,1.0,0.0,0.0,natural_components_match_k,success,0
m05_p01_s16,m05_p01,1,GT_SEMANTIC,hybrid_k_normalization,k_normalizer,1,1,0,0,0,1,1.0,1.0,1.0,1.0,1.0,0.0,0.0,natural_components_match_k,success,0
m05_p01_s16,m05_p01,1,GT_SEMANTIC,gt_fragment_grouping_oracle,diagnostic_oracle,1,1,0,0,0,1,1.0,1.0,1.0,1.0,1.0,0.0,0.0,exact_k,success,0
m05_p01_s16,m05_p01,1,PREDICTED_SEMANTIC,nearest_component_k_normalizer,k_normalizer,1,1,0,0,0,1,1.0,0.7571387052241517,1.0,1.0,0.0,0.0,0.0,natural_components_match_k,success,0
m05_p01_s16,m05_p01,1,PREDICTED_SEMANTIC,area_aware_k_normalizer,k_normalizer,1,1,0,0,0,1,1.0,0.7571387052241517,1.0,1.0,0.0,0.0,0.0,natural_components_match_k,success,0
m05_p01_s16,m05_p01,1,PREDICTED_SEMANTIC,centroid_distance_k_normalizer,k_normalizer,1,1,0,0,0,1,1.0,0.7571387052241517,1.0,1.0,0.0,0.0,0.0,natural_components_match_k,success,0
m05_p01_s16,m05_p01,1,PREDICTED_SEMANTIC,hybrid_k_normalization,k_normalizer,1,1,0,0,0,1,1.0,0.7571387052241517,1.0,1.0,0.0,0.0,0.0,natural_components_match_k,success,0
m05_p01_s16,m05_p01,1,PREDICTED_SEMANTIC,gt_fragment_grouping_oracle,diagnostic_oracle,1,1,0,0,0,1,1.0,0.7571387052241517,1.0,1.0,0.0,0.0,0.0,exact_k,success,0
m05_p01_s17,m05_p01,1,GT_SEMANTIC,nearest_component_k_normalizer,k_normalizer,4,1,3,0,3,1,1.0,1.0,1.0,1.0,1.0,0.0,0.0,exact_k,success,1
m05_p01_s17,m05_p01,1,GT_SEMANTIC,area_aware_k_normalizer,k_normalizer,4,1,3,0,3,1,1.0,1.0,1.0,1.0,1.0,0.0,0.0,exact_k,success,1
m05_p01_s17,m05_p01,1,GT_SEMANTIC,centroid_distance_k_normalizer,k_normalizer,4,1,3,0,3,1,1.0,1.0,1.0,1.0,1.0,0.0,0.0,exact_k,success,1
m05_p01_s17,m05_p01,1,GT_SEMANTIC,hybrid_k_normalization,k_normalizer,4,1,3,0,3,1,1.0,1.0,1.0,1.0,1.0,0.0,0.0,exact_k,success,1
m05_p01_s17,m05_p01,1,GT_SEMANTIC,gt_fragment_grouping_oracle,diagnostic_oracle,4,1,3,0,3,1,1.0,1.0,1.0,1.0,1.0,0.0,0.0,exact_k,success,1
m05_p01_s17,m05_p01,1,PREDICTED_SEMANTIC,nearest_component_k_normalizer,k_normalizer,1,1,0,0,0,1,1.0,0.8373254907518957,1.0,1.0,1.0,0.0,0.0,natural_components_match_k,success,1
m05_p01_s17,m05_p01,1,PREDICTED_SEMANTIC,area_aware_k_normalizer,k_normalizer,1,1,0,0,0,1,1.0,0.8373254907518957,1.0,1.0,1.0,0.0,0.0,natural_components_match_k,success,1
m05_p01_s17,m05_p01,1,PREDICTED_SEMANTIC,centroid_distance_k_normalizer,k_normalizer,1,1,0,0,0,1,1.0,0.8373254907518957,1.0,1.0,1.0,0.0,0.0,natural_components_match_k,success,1
m05_p01_s17,m05_p01,1,PREDICTED_SEMANTIC,hybrid_k_normalization,k_normalizer,1,1,0,0,0,1,1.0,0.8373254907518957,1.0,1.0,1.0,0.0,0.0,natural_components_match_k,success,1
m05_p01_s17,m05_p01,1,PREDICTED_SEMANTIC,gt_fragment_grouping_oracle,diagnostic_oracle,1,1,0,0,0,1,1.0,0.8373254907518957,1.0,1.0,1.0,0.0,0.0,exact_k,success,1
m05_p01_s18,m05_p01,3,GT_SEMANTIC,nearest_component_k_normalizer,k_normalizer,3,3,0,0,0,1,1.0,1.0,1.0,1.0,1.0,0.0,0.0,natural_components_match_k,success,0
m05_p01_s18,m05_p01,3,GT_SEMANTIC,area_aware_k_normalizer,k_normalizer,3,3,0,0,0,1,1.0,1.0,1.0,1.0,1.0,0.0,0.0,natural_components_match_k,success,0
m05_p01_s18,m05_p01,3,GT_SEMANTIC,centroid_distance_k_normalizer,k_normalizer,3,3,0,0,0,1,1.0,1.0,1.0,1.0,1.0,0.0,0.0,natural_components_match_k,success,0
m05_p01_s18,m05_p01,3,GT_SEMANTIC,hybrid_k_normalization,k_normalizer,3,3,0,0,0,1,1.0,1.0,1.0,1.0,1.0,0.0,0.0,natural_components_match_k,success,0
m05_p01_s18,m05_p01,3,GT_SEMANTIC,gt_fragment_grouping_oracle,diagnostic_oracle,3,3,0,0,0,1,1.0,1.0,1.0,1.0,1.0,0.0,0.0,exact_k,success,0
m05_p01_s18,m05_p01,3,PREDICTED_SEMANTIC,nearest_component_k_normalizer,k_normalizer,2,3,0,1,0,1,1.0,0.6838795992589256,0.0,0.0,0.0,0.0,0.0,exact_k,false_semantic_bridge_requiring_split,0
m05_p01_s18,m05_p01,3,PREDICTED_SEMANTIC,area_aware_k_normalizer,k_normalizer,2,3,0,1,0,1,1.0,0.6838795992589256,0.0,0.0,0.0,0.0,0.0,exact_k,false_semantic_bridge_requiring_split,0
m05_p01_s18,m05_p01,3,PREDICTED_SEMANTIC,centroid_distance_k_normalizer,k_normalizer,2,3,0,1,0,1,1.0,0.6838795992589256,0.0,0.0,0.0,0.0,0.0,exact_k,false_semantic_bridge_requiring_split,0
m05_p01_s18,m05_p01,3,PREDICTED_SEMANTIC,hybrid_k_normalization,k_normalizer,2,3,0,1,0,1,1.0,0.6838795992589256,0.0,0.0,0.0,0.0,0.0,exact_k,false_semantic_bridge_requiring_split,0
m05_p01_s18,m05_p01,3,PREDICTED_SEMANTIC,gt_fragment_grouping_oracle,diagnostic_oracle,2,2,0,0,0,0,0.0,0.3070887364858794,0.0,0.0,0.0,1.0,0.0,missing_gt_overlap_for_some_leaflets,false_semantic_bridge_requiring_split,0
m05_p01_s19,m05_p01,2,GT_SEMANTIC,nearest_component_k_normalizer,k_normalizer,2,2,0,0,0,1,1.0,1.0,1.0,1.0,1.0,0.0,0.0,natural_components_match_k,success,0
m05_p01_s19,m05_p01,2,GT_SEMANTIC,area_aware_k_normalizer,k_normalizer,2,2,0,0,0,1,1.0,1.0,1.0,1.0,1.0,0.0,0.0,natural_components_match_k,success,0
m05_p01_s19,m05_p01,2,GT_SEMANTIC,centroid_distance_k_normalizer,k_normalizer,2,2,0,0,0,1,1.0,1.0,1.0,1.0,1.0,0.0,0.0,natural_components_match_k,success,0
m05_p01_s19,m05_p01,2,GT_SEMANTIC,hybrid_k_normalization,k_normalizer,2,2,0,0,0,1,1.0,1.0,1.0,1.0,1.0,0.0,0.0,natural_components_match_k,success,0
m05_p01_s19,m05_p01,2,GT_SEMANTIC,gt_fragment_grouping_oracle,diagnostic_oracle,2,2,0,0,0,1,1.0,1.0,1.0,1.0,1.0,0.0,0.0,exact_k,success,0
m05_p01_s19,m05_p01,2,PREDICTED_SEMANTIC,nearest_component_k_normalizer,k_normalizer,3,2,1,0,1,1,1.0,0.8607226224035949,1.0,1.0,1.0,0.0,0.0,exact_k,success,0
m05_p01_s19,m05_p01,2,PREDICTED_SEMANTIC,area_aware_k_normalizer,k_normalizer,3,2,1,0,1,1,1.0,0.8607226224035949,1.0,1.0,1.0,0.0,0.0,exact_k,success,0
m05_p01_s19,m05_p01,2,PREDICTED_SEMANTIC,centroid_distance_k_normalizer,k_normalizer,3,2,1,0,1,1,1.0,0.8241668519862673,1.0,1.0,0.0,0.0,0.0,exact_k,success,0
m05_p01_s19,m05_p01,2,PREDICTED_SEMANTIC,hybrid_k_normalization,k_normalizer,3,2,1,0,1,1,1.0,0.8607226224035949,1.0,1.0,1.0,0.0,0.0,exact_k,success,0
m05_p01_s19,m05_p01,2,PREDICTED_SEMANTIC,gt_fragment_grouping_oracle,diagnostic_oracle,3,2,1,0,1,1,1.0,0.8607226224035949,1.0,1.0,1.0,0.0,0.0,exact_k,success,0
m05_p01_s20,m05_p01,2,GT_SEMANTIC,nearest_component_k_normalizer,k_normalizer,2,2,0,0,0,1,1.0,1.0,1.0,1.0,1.0,0.0,0.0,natural_components_match_k,success,0
m05_p01_s20,m05_p01,2,GT_SEMANTIC,area_aware_k_normalizer,k_normalizer,2,2,0,0,0,1,1.0,1.0,1.0,1.0,1.0,0.0,0.0,natural_components_match_k,success,0
m05_p01_s20,m05_p01,2,GT_SEMANTIC,centroid_distance_k_normalizer,k_normalizer,2,2,0,0,0,1,1.0,1.0,1.0,1.0,1.0,0.0,0.0,natural_components_match_k,success,0
m05_p01_s20,m05_p01,2,GT_SEMANTIC,hybrid_k_normalization,k_normalizer,2,2,0,0,0,1,1.0,1.0,1.0,1.0,1.0,0.0,0.0,natural_components_match_k,success,0
m05_p01_s20,m05_p01,2,GT_SEMANTIC,gt_fragment_grouping_oracle,diagnostic_oracle,2,2,0,0,0,1,1.0,1.0,1.0,1.0,1.0,0.0,0.0,exact_k,success,0
m05_p01_s20,m05_p01,2,PREDICTED_SEMANTIC,nearest_component_k_normalizer,k_normalizer,4,2,2,0,2,1,1.0,0.280393556597039,0.0,0.0,0.0,0.0,0.0,exact_k,insufficient_semantic_foreground,0
m05_p01_s20,m05_p01,2,PREDICTED_SEMANTIC,area_aware_k_normalizer,k_normalizer,4,2,2,0,2,1,1.0,0.7557139280038567,1.0,0.0,0.0,0.0,0.0,exact_k,success,0
m05_p01_s20,m05_p01,2,PREDICTED_SEMANTIC,centroid_distance_k_normalizer,k_normalizer,4,2,2,0,2,1,1.0,0.2809560092677541,0.0,0.0,0.0,0.0,0.0,exact_k,insufficient_semantic_foreground,0
m05_p01_s20,m05_p01,2,PREDICTED_SEMANTIC,hybrid_k_normalization,k_normalizer,4,2,2,0,2,1,1.0,0.7557139280038567,1.0,0.0,0.0,0.0,0.0,exact_k,success,0
m05_p01_s20,m05_p01,2,PREDICTED_SEMANTIC,gt_fragment_grouping_oracle,diagnostic_oracle,4,2,2,0,2,1,1.0,0.756650450059587,1.0,0.0,0.0,0.0,0.0,exact_k,success,0
m05_p01_s21,m05_p01,2,GT_SEMANTIC,nearest_component_k_normalizer,k_normalizer,3,2,1,0,1,1,1.0,1.0,1.0,1.0,1.0,0.0,0.0,exact_k,success,1
m05_p01_s21,m05_p01,2,GT_SEMANTIC,area_aware_k_normalizer,k_normalizer,3,2,1,0,1,1,1.0,1.0,1.0,1.0,1.0,0.0,0.0,exact_k,success,1
m05_p01_s21,m05_p01,2,GT_SEMANTIC,centroid_distance_k_normalizer,k_normalizer,3,2,1,0,1,1,1.0,1.0,1.0,1.0,1.0,0.0,0.0,exact_k,success,1
m05_p01_s21,m05_p01,2,GT_SEMANTIC,hybrid_k_normalization,k_normalizer,3,2,1,0,1,1,1.0,1.0,1.0,1.0,1.0,0.0,0.0,exact_k,success,1
m05_p01_s21,m05_p01,2,GT_SEMANTIC,gt_fragment_grouping_oracle,diagnostic_oracle,3,2,1,0,1,1,1.0,1.0,1.0,1.0,1.0,0.0,0.0,exact_k,success,1
m05_p01_s21,m05_p01,2,PREDICTED_SEMANTIC,nearest_component_k_normalizer,k_normalizer,2,2,0,0,0,1,1.0,0.846550544180531,1.0,1.0,1.0,0.0,0.0,natural_components_match_k,success,1
m05_p01_s21,m05_p01,2,PREDICTED_SEMANTIC,area_aware_k_normalizer,k_normalizer,2,2,0,0,0,1,1.0,0.846550544180531,1.0,1.0,1.0,0.0,0.0,natural_components_match_k,success,1
m05_p01_s21,m05_p01,2,PREDICTED_SEMANTIC,centroid_distance_k_normalizer,k_normalizer,2,2,0,0,0,1,1.0,0.846550544180531,1.0,1.0,1.0,0.0,0.0,natural_components_match_k,success,1
m05_p01_s21,m05_p01,2,PREDICTED_SEMANTIC,hybrid_k_normalization,k_normalizer,2,2,0,0,0,1,1.0,0.846550544180531,1.0,1.0,1.0,0.0,0.0,natural_components_match_k,success,1
m05_p01_s21,m05_p01,2,PREDICTED_SEMANTIC,gt_fragment_grouping_oracle,diagnostic_oracle,2,2,0,0,0,1,1.0,0.846550544180531,1.0,1.0,1.0,0.0,0.0,exact_k,success,1
m05_p01_s22,m05_p01,3,GT_SEMANTIC,nearest_component_k_normalizer,k_normalizer,3,3,0,0,0,1,1.0,1.0,1.0,1.0,1.0,0.0,0.0,natural_components_match_k,success,0
m05_p01_s22,m05_p01,3,GT_SEMANTIC,area_aware_k_normalizer,k_normalizer,3,3,0,0,0,1,1.0,1.0,1.0,1.0,1.0,0.0,0.0,natural_components_match_k,success,0
m05_p01_s22,m05_p01,3,GT_SEMANTIC,centroid_distance_k_normalizer,k_normalizer,3,3,0,0,0,1,1.0,1.0,1.0,1.0,1.0,0.0,0.0,natural_components_match_k,success,0
m05_p01_s22,m05_p01,3,GT_SEMANTIC,hybrid_k_normalization,k_normalizer,3,3,0,0,0,1,1.0,1.0,1.0,1.0,1.0,0.0,0.0,natural_components_match_k,success,0
m05_p01_s22,m05_p01,3,GT_SEMANTIC,gt_fragment_grouping_oracle,diagnostic_oracle,3,3,0,0,0,1,1.0,1.0,1.0,1.0,1.0,0.0,0.0,exact_k,success,0
m05_p01_s22,m05_p01,3,PREDICTED_SEMANTIC,nearest_component_k_normalizer,k_normalizer,4,3,1,0,1,1,1.0,0.8131247799643037,1.0,1.0,0.0,0.0,0.0,exact_k,success,0
m05_p01_s22,m05_p01,3,PREDICTED_SEMANTIC,area_aware_k_normalizer,k_normalizer,4,3,1,0,1,1,1.0,0.8131247799643037,1.0,1.0,0.0,0.0,0.0,exact_k,success,0
m05_p01_s22,m05_p01,3,PREDICTED_SEMANTIC,centroid_distance_k_normalizer,k_normalizer,4,3,1,0,1,1,1.0,0.8131247799643037,1.0,1.0,0.0,0.0,0.0,exact_k,success,0
m05_p01_s22,m05_p01,3,PREDICTED_SEMANTIC,hybrid_k_normalization,k_normalizer,4,3,1,0,1,1,1.0,0.8131247799643037,1.0,1.0,0.0,0.0,0.0,exact_k,success,0
m05_p01_s22,m05_p01,3,PREDICTED_SEMANTIC,gt_fragment_grouping_oracle,diagnostic_oracle,4,3,1,0,1,1,1.0,0.8130752890578181,1.0,1.0,0.0,0.0,0.0,exact_k,success,0
m05_p01_s23,m05_p01,1,GT_SEMANTIC,nearest_component_k_normalizer,k_normalizer,2,1,1,0,1,1,1.0,1.0,1.0,1.0,1.0,0.0,0.0,exact_k,success,1
m05_p01_s23,m05_p01,1,GT_SEMANTIC,area_aware_k_normalizer,k_normalizer,2,1,1,0,1,1,1.0,1.0,1.0,1.0,1.0,0.0,0.0,exact_k,success,1
m05_p01_s23,m05_p01,1,GT_SEMANTIC,centroid_distance_k_normalizer,k_normalizer,2,1,1,0,1,1,1.0,1.0,1.0,1.0,1.0,0.0,0.0,exact_k,success,1
m05_p01_s23,m05_p01,1,GT_SEMANTIC,hybrid_k_normalization,k_normalizer,2,1,1,0,1,1,1.0,1.0,1.0,1.0,1.0,0.0,0.0,exact_k,success,1
m05_p01_s23,m05_p01,1,GT_SEMANTIC,gt_fragment_grouping_oracle,diagnostic_oracle,2,1,1,0,1,1,1.0,1.0,1.0,1.0,1.0,0.0,0.0,exact_k,success,1
m05_p01_s23,m05_p01,1,PREDICTED_SEMANTIC,nearest_component_k_normalizer,k_normalizer,1,1,0,0,0,1,1.0,0.8779732408325074,1.0,1.0,1.0,0.0,0.0,natural_components_match_k,success,1
m05_p01_s23,m05_p01,1,PREDICTED_SEMANTIC,area_aware_k_normalizer,k_normalizer,1,1,0,0,0,1,1.0,0.8779732408325074,1.0,1.0,1.0,0.0,0.0,natural_components_match_k,success,1
m05_p01_s23,m05_p01,1,PREDICTED_SEMANTIC,centroid_distance_k_normalizer,k_normalizer,1,1,0,0,0,1,1.0,0.8779732408325074,1.0,1.0,1.0,0.0,0.0,natural_components_match_k,success,1
m05_p01_s23,m05_p01,1,PREDICTED_SEMANTIC,hybrid_k_normalization,k_normalizer,1,1,0,0,0,1,1.0,0.8779732408325074,1.0,1.0,1.0,0.0,0.0,natural_components_match_k,success,1
m05_p01_s23,m05_p01,1,PREDICTED_SEMANTIC,gt_fragment_grouping_oracle,diagnostic_oracle,1,1,0,0,0,1,1.0,0.8779732408325074,1.0,1.0,1.0,0.0,0.0,exact_k,success,1
m05_p01_s24,m05_p01,3,GT_SEMANTIC,nearest_component_k_normalizer,k_normalizer,5,3,2,0,2,1,1.0,0.6735531074774798,1.0,0.0,0.0,0.0,0.0,exact_k,success,1
m05_p01_s24,m05_p01,3,GT_SEMANTIC,area_aware_k_normalizer,k_normalizer,5,3,2,0,2,1,1.0,0.6735531074774798,1.0,0.0,0.0,0.0,0.0,exact_k,success,1
m05_p01_s24,m05_p01,3,GT_SEMANTIC,centroid_distance_k_normalizer,k_normalizer,5,3,2,0,2,1,1.0,1.0,1.0,1.0,1.0,0.0,0.0,exact_k,success,1
m05_p01_s24,m05_p01,3,GT_SEMANTIC,hybrid_k_normalization,k_normalizer,5,3,2,0,2,1,1.0,0.47147735542055,0.0,0.0,0.0,0.0,0.0,exact_k,other,1
m05_p01_s24,m05_p01,3,GT_SEMANTIC,gt_fragment_grouping_oracle,diagnostic_oracle,5,3,2,0,2,1,1.0,1.0,1.0,1.0,1.0,0.0,0.0,exact_k,success,1
m05_p01_s24,m05_p01,3,PREDICTED_SEMANTIC,nearest_component_k_normalizer,k_normalizer,4,3,1,0,1,1,1.0,0.49772435185142433,0.0,0.0,0.0,0.0,0.0,exact_k,insufficient_semantic_foreground,1
m05_p01_s24,m05_p01,3,PREDICTED_SEMANTIC,area_aware_k_normalizer,k_normalizer,4,3,1,0,1,1,1.0,0.49772435185142433,0.0,0.0,0.0,0.0,0.0,exact_k,insufficient_semantic_foreground,1
m05_p01_s24,m05_p01,3,PREDICTED_SEMANTIC,centroid_distance_k_normalizer,k_normalizer,4,3,1,0,1,1,1.0,0.6648177074497214,0.0,0.0,0.0,0.0,0.0,exact_k,insufficient_semantic_foreground,1
m05_p01_s24,m05_p01,3,PREDICTED_SEMANTIC,hybrid_k_normalization,k_normalizer,4,3,1,0,1,1,1.0,0.4727243685892349,0.0,0.0,0.0,0.0,0.0,exact_k,insufficient_semantic_foreground,1
m05_p01_s24,m05_p01,3,PREDICTED_SEMANTIC,gt_fragment_grouping_oracle,diagnostic_oracle,4,3,1,0,1,1,1.0,0.6648177074497214,0.0,0.0,0.0,0.0,0.0,exact_k,insufficient_semantic_foreground,1
m05_p01_s25,m05_p01,1,GT_SEMANTIC,nearest_component_k_normalizer,k_normalizer,1,1,0,0,0,1,1.0,1.0,1.0,1.0,1.0,0.0,0.0,natural_components_match_k,success,0
m05_p01_s25,m05_p01,1,GT_SEMANTIC,area_aware_k_normalizer,k_normalizer,1,1,0,0,0,1,1.0,1.0,1.0,1.0,1.0,0.0,0.0,natural_components_match_k,success,0
m05_p01_s25,m05_p01,1,GT_SEMANTIC,centroid_distance_k_normalizer,k_normalizer,1,1,0,0,0,1,1.0,1.0,1.0,1.0,1.0,0.0,0.0,natural_components_match_k,success,0
m05_p01_s25,m05_p01,1,GT_SEMANTIC,hybrid_k_normalization,k_normalizer,1,1,0,0,0,1,1.0,1.0,1.0,1.0,1.0,0.0,0.0,natural_components_match_k,success,0
m05_p01_s25,m05_p01,1,GT_SEMANTIC,gt_fragment_grouping_oracle,diagnostic_oracle,1,1,0,0,0,1,1.0,1.0,1.0,1.0,1.0,0.0,0.0,exact_k,success,0
m05_p01_s25,m05_p01,1,PREDICTED_SEMANTIC,nearest_component_k_normalizer,k_normalizer,2,1,1,0,1,1,1.0,0.7204845886517912,1.0,1.0,0.0,0.0,0.0,exact_k,success,0
m05_p01_s25,m05_p01,1,PREDICTED_SEMANTIC,area_aware_k_normalizer,k_normalizer,2,1,1,0,1,1,1.0,0.7204845886517912,1.0,1.0,0.0,0.0,0.0,exact_k,success,0
m05_p01_s25,m05_p01,1,PREDICTED_SEMANTIC,centroid_distance_k_normalizer,k_normalizer,2,1,1,0,1,1,1.0,0.7204845886517912,1.0,1.0,0.0,0.0,0.0,exact_k,success,0
m05_p01_s25,m05_p01,1,PREDICTED_SEMANTIC,hybrid_k_normalization,k_normalizer,2,1,1,0,1,1,1.0,0.7204845886517912,1.0,1.0,0.0,0.0,0.0,exact_k,success,0
m05_p01_s25,m05_p01,1,PREDICTED_SEMANTIC,gt_fragment_grouping_oracle,diagnostic_oracle,2,1,1,0,1,1,1.0,0.7204845886517912,1.0,1.0,0.0,0.0,0.0,exact_k,success,0
m05_p01_s26,m05_p01,2,GT_SEMANTIC,nearest_component_k_normalizer,k_normalizer,3,2,1,0,1,1,1.0,0.524191348467555,0.0,0.0,0.0,0.0,0.0,exact_k,other,1
m05_p01_s26,m05_p01,2,GT_SEMANTIC,area_aware_k_normalizer,k_normalizer,3,2,1,0,1,1,1.0,0.524191348467555,0.0,0.0,0.0,0.0,0.0,exact_k,other,1
m05_p01_s26,m05_p01,2,GT_SEMANTIC,centroid_distance_k_normalizer,k_normalizer,3,2,1,0,1,1,1.0,0.524191348467555,0.0,0.0,0.0,0.0,0.0,exact_k,other,1
m05_p01_s26,m05_p01,2,GT_SEMANTIC,hybrid_k_normalization,k_normalizer,3,2,1,0,1,1,1.0,1.0,1.0,1.0,1.0,0.0,0.0,exact_k,success,1
m05_p01_s26,m05_p01,2,GT_SEMANTIC,gt_fragment_grouping_oracle,diagnostic_oracle,3,2,1,0,1,1,1.0,1.0,1.0,1.0,1.0,0.0,0.0,exact_k,success,1
m05_p01_s26,m05_p01,2,PREDICTED_SEMANTIC,nearest_component_k_normalizer,k_normalizer,1,2,0,1,0,1,1.0,0.14824495892457057,0.0,0.0,0.0,0.0,0.0,exact_k,false_semantic_bridge_requiring_split,1
m05_p01_s26,m05_p01,2,PREDICTED_SEMANTIC,area_aware_k_normalizer,k_normalizer,1,2,0,1,0,1,1.0,0.14824495892457057,0.0,0.0,0.0,0.0,0.0,exact_k,false_semantic_bridge_requiring_split,1
m05_p01_s26,m05_p01,2,PREDICTED_SEMANTIC,centroid_distance_k_normalizer,k_normalizer,1,2,0,1,0,1,1.0,0.14824495892457057,0.0,0.0,0.0,0.0,0.0,exact_k,false_semantic_bridge_requiring_split,1
m05_p01_s26,m05_p01,2,PREDICTED_SEMANTIC,hybrid_k_normalization,k_normalizer,1,2,0,1,0,1,1.0,0.14824495892457057,0.0,0.0,0.0,0.0,0.0,exact_k,false_semantic_bridge_requiring_split,1
m05_p01_s26,m05_p01,2,PREDICTED_SEMANTIC,gt_fragment_grouping_oracle,diagnostic_oracle,1,1,0,0,0,0,0.0,0.391530041233065,0.0,0.0,0.0,1.0,0.0,missing_gt_overlap_for_some_leaflets,false_semantic_bridge_requiring_split,1
m05_p01_s27,m05_p01,2,GT_SEMANTIC,nearest_component_k_normalizer,k_normalizer,3,2,1,0,1,1,1.0,1.0,1.0,1.0,1.0,0.0,0.0,exact_k,success,1
m05_p01_s27,m05_p01,2,GT_SEMANTIC,area_aware_k_normalizer,k_normalizer,3,2,1,0,1,1,1.0,1.0,1.0,1.0,1.0,0.0,0.0,exact_k,success,1
m05_p01_s27,m05_p01,2,GT_SEMANTIC,centroid_distance_k_normalizer,k_normalizer,3,2,1,0,1,1,1.0,1.0,1.0,1.0,1.0,0.0,0.0,exact_k,success,1
m05_p01_s27,m05_p01,2,GT_SEMANTIC,hybrid_k_normalization,k_normalizer,3,2,1,0,1,1,1.0,1.0,1.0,1.0,1.0,0.0,0.0,exact_k,success,1
m05_p01_s27,m05_p01,2,GT_SEMANTIC,gt_fragment_grouping_oracle,diagnostic_oracle,3,2,1,0,1,1,1.0,1.0,1.0,1.0,1.0,0.0,0.0,exact_k,success,1
m05_p01_s27,m05_p01,2,PREDICTED_SEMANTIC,nearest_component_k_normalizer,k_normalizer,6,2,4,0,4,1,1.0,0.8111774372367402,1.0,1.0,0.0,0.0,0.0,exact_k,success,1
m05_p01_s27,m05_p01,2,PREDICTED_SEMANTIC,area_aware_k_normalizer,k_normalizer,6,2,4,0,4,1,1.0,0.8111774372367402,1.0,1.0,0.0,0.0,0.0,exact_k,success,1
m05_p01_s27,m05_p01,2,PREDICTED_SEMANTIC,centroid_distance_k_normalizer,k_normalizer,6,2,4,0,4,1,1.0,0.8111774372367402,1.0,1.0,0.0,0.0,0.0,exact_k,success,1
m05_p01_s27,m05_p01,2,PREDICTED_SEMANTIC,hybrid_k_normalization,k_normalizer,6,2,4,0,4,1,1.0,0.8111774372367402,1.0,1.0,0.0,0.0,0.0,exact_k,success,1
m05_p01_s27,m05_p01,2,PREDICTED_SEMANTIC,gt_fragment_grouping_oracle,diagnostic_oracle,6,2,4,0,4,1,1.0,0.8111774372367402,1.0,1.0,0.0,0.0,0.0,exact_k,success,1
m05_p01_s28,m05_p01,2,GT_SEMANTIC,nearest_component_k_normalizer,k_normalizer,3,2,1,0,1,1,1.0,0.6123120837311781,0.0,0.0,0.0,0.0,0.0,exact_k,other,1
m05_p01_s28,m05_p01,2,GT_SEMANTIC,area_aware_k_normalizer,k_normalizer,3,2,1,0,1,1,1.0,0.6123120837311781,0.0,0.0,0.0,0.0,0.0,exact_k,other,1
m05_p01_s28,m05_p01,2,GT_SEMANTIC,centroid_distance_k_normalizer,k_normalizer,3,2,1,0,1,1,1.0,1.0,1.0,1.0,1.0,0.0,0.0,exact_k,success,1
m05_p01_s28,m05_p01,2,GT_SEMANTIC,hybrid_k_normalization,k_normalizer,3,2,1,0,1,1,1.0,0.6123120837311781,0.0,0.0,0.0,0.0,0.0,exact_k,other,1
m05_p01_s28,m05_p01,2,GT_SEMANTIC,gt_fragment_grouping_oracle,diagnostic_oracle,3,2,1,0,1,1,1.0,1.0,1.0,1.0,1.0,0.0,0.0,exact_k,success,1
m05_p01_s28,m05_p01,2,PREDICTED_SEMANTIC,nearest_component_k_normalizer,k_normalizer,5,2,3,0,3,1,1.0,0.43650545937144974,0.0,0.0,0.0,0.0,0.0,exact_k,insufficient_semantic_foreground,1
m05_p01_s28,m05_p01,2,PREDICTED_SEMANTIC,area_aware_k_normalizer,k_normalizer,5,2,3,0,3,1,1.0,0.43650545937144974,0.0,0.0,0.0,0.0,0.0,exact_k,insufficient_semantic_foreground,1
m05_p01_s28,m05_p01,2,PREDICTED_SEMANTIC,centroid_distance_k_normalizer,k_normalizer,5,2,3,0,3,1,1.0,0.7430433605434141,1.0,1.0,0.0,0.0,0.0,exact_k,success,1
m05_p01_s28,m05_p01,2,PREDICTED_SEMANTIC,hybrid_k_normalization,k_normalizer,5,2,3,0,3,1,1.0,0.744701574622139,1.0,1.0,0.0,0.0,0.0,exact_k,success,1
m05_p01_s28,m05_p01,2,PREDICTED_SEMANTIC,gt_fragment_grouping_oracle,diagnostic_oracle,5,2,3,0,3,1,1.0,0.7430433605434141,1.0,1.0,0.0,0.0,0.0,exact_k,success,1
m05_p01_s29,m05_p01,2,GT_SEMANTIC,nearest_component_k_normalizer,k_normalizer,2,2,0,0,0,1,1.0,1.0,1.0,1.0,1.0,0.0,0.0,natural_components_match_k,success,0
m05_p01_s29,m05_p01,2,GT_SEMANTIC,area_aware_k_normalizer,k_normalizer,2,2,0,0,0,1,1.0,1.0,1.0,1.0,1.0,0.0,0.0,natural_components_match_k,success,0
m05_p01_s29,m05_p01,2,GT_SEMANTIC,centroid_distance_k_normalizer,k_normalizer,2,2,0,0,0,1,1.0,1.0,1.0,1.0,1.0,0.0,0.0,natural_components_match_k,success,0
m05_p01_s29,m05_p01,2,GT_SEMANTIC,hybrid_k_normalization,k_normalizer,2,2,0,0,0,1,1.0,1.0,1.0,1.0,1.0,0.0,0.0,natural_components_match_k,success,0
m05_p01_s29,m05_p01,2,GT_SEMANTIC,gt_fragment_grouping_oracle,diagnostic_oracle,2,2,0,0,0,1,1.0,1.0,1.0,1.0,1.0,0.0,0.0,exact_k,success,0
m05_p01_s29,m05_p01,2,PREDICTED_SEMANTIC,nearest_component_k_normalizer,k_normalizer,10,2,8,0,8,1,1.0,0.31312874060868456,0.0,0.0,0.0,0.0,0.0,exact_k,ambiguous_geometry,0
m05_p01_s29,m05_p01,2,PREDICTED_SEMANTIC,area_aware_k_normalizer,k_normalizer,10,2,8,0,8,1,1.0,0.31312874060868456,0.0,0.0,0.0,0.0,0.0,exact_k,ambiguous_geometry,0
m05_p01_s29,m05_p01,2,PREDICTED_SEMANTIC,centroid_distance_k_normalizer,k_normalizer,10,2,8,0,8,1,1.0,0.31336246131440015,0.0,0.0,0.0,0.0,0.0,exact_k,ambiguous_geometry,0
m05_p01_s29,m05_p01,2,PREDICTED_SEMANTIC,hybrid_k_normalization,k_normalizer,10,2,8,0,8,1,1.0,0.31312874060868456,0.0,0.0,0.0,0.0,0.0,exact_k,ambiguous_geometry,0
m05_p01_s29,m05_p01,2,PREDICTED_SEMANTIC,gt_fragment_grouping_oracle,diagnostic_oracle,10,2,8,0,8,1,1.0,0.8232120158429141,1.0,1.0,0.0,0.0,0.0,exact_k,success,0
m05_p01_s30,m05_p01,3,GT_SEMANTIC,nearest_component_k_normalizer,k_normalizer,3,3,0,0,0,1,1.0,1.0,1.0,1.0,1.0,0.0,0.0,natural_components_match_k,success,0
m05_p01_s30,m05_p01,3,GT_SEMANTIC,area_aware_k_normalizer,k_normalizer,3,3,0,0,0,1,1.0,1.0,1.0,1.0,1.0,0.0,0.0,natural_components_match_k,success,0
m05_p01_s30,m05_p01,3,GT_SEMANTIC,centroid_distance_k_normalizer,k_normalizer,3,3,0,0,0,1,1.0,1.0,1.0,1.0,1.0,0.0,0.0,natural_components_match_k,success,0
m05_p01_s30,m05_p01,3,GT_SEMANTIC,hybrid_k_normalization,k_normalizer,3,3,0,0,0,1,1.0,1.0,1.0,1.0,1.0,0.0,0.0,natural_components_match_k,success,0
m05_p01_s30,m05_p01,3,GT_SEMANTIC,gt_fragment_grouping_oracle,diagnostic_oracle,3,3,0,0,0,1,1.0,1.0,1.0,1.0,1.0,0.0,0.0,exact_k,success,0
m05_p01_s30,m05_p01,3,PREDICTED_SEMANTIC,nearest_component_k_normalizer,k_normalizer,2,3,0,1,0,1,1.0,0.44517348155558895,0.0,0.0,0.0,0.0,0.0,exact_k,false_semantic_bridge_requiring_split,0
m05_p01_s30,m05_p01,3,PREDICTED_SEMANTIC,area_aware_k_normalizer,k_normalizer,2,3,0,1,0,1,1.0,0.44517348155558895,0.0,0.0,0.0,0.0,0.0,exact_k,false_semantic_bridge_requiring_split,0
m05_p01_s30,m05_p01,3,PREDICTED_SEMANTIC,centroid_distance_k_normalizer,k_normalizer,2,3,0,1,0,1,1.0,0.44517348155558895,0.0,0.0,0.0,0.0,0.0,exact_k,false_semantic_bridge_requiring_split,0
m05_p01_s30,m05_p01,3,PREDICTED_SEMANTIC,hybrid_k_normalization,k_normalizer,2,3,0,1,0,1,1.0,0.44517348155558895,0.0,0.0,0.0,0.0,0.0,exact_k,false_semantic_bridge_requiring_split,0
m05_p01_s30,m05_p01,3,PREDICTED_SEMANTIC,gt_fragment_grouping_oracle,diagnostic_oracle,2,2,0,0,0,0,0.0,0.2943422083007048,0.0,0.0,0.0,1.0,0.0,missing_gt_overlap_for_some_leaflets,false_semantic_bridge_requiring_split,0
m05_p01_s31,m05_p01,3,GT_SEMANTIC,nearest_component_k_normalizer,k_normalizer,5,3,2,0,2,1,1.0,0.6925775232505939,0.0,0.0,0.0,0.0,0.0,exact_k,other,1
m05_p01_s31,m05_p01,3,GT_SEMANTIC,area_aware_k_normalizer,k_normalizer,5,3,2,0,2,1,1.0,0.6925775232505939,0.0,0.0,0.0,0.0,0.0,exact_k,other,1
m05_p01_s31,m05_p01,3,GT_SEMANTIC,centroid_distance_k_normalizer,k_normalizer,5,3,2,0,2,1,1.0,1.0,1.0,1.0,1.0,0.0,0.0,exact_k,success,1
m05_p01_s31,m05_p01,3,GT_SEMANTIC,hybrid_k_normalization,k_normalizer,5,3,2,0,2,1,1.0,0.6925775232505939,0.0,0.0,0.0,0.0,0.0,exact_k,other,1
m05_p01_s31,m05_p01,3,GT_SEMANTIC,gt_fragment_grouping_oracle,diagnostic_oracle,5,3,2,0,2,1,1.0,1.0,1.0,1.0,1.0,0.0,0.0,exact_k,success,1
m05_p01_s31,m05_p01,3,PREDICTED_SEMANTIC,nearest_component_k_normalizer,k_normalizer,7,3,4,0,4,1,1.0,0.5376488723697174,0.0,0.0,0.0,0.0,0.0,exact_k,insufficient_semantic_foreground,1
m05_p01_s31,m05_p01,3,PREDICTED_SEMANTIC,area_aware_k_normalizer,k_normalizer,7,3,4,0,4,1,1.0,0.5376488723697174,0.0,0.0,0.0,0.0,0.0,exact_k,insufficient_semantic_foreground,1
m05_p01_s31,m05_p01,3,PREDICTED_SEMANTIC,centroid_distance_k_normalizer,k_normalizer,7,3,4,0,4,1,1.0,0.7374700599281553,1.0,0.0,0.0,0.0,0.0,exact_k,success,1
m05_p01_s31,m05_p01,3,PREDICTED_SEMANTIC,hybrid_k_normalization,k_normalizer,7,3,4,0,4,1,1.0,0.5376488723697174,0.0,0.0,0.0,0.0,0.0,exact_k,insufficient_semantic_foreground,1
m05_p01_s31,m05_p01,3,PREDICTED_SEMANTIC,gt_fragment_grouping_oracle,diagnostic_oracle,7,3,4,0,4,1,1.0,0.7374700599281553,1.0,0.0,0.0,0.0,0.0,exact_k,success,1
m05_p01_s32,m05_p01,1,GT_SEMANTIC,nearest_component_k_normalizer,k_normalizer,1,1,0,0,0,1,1.0,1.0,1.0,1.0,1.0,0.0,0.0,natural_components_match_k,success,0
m05_p01_s32,m05_p01,1,GT_SEMANTIC,area_aware_k_normalizer,k_normalizer,1,1,0,0,0,1,1.0,1.0,1.0,1.0,1.0,0.0,0.0,natural_components_match_k,success,0
m05_p01_s32,m05_p01,1,GT_SEMANTIC,centroid_distance_k_normalizer,k_normalizer,1,1,0,0,0,1,1.0,1.0,1.0,1.0,1.0,0.0,0.0,natural_components_match_k,success,0
m05_p01_s32,m05_p01,1,GT_SEMANTIC,hybrid_k_normalization,k_normalizer,1,1,0,0,0,1,1.0,1.0,1.0,1.0,1.0,0.0,0.0,natural_components_match_k,success,0
m05_p01_s32,m05_p01,1,GT_SEMANTIC,gt_fragment_grouping_oracle,diagnostic_oracle,1,1,0,0,0,1,1.0,1.0,1.0,1.0,1.0,0.0,0.0,exact_k,success,0
m05_p01_s32,m05_p01,1,PREDICTED_SEMANTIC,nearest_component_k_normalizer,k_normalizer,1,1,0,0,0,1,1.0,0.7815973051112702,1.0,1.0,0.0,0.0,0.0,natural_components_match_k,success,0
m05_p01_s32,m05_p01,1,PREDICTED_SEMANTIC,area_aware_k_normalizer,k_normalizer,1,1,0,0,0,1,1.0,0.7815973051112702,1.0,1.0,0.0,0.0,0.0,natural_components_match_k,success,0
m05_p01_s32,m05_p01,1,PREDICTED_SEMANTIC,centroid_distance_k_normalizer,k_normalizer,1,1,0,0,0,1,1.0,0.7815973051112702,1.0,1.0,0.0,0.0,0.0,natural_components_match_k,success,0
m05_p01_s32,m05_p01,1,PREDICTED_SEMANTIC,hybrid_k_normalization,k_normalizer,1,1,0,0,0,1,1.0,0.7815973051112702,1.0,1.0,0.0,0.0,0.0,natural_components_match_k,success,0
m05_p01_s32,m05_p01,1,PREDICTED_SEMANTIC,gt_fragment_grouping_oracle,diagnostic_oracle,1,1,0,0,0,1,1.0,0.7815973051112702,1.0,1.0,0.0,0.0,0.0,exact_k,success,0
m05_p01_s33,m05_p01,1,GT_SEMANTIC,nearest_component_k_normalizer,k_normalizer,1,1,0,0,0,1,1.0,1.0,1.0,1.0,1.0,0.0,0.0,natural_components_match_k,success,0
m05_p01_s33,m05_p01,1,GT_SEMANTIC,area_aware_k_normalizer,k_normalizer,1,1,0,0,0,1,1.0,1.0,1.0,1.0,1.0,0.0,0.0,natural_components_match_k,success,0
m05_p01_s33,m05_p01,1,GT_SEMANTIC,centroid_distance_k_normalizer,k_normalizer,1,1,0,0,0,1,1.0,1.0,1.0,1.0,1.0,0.0,0.0,natural_components_match_k,success,0
m05_p01_s33,m05_p01,1,GT_SEMANTIC,hybrid_k_normalization,k_normalizer,1,1,0,0,0,1,1.0,1.0,1.0,1.0,1.0,0.0,0.0,natural_components_match_k,success,0
m05_p01_s33,m05_p01,1,GT_SEMANTIC,gt_fragment_grouping_oracle,diagnostic_oracle,1,1,0,0,0,1,1.0,1.0,1.0,1.0,1.0,0.0,0.0,exact_k,success,0
m05_p01_s33,m05_p01,1,PREDICTED_SEMANTIC,nearest_component_k_normalizer,k_normalizer,1,1,0,0,0,1,1.0,0.8181761709529134,1.0,1.0,1.0,0.0,0.0,natural_components_match_k,success,0
m05_p01_s33,m05_p01,1,PREDICTED_SEMANTIC,area_aware_k_normalizer,k_normalizer,1,1,0,0,0,1,1.0,0.8181761709529134,1.0,1.0,1.0,0.0,0.0,natural_components_match_k,success,0
m05_p01_s33,m05_p01,1,PREDICTED_SEMANTIC,centroid_distance_k_normalizer,k_normalizer,1,1,0,0,0,1,1.0,0.8181761709529134,1.0,1.0,1.0,0.0,0.0,natural_components_match_k,success,0
m05_p01_s33,m05_p01,1,PREDICTED_SEMANTIC,hybrid_k_normalization,k_normalizer,1,1,0,0,0,1,1.0,0.8181761709529134,1.0,1.0,1.0,0.0,0.0,natural_components_match_k,success,0
m05_p01_s33,m05_p01,1,PREDICTED_SEMANTIC,gt_fragment_grouping_oracle,diagnostic_oracle,1,1,0,0,0,1,1.0,0.8181761709529134,1.0,1.0,1.0,0.0,0.0,exact_k,success,0
m05_p01_s34,m05_p01,2,GT_SEMANTIC,nearest_component_k_normalizer,k_normalizer,3,2,1,0,1,1,1.0,0.5294265291476568,0.0,0.0,0.0,0.0,0.0,exact_k,other,1
m05_p01_s34,m05_p01,2,GT_SEMANTIC,area_aware_k_normalizer,k_normalizer,3,2,1,0,1,1,1.0,0.5294265291476568,0.0,0.0,0.0,0.0,0.0,exact_k,other,1
m05_p01_s34,m05_p01,2,GT_SEMANTIC,centroid_distance_k_normalizer,k_normalizer,3,2,1,0,1,1,1.0,0.5294265291476568,0.0,0.0,0.0,0.0,0.0,exact_k,other,1
m05_p01_s34,m05_p01,2,GT_SEMANTIC,hybrid_k_normalization,k_normalizer,3,2,1,0,1,1,1.0,1.0,1.0,1.0,1.0,0.0,0.0,exact_k,success,1
m05_p01_s34,m05_p01,2,GT_SEMANTIC,gt_fragment_grouping_oracle,diagnostic_oracle,3,2,1,0,1,1,1.0,1.0,1.0,1.0,1.0,0.0,0.0,exact_k,success,1
m05_p01_s34,m05_p01,2,PREDICTED_SEMANTIC,nearest_component_k_normalizer,k_normalizer,1,2,0,1,0,1,1.0,0.30052445591204846,0.0,0.0,0.0,0.0,0.0,exact_k,false_semantic_bridge_requiring_split,1
m05_p01_s34,m05_p01,2,PREDICTED_SEMANTIC,area_aware_k_normalizer,k_normalizer,1,2,0,1,0,1,1.0,0.30052445591204846,0.0,0.0,0.0,0.0,0.0,exact_k,false_semantic_bridge_requiring_split,1
m05_p01_s34,m05_p01,2,PREDICTED_SEMANTIC,centroid_distance_k_normalizer,k_normalizer,1,2,0,1,0,1,1.0,0.30052445591204846,0.0,0.0,0.0,0.0,0.0,exact_k,false_semantic_bridge_requiring_split,1
m05_p01_s34,m05_p01,2,PREDICTED_SEMANTIC,hybrid_k_normalization,k_normalizer,1,2,0,1,0,1,1.0,0.30052445591204846,0.0,0.0,0.0,0.0,0.0,exact_k,false_semantic_bridge_requiring_split,1
m05_p01_s34,m05_p01,2,PREDICTED_SEMANTIC,gt_fragment_grouping_oracle,diagnostic_oracle,1,1,0,0,0,0,0.0,0.39983116312417605,0.0,0.0,0.0,1.0,0.0,missing_gt_overlap_for_some_leaflets,false_semantic_bridge_requiring_split,1
m05_p01_s35,m05_p01,3,GT_SEMANTIC,nearest_component_k_normalizer,k_normalizer,4,3,1,0,1,1,1.0,1.0,1.0,1.0,1.0,0.0,0.0,exact_k,success,1
m05_p01_s35,m05_p01,3,GT_SEMANTIC,area_aware_k_normalizer,k_normalizer,4,3,1,0,1,1,1.0,1.0,1.0,1.0,1.0,0.0,0.0,exact_k,success,1
m05_p01_s35,m05_p01,3,GT_SEMANTIC,centroid_distance_k_normalizer,k_normalizer,4,3,1,0,1,1,1.0,1.0,1.0,1.0,1.0,0.0,0.0,exact_k,success,1
m05_p01_s35,m05_p01,3,GT_SEMANTIC,hybrid_k_normalization,k_normalizer,4,3,1,0,1,1,1.0,1.0,1.0,1.0,1.0,0.0,0.0,exact_k,success,1
m05_p01_s35,m05_p01,3,GT_SEMANTIC,gt_fragment_grouping_oracle,diagnostic_oracle,4,3,1,0,1,1,1.0,1.0,1.0,1.0,1.0,0.0,0.0,exact_k,success,1
m05_p01_s35,m05_p01,3,PREDICTED_SEMANTIC,nearest_component_k_normalizer,k_normalizer,8,3,5,0,5,1,1.0,0.28913639337056146,0.0,0.0,0.0,0.0,0.0,exact_k,insufficient_semantic_foreground,1
m05_p01_s35,m05_p01,3,PREDICTED_SEMANTIC,area_aware_k_normalizer,k_normalizer,8,3,5,0,5,1,1.0,0.6393723909723004,0.0,0.0,0.0,0.0,0.0,exact_k,insufficient_semantic_foreground,1
m05_p01_s35,m05_p01,3,PREDICTED_SEMANTIC,centroid_distance_k_normalizer,k_normalizer,8,3,5,0,5,1,1.0,0.6393723909723004,0.0,0.0,0.0,0.0,0.0,exact_k,insufficient_semantic_foreground,1
m05_p01_s35,m05_p01,3,PREDICTED_SEMANTIC,hybrid_k_normalization,k_normalizer,8,3,5,0,5,1,1.0,0.28913639337056146,0.0,0.0,0.0,0.0,0.0,exact_k,insufficient_semantic_foreground,1
m05_p01_s35,m05_p01,3,PREDICTED_SEMANTIC,gt_fragment_grouping_oracle,diagnostic_oracle,8,3,5,0,5,1,1.0,0.6397821494180992,0.0,0.0,0.0,0.0,0.0,exact_k,insufficient_semantic_foreground,1
m05_p01_s36,m05_p01,2,GT_SEMANTIC,nearest_component_k_normalizer,k_normalizer,2,2,0,0,0,1,1.0,1.0,1.0,1.0,1.0,0.0,0.0,natural_components_match_k,success,0
m05_p01_s36,m05_p01,2,GT_SEMANTIC,area_aware_k_normalizer,k_normalizer,2,2,0,0,0,1,1.0,1.0,1.0,1.0,1.0,0.0,0.0,natural_components_match_k,success,0
m05_p01_s36,m05_p01,2,GT_SEMANTIC,centroid_distance_k_normalizer,k_normalizer,2,2,0,0,0,1,1.0,1.0,1.0,1.0,1.0,0.0,0.0,natural_components_match_k,success,0
m05_p01_s36,m05_p01,2,GT_SEMANTIC,hybrid_k_normalization,k_normalizer,2,2,0,0,0,1,1.0,1.0,1.0,1.0,1.0,0.0,0.0,natural_components_match_k,success,0
m05_p01_s36,m05_p01,2,GT_SEMANTIC,gt_fragment_grouping_oracle,diagnostic_oracle,2,2,0,0,0,1,1.0,1.0,1.0,1.0,1.0,0.0,0.0,exact_k,success,0
m05_p01_s36,m05_p01,2,PREDICTED_SEMANTIC,nearest_component_k_normalizer,k_normalizer,2,2,0,0,0,1,1.0,0.853283201161428,1.0,1.0,1.0,0.0,0.0,natural_components_match_k,success,0
m05_p01_s36,m05_p01,2,PREDICTED_SEMANTIC,area_aware_k_normalizer,k_normalizer,2,2,0,0,0,1,1.0,0.853283201161428,1.0,1.0,1.0,0.0,0.0,natural_components_match_k,success,0
m05_p01_s36,m05_p01,2,PREDICTED_SEMANTIC,centroid_distance_k_normalizer,k_normalizer,2,2,0,0,0,1,1.0,0.853283201161428,1.0,1.0,1.0,0.0,0.0,natural_components_match_k,success,0
m05_p01_s36,m05_p01,2,PREDICTED_SEMANTIC,hybrid_k_normalization,k_normalizer,2,2,0,0,0,1,1.0,0.853283201161428,1.0,1.0,1.0,0.0,0.0,natural_components_match_k,success,0
m05_p01_s36,m05_p01,2,PREDICTED_SEMANTIC,gt_fragment_grouping_oracle,diagnostic_oracle,2,2,0,0,0,1,1.0,0.853283201161428,1.0,1.0,1.0,0.0,0.0,exact_k,success,0
m05_p01_s37,m05_p01,3,GT_SEMANTIC,nearest_component_k_normalizer,k_normalizer,3,3,0,0,0,1,1.0,1.0,1.0,1.0,1.0,0.0,0.0,natural_components_match_k,success,0
m05_p01_s37,m05_p01,3,GT_SEMANTIC,area_aware_k_normalizer,k_normalizer,3,3,0,0,0,1,1.0,1.0,1.0,1.0,1.0,0.0,0.0,natural_components_match_k,success,0
m05_p01_s37,m05_p01,3,GT_SEMANTIC,centroid_distance_k_normalizer,k_normalizer,3,3,0,0,0,1,1.0,1.0,1.0,1.0,1.0,0.0,0.0,natural_components_match_k,success,0
m05_p01_s37,m05_p01,3,GT_SEMANTIC,hybrid_k_normalization,k_normalizer,3,3,0,0,0,1,1.0,1.0,1.0,1.0,1.0,0.0,0.0,natural_components_match_k,success,0
m05_p01_s37,m05_p01,3,GT_SEMANTIC,gt_fragment_grouping_oracle,diagnostic_oracle,3,3,0,0,0,1,1.0,1.0,1.0,1.0,1.0,0.0,0.0,exact_k,success,0
m05_p01_s37,m05_p01,3,PREDICTED_SEMANTIC,nearest_component_k_normalizer,k_normalizer,3,3,0,0,0,1,1.0,0.7953070316842096,1.0,0.0,0.0,0.0,0.0,natural_components_match_k,success,0
m05_p01_s37,m05_p01,3,PREDICTED_SEMANTIC,area_aware_k_normalizer,k_normalizer,3,3,0,0,0,1,1.0,0.7953070316842096,1.0,0.0,0.0,0.0,0.0,natural_components_match_k,success,0
m05_p01_s37,m05_p01,3,PREDICTED_SEMANTIC,centroid_distance_k_normalizer,k_normalizer,3,3,0,0,0,1,1.0,0.7953070316842096,1.0,0.0,0.0,0.0,0.0,natural_components_match_k,success,0
m05_p01_s37,m05_p01,3,PREDICTED_SEMANTIC,hybrid_k_normalization,k_normalizer,3,3,0,0,0,1,1.0,0.7953070316842096,1.0,0.0,0.0,0.0,0.0,natural_components_match_k,success,0
m05_p01_s37,m05_p01,3,PREDICTED_SEMANTIC,gt_fragment_grouping_oracle,diagnostic_oracle,3,3,0,0,0,1,1.0,0.7953070316842096,1.0,0.0,0.0,0.0,0.0,exact_k,success,0
m05_p01_s38,m05_p01,3,GT_SEMANTIC,nearest_component_k_normalizer,k_normalizer,3,3,0,0,0,1,1.0,1.0,1.0,1.0,1.0,0.0,0.0,natural_components_match_k,success,0
m05_p01_s38,m05_p01,3,GT_SEMANTIC,area_aware_k_normalizer,k_normalizer,3,3,0,0,0,1,1.0,1.0,1.0,1.0,1.0,0.0,0.0,natural_components_match_k,success,0
m05_p01_s38,m05_p01,3,GT_SEMANTIC,centroid_distance_k_normalizer,k_normalizer,3,3,0,0,0,1,1.0,1.0,1.0,1.0,1.0,0.0,0.0,natural_components_match_k,success,0
m05_p01_s38,m05_p01,3,GT_SEMANTIC,hybrid_k_normalization,k_normalizer,3,3,0,0,0,1,1.0,1.0,1.0,1.0,1.0,0.0,0.0,natural_components_match_k,success,0
m05_p01_s38,m05_p01,3,GT_SEMANTIC,gt_fragment_grouping_oracle,diagnostic_oracle,3,3,0,0,0,1,1.0,1.0,1.0,1.0,1.0,0.0,0.0,exact_k,success,0
m05_p01_s38,m05_p01,3,PREDICTED_SEMANTIC,nearest_component_k_normalizer,k_normalizer,2,3,0,1,0,1,1.0,0.6474881116662572,0.0,0.0,0.0,0.0,0.0,exact_k,false_semantic_bridge_requiring_split,0
m05_p01_s38,m05_p01,3,PREDICTED_SEMANTIC,area_aware_k_normalizer,k_normalizer,2,3,0,1,0,1,1.0,0.6474881116662572,0.0,0.0,0.0,0.0,0.0,exact_k,false_semantic_bridge_requiring_split,0
m05_p01_s38,m05_p01,3,PREDICTED_SEMANTIC,centroid_distance_k_normalizer,k_normalizer,2,3,0,1,0,1,1.0,0.6474881116662572,0.0,0.0,0.0,0.0,0.0,exact_k,false_semantic_bridge_requiring_split,0
m05_p01_s38,m05_p01,3,PREDICTED_SEMANTIC,hybrid_k_normalization,k_normalizer,2,3,0,1,0,1,1.0,0.6474881116662572,0.0,0.0,0.0,0.0,0.0,exact_k,false_semantic_bridge_requiring_split,0
m05_p01_s38,m05_p01,3,PREDICTED_SEMANTIC,gt_fragment_grouping_oracle,diagnostic_oracle,2,2,0,0,0,0,0.0,0.2801708469647401,0.0,0.0,0.0,1.0,0.0,missing_gt_overlap_for_some_leaflets,false_semantic_bridge_requiring_split,0
m05_p01_s39,m05_p01,1,GT_SEMANTIC,nearest_component_k_normalizer,k_normalizer,1,1,0,0,0,1,1.0,1.0,1.0,1.0,1.0,0.0,0.0,natural_components_match_k,success,0
m05_p01_s39,m05_p01,1,GT_SEMANTIC,area_aware_k_normalizer,k_normalizer,1,1,0,0,0,1,1.0,1.0,1.0,1.0,1.0,0.0,0.0,natural_components_match_k,success,0
m05_p01_s39,m05_p01,1,GT_SEMANTIC,centroid_distance_k_normalizer,k_normalizer,1,1,0,0,0,1,1.0,1.0,1.0,1.0,1.0,0.0,0.0,natural_components_match_k,success,0
m05_p01_s39,m05_p01,1,GT_SEMANTIC,hybrid_k_normalization,k_normalizer,1,1,0,0,0,1,1.0,1.0,1.0,1.0,1.0,0.0,0.0,natural_components_match_k,success,0
m05_p01_s39,m05_p01,1,GT_SEMANTIC,gt_fragment_grouping_oracle,diagnostic_oracle,1,1,0,0,0,1,1.0,1.0,1.0,1.0,1.0,0.0,0.0,exact_k,success,0
m05_p01_s39,m05_p01,1,PREDICTED_SEMANTIC,nearest_component_k_normalizer,k_normalizer,2,1,1,0,1,1,1.0,0.8274584524187573,1.0,1.0,1.0,0.0,0.0,exact_k,success,0
m05_p01_s39,m05_p01,1,PREDICTED_SEMANTIC,area_aware_k_normalizer,k_normalizer,2,1,1,0,1,1,1.0,0.8274584524187573,1.0,1.0,1.0,0.0,0.0,exact_k,success,0
m05_p01_s39,m05_p01,1,PREDICTED_SEMANTIC,centroid_distance_k_normalizer,k_normalizer,2,1,1,0,1,1,1.0,0.8274584524187573,1.0,1.0,1.0,0.0,0.0,exact_k,success,0
m05_p01_s39,m05_p01,1,PREDICTED_SEMANTIC,hybrid_k_normalization,k_normalizer,2,1,1,0,1,1,1.0,0.8274584524187573,1.0,1.0,1.0,0.0,0.0,exact_k,success,0
m05_p01_s39,m05_p01,1,PREDICTED_SEMANTIC,gt_fragment_grouping_oracle,diagnostic_oracle,2,1,1,0,1,1,1.0,0.8274584524187573,1.0,1.0,1.0,0.0,0.0,exact_k,success,0
m05_p01_s40,m05_p01,1,GT_SEMANTIC,nearest_component_k_normalizer,k_normalizer,1,1,0,0,0,1,1.0,1.0,1.0,1.0,1.0,0.0,0.0,natural_components_match_k,success,0
m05_p01_s40,m05_p01,1,GT_SEMANTIC,area_aware_k_normalizer,k_normalizer,1,1,0,0,0,1,1.0,1.0,1.0,1.0,1.0,0.0,0.0,natural_components_match_k,success,0
m05_p01_s40,m05_p01,1,GT_SEMANTIC,centroid_distance_k_normalizer,k_normalizer,1,1,0,0,0,1,1.0,1.0,1.0,1.0,1.0,0.0,0.0,natural_components_match_k,success,0
m05_p01_s40,m05_p01,1,GT_SEMANTIC,hybrid_k_normalization,k_normalizer,1,1,0,0,0,1,1.0,1.0,1.0,1.0,1.0,0.0,0.0,natural_components_match_k,success,0
m05_p01_s40,m05_p01,1,GT_SEMANTIC,gt_fragment_grouping_oracle,diagnostic_oracle,1,1,0,0,0,1,1.0,1.0,1.0,1.0,1.0,0.0,0.0,exact_k,success,0
m05_p01_s40,m05_p01,1,PREDICTED_SEMANTIC,nearest_component_k_normalizer,k_normalizer,2,1,1,0,1,1,1.0,0.7460001531041874,1.0,1.0,0.0,0.0,0.0,exact_k,success,0
m05_p01_s40,m05_p01,1,PREDICTED_SEMANTIC,area_aware_k_normalizer,k_normalizer,2,1,1,0,1,1,1.0,0.7460001531041874,1.0,1.0,0.0,0.0,0.0,exact_k,success,0
m05_p01_s40,m05_p01,1,PREDICTED_SEMANTIC,centroid_distance_k_normalizer,k_normalizer,2,1,1,0,1,1,1.0,0.7460001531041874,1.0,1.0,0.0,0.0,0.0,exact_k,success,0
m05_p01_s40,m05_p01,1,PREDICTED_SEMANTIC,hybrid_k_normalization,k_normalizer,2,1,1,0,1,1,1.0,0.7460001531041874,1.0,1.0,0.0,0.0,0.0,exact_k,success,0
m05_p01_s40,m05_p01,1,PREDICTED_SEMANTIC,gt_fragment_grouping_oracle,diagnostic_oracle,2,1,1,0,1,1,1.0,0.7460001531041874,1.0,1.0,0.0,0.0,0.0,exact_k,success,0
m05_p01_s41,m05_p01,2,GT_SEMANTIC,nearest_component_k_normalizer,k_normalizer,6,2,4,0,4,1,1.0,0.5214392999688974,0.0,0.0,0.0,0.0,0.0,exact_k,other,1
m05_p01_s41,m05_p01,2,GT_SEMANTIC,area_aware_k_normalizer,k_normalizer,6,2,4,0,4,1,1.0,0.5214392999688974,0.0,0.0,0.0,0.0,0.0,exact_k,other,1
m05_p01_s41,m05_p01,2,GT_SEMANTIC,centroid_distance_k_normalizer,k_normalizer,6,2,4,0,4,1,1.0,0.5214392999688974,0.0,0.0,0.0,0.0,0.0,exact_k,other,1
m05_p01_s41,m05_p01,2,GT_SEMANTIC,hybrid_k_normalization,k_normalizer,6,2,4,0,4,1,1.0,1.0,1.0,1.0,1.0,0.0,0.0,exact_k,success,1
m05_p01_s41,m05_p01,2,GT_SEMANTIC,gt_fragment_grouping_oracle,diagnostic_oracle,6,2,4,0,4,1,1.0,1.0,1.0,1.0,1.0,0.0,0.0,exact_k,success,1
m05_p01_s41,m05_p01,2,PREDICTED_SEMANTIC,nearest_component_k_normalizer,k_normalizer,4,2,2,0,2,1,1.0,0.39066014329770216,0.0,0.0,0.0,0.0,0.0,exact_k,insufficient_semantic_foreground,1
m05_p01_s41,m05_p01,2,PREDICTED_SEMANTIC,area_aware_k_normalizer,k_normalizer,4,2,2,0,2,1,1.0,0.39066014329770216,0.0,0.0,0.0,0.0,0.0,exact_k,insufficient_semantic_foreground,1
m05_p01_s41,m05_p01,2,PREDICTED_SEMANTIC,centroid_distance_k_normalizer,k_normalizer,4,2,2,0,2,1,1.0,0.39066014329770216,0.0,0.0,0.0,0.0,0.0,exact_k,insufficient_semantic_foreground,1
m05_p01_s41,m05_p01,2,PREDICTED_SEMANTIC,hybrid_k_normalization,k_normalizer,4,2,2,0,2,1,1.0,0.39066014329770216,0.0,0.0,0.0,0.0,0.0,exact_k,insufficient_semantic_foreground,1
m05_p01_s41,m05_p01,2,PREDICTED_SEMANTIC,gt_fragment_grouping_oracle,diagnostic_oracle,4,1,3,0,3,0,0.0,0.39034335758305916,0.0,0.0,0.0,1.0,0.0,missing_gt_overlap_for_some_leaflets,insufficient_semantic_foreground,1
m05_p01_s42,m05_p01,3,GT_SEMANTIC,nearest_component_k_normalizer,k_normalizer,5,3,2,0,2,1,1.0,0.7872902249085832,0.0,0.0,0.0,0.0,0.0,exact_k,other,1
m05_p01_s42,m05_p01,3,GT_SEMANTIC,area_aware_k_normalizer,k_normalizer,5,3,2,0,2,1,1.0,0.7872902249085832,0.0,0.0,0.0,0.0,0.0,exact_k,other,1
m05_p01_s42,m05_p01,3,GT_SEMANTIC,centroid_distance_k_normalizer,k_normalizer,5,3,2,0,2,1,1.0,1.0,1.0,1.0,1.0,0.0,0.0,exact_k,success,1
m05_p01_s42,m05_p01,3,GT_SEMANTIC,hybrid_k_normalization,k_normalizer,5,3,2,0,2,1,1.0,0.7872902249085832,0.0,0.0,0.0,0.0,0.0,exact_k,other,1
m05_p01_s42,m05_p01,3,GT_SEMANTIC,gt_fragment_grouping_oracle,diagnostic_oracle,5,3,2,0,2,1,1.0,1.0,1.0,1.0,1.0,0.0,0.0,exact_k,success,1
m05_p01_s42,m05_p01,3,PREDICTED_SEMANTIC,nearest_component_k_normalizer,k_normalizer,6,3,3,0,3,1,1.0,0.5510127299827609,0.0,0.0,0.0,0.0,0.0,exact_k,insufficient_semantic_foreground,1
m05_p01_s42,m05_p01,3,PREDICTED_SEMANTIC,area_aware_k_normalizer,k_normalizer,6,3,3,0,3,1,1.0,0.5510127299827609,0.0,0.0,0.0,0.0,0.0,exact_k,insufficient_semantic_foreground,1
m05_p01_s42,m05_p01,3,PREDICTED_SEMANTIC,centroid_distance_k_normalizer,k_normalizer,6,3,3,0,3,1,1.0,0.7128440477156025,1.0,0.0,0.0,0.0,0.0,exact_k,success,1
m05_p01_s42,m05_p01,3,PREDICTED_SEMANTIC,hybrid_k_normalization,k_normalizer,6,3,3,0,3,1,1.0,0.4150206243206882,0.0,0.0,0.0,0.0,0.0,exact_k,insufficient_semantic_foreground,1
m05_p01_s42,m05_p01,3,PREDICTED_SEMANTIC,gt_fragment_grouping_oracle,diagnostic_oracle,6,3,3,0,3,1,1.0,0.7130935575409362,1.0,0.0,0.0,0.0,0.0,exact_k,success,1
m05_p01_s43,m05_p01,3,GT_SEMANTIC,nearest_component_k_normalizer,k_normalizer,3,3,0,0,0,1,1.0,1.0,1.0,1.0,1.0,0.0,0.0,natural_components_match_k,success,0
m05_p01_s43,m05_p01,3,GT_SEMANTIC,area_aware_k_normalizer,k_normalizer,3,3,0,0,0,1,1.0,1.0,1.0,1.0,1.0,0.0,0.0,natural_components_match_k,success,0
m05_p01_s43,m05_p01,3,GT_SEMANTIC,centroid_distance_k_normalizer,k_normalizer,3,3,0,0,0,1,1.0,1.0,1.0,1.0,1.0,0.0,0.0,natural_components_match_k,success,0
m05_p01_s43,m05_p01,3,GT_SEMANTIC,hybrid_k_normalization,k_normalizer,3,3,0,0,0,1,1.0,1.0,1.0,1.0,1.0,0.0,0.0,natural_components_match_k,success,0
m05_p01_s43,m05_p01,3,GT_SEMANTIC,gt_fragment_grouping_oracle,diagnostic_oracle,3,3,0,0,0,1,1.0,1.0,1.0,1.0,1.0,0.0,0.0,exact_k,success,0
m05_p01_s43,m05_p01,3,PREDICTED_SEMANTIC,nearest_component_k_normalizer,k_normalizer,2,3,0,1,0,1,1.0,0.48524986811443965,0.0,0.0,0.0,0.0,0.0,exact_k,false_semantic_bridge_requiring_split,0
m05_p01_s43,m05_p01,3,PREDICTED_SEMANTIC,area_aware_k_normalizer,k_normalizer,2,3,0,1,0,1,1.0,0.48524986811443965,0.0,0.0,0.0,0.0,0.0,exact_k,false_semantic_bridge_requiring_split,0
m05_p01_s43,m05_p01,3,PREDICTED_SEMANTIC,centroid_distance_k_normalizer,k_normalizer,2,3,0,1,0,1,1.0,0.48524986811443965,0.0,0.0,0.0,0.0,0.0,exact_k,false_semantic_bridge_requiring_split,0
m05_p01_s43,m05_p01,3,PREDICTED_SEMANTIC,hybrid_k_normalization,k_normalizer,2,3,0,1,0,1,1.0,0.48524986811443965,0.0,0.0,0.0,0.0,0.0,exact_k,false_semantic_bridge_requiring_split,0
m05_p01_s43,m05_p01,3,PREDICTED_SEMANTIC,gt_fragment_grouping_oracle,diagnostic_oracle,2,2,0,0,0,0,0.0,0.0,0.0,0.0,0.0,1.0,0.0,missing_gt_overlap_for_some_leaflets,false_semantic_bridge_requiring_split,0
m05_p01_s44,m05_p01,2,GT_SEMANTIC,nearest_component_k_normalizer,k_normalizer,2,2,0,0,0,1,1.0,1.0,1.0,1.0,1.0,0.0,0.0,natural_components_match_k,success,0
m05_p01_s44,m05_p01,2,GT_SEMANTIC,area_aware_k_normalizer,k_normalizer,2,2,0,0,0,1,1.0,1.0,1.0,1.0,1.0,0.0,0.0,natural_components_match_k,success,0
m05_p01_s44,m05_p01,2,GT_SEMANTIC,centroid_distance_k_normalizer,k_normalizer,2,2,0,0,0,1,1.0,1.0,1.0,1.0,1.0,0.0,0.0,natural_components_match_k,success,0
m05_p01_s44,m05_p01,2,GT_SEMANTIC,hybrid_k_normalization,k_normalizer,2,2,0,0,0,1,1.0,1.0,1.0,1.0,1.0,0.0,0.0,natural_components_match_k,success,0
m05_p01_s44,m05_p01,2,GT_SEMANTIC,gt_fragment_grouping_oracle,diagnostic_oracle,2,2,0,0,0,1,1.0,1.0,1.0,1.0,1.0,0.0,0.0,exact_k,success,0
m05_p01_s44,m05_p01,2,PREDICTED_SEMANTIC,nearest_component_k_normalizer,k_normalizer,2,2,0,0,0,1,1.0,0.2468519267725296,0.0,0.0,0.0,0.0,0.0,natural_components_match_k,ambiguous_geometry,0
m05_p01_s44,m05_p01,2,PREDICTED_SEMANTIC,area_aware_k_normalizer,k_normalizer,2,2,0,0,0,1,1.0,0.2468519267725296,0.0,0.0,0.0,0.0,0.0,natural_components_match_k,ambiguous_geometry,0
m05_p01_s44,m05_p01,2,PREDICTED_SEMANTIC,centroid_distance_k_normalizer,k_normalizer,2,2,0,0,0,1,1.0,0.2468519267725296,0.0,0.0,0.0,0.0,0.0,natural_components_match_k,ambiguous_geometry,0
m05_p01_s44,m05_p01,2,PREDICTED_SEMANTIC,hybrid_k_normalization,k_normalizer,2,2,0,0,0,1,1.0,0.2468519267725296,0.0,0.0,0.0,0.0,0.0,natural_components_match_k,ambiguous_geometry,0
m05_p01_s44,m05_p01,2,PREDICTED_SEMANTIC,gt_fragment_grouping_oracle,diagnostic_oracle,2,1,1,0,1,0,0.0,0.24683320270031098,0.0,0.0,0.0,1.0,0.0,missing_gt_overlap_for_some_leaflets,ambiguous_geometry,0
m05_p01_s45,m05_p01,1,GT_SEMANTIC,nearest_component_k_normalizer,k_normalizer,1,1,0,0,0,1,1.0,1.0,1.0,1.0,1.0,0.0,0.0,natural_components_match_k,success,0
m05_p01_s45,m05_p01,1,GT_SEMANTIC,area_aware_k_normalizer,k_normalizer,1,1,0,0,0,1,1.0,1.0,1.0,1.0,1.0,0.0,0.0,natural_components_match_k,success,0
m05_p01_s45,m05_p01,1,GT_SEMANTIC,centroid_distance_k_normalizer,k_normalizer,1,1,0,0,0,1,1.0,1.0,1.0,1.0,1.0,0.0,0.0,natural_components_match_k,success,0
m05_p01_s45,m05_p01,1,GT_SEMANTIC,hybrid_k_normalization,k_normalizer,1,1,0,0,0,1,1.0,1.0,1.0,1.0,1.0,0.0,0.0,natural_components_match_k,success,0
m05_p01_s45,m05_p01,1,GT_SEMANTIC,gt_fragment_grouping_oracle,diagnostic_oracle,1,1,0,0,0,1,1.0,1.0,1.0,1.0,1.0,0.0,0.0,exact_k,success,0
m05_p01_s45,m05_p01,1,PREDICTED_SEMANTIC,nearest_component_k_normalizer,k_normalizer,2,1,1,0,1,1,1.0,0.8886866059817945,1.0,1.0,1.0,0.0,0.0,exact_k,success,0
m05_p01_s45,m05_p01,1,PREDICTED_SEMANTIC,area_aware_k_normalizer,k_normalizer,2,1,1,0,1,1,1.0,0.8886866059817945,1.0,1.0,1.0,0.0,0.0,exact_k,success,0
m05_p01_s45,m05_p01,1,PREDICTED_SEMANTIC,centroid_distance_k_normalizer,k_normalizer,2,1,1,0,1,1,1.0,0.8886866059817945,1.0,1.0,1.0,0.0,0.0,exact_k,success,0
m05_p01_s45,m05_p01,1,PREDICTED_SEMANTIC,hybrid_k_normalization,k_normalizer,2,1,1,0,1,1,1.0,0.8886866059817945,1.0,1.0,1.0,0.0,0.0,exact_k,success,0
m05_p01_s45,m05_p01,1,PREDICTED_SEMANTIC,gt_fragment_grouping_oracle,diagnostic_oracle,2,1,1,0,1,1,1.0,0.8886866059817945,1.0,1.0,1.0,0.0,0.0,exact_k,success,0
m05_p01_s46,m05_p01,1,GT_SEMANTIC,nearest_component_k_normalizer,k_normalizer,1,1,0,0,0,1,1.0,1.0,1.0,1.0,1.0,0.0,0.0,natural_components_match_k,success,0
m05_p01_s46,m05_p01,1,GT_SEMANTIC,area_aware_k_normalizer,k_normalizer,1,1,0,0,0,1,1.0,1.0,1.0,1.0,1.0,0.0,0.0,natural_components_match_k,success,0
m05_p01_s46,m05_p01,1,GT_SEMANTIC,centroid_distance_k_normalizer,k_normalizer,1,1,0,0,0,1,1.0,1.0,1.0,1.0,1.0,0.0,0.0,natural_components_match_k,success,0
m05_p01_s46,m05_p01,1,GT_SEMANTIC,hybrid_k_normalization,k_normalizer,1,1,0,0,0,1,1.0,1.0,1.0,1.0,1.0,0.0,0.0,natural_components_match_k,success,0
m05_p01_s46,m05_p01,1,GT_SEMANTIC,gt_fragment_grouping_oracle,diagnostic_oracle,1,1,0,0,0,1,1.0,1.0,1.0,1.0,1.0,0.0,0.0,exact_k,success,0
m05_p01_s46,m05_p01,1,PREDICTED_SEMANTIC,nearest_component_k_normalizer,k_normalizer,1,1,0,0,0,1,1.0,0.8582774490466798,1.0,1.0,1.0,0.0,0.0,natural_components_match_k,success,0
m05_p01_s46,m05_p01,1,PREDICTED_SEMANTIC,area_aware_k_normalizer,k_normalizer,1,1,0,0,0,1,1.0,0.8582774490466798,1.0,1.0,1.0,0.0,0.0,natural_components_match_k,success,0
m05_p01_s46,m05_p01,1,PREDICTED_SEMANTIC,centroid_distance_k_normalizer,k_normalizer,1,1,0,0,0,1,1.0,0.8582774490466798,1.0,1.0,1.0,0.0,0.0,natural_components_match_k,success,0
m05_p01_s46,m05_p01,1,PREDICTED_SEMANTIC,hybrid_k_normalization,k_normalizer,1,1,0,0,0,1,1.0,0.8582774490466798,1.0,1.0,1.0,0.0,0.0,natural_components_match_k,success,0
m05_p01_s46,m05_p01,1,PREDICTED_SEMANTIC,gt_fragment_grouping_oracle,diagnostic_oracle,1,1,0,0,0,1,1.0,0.8582774490466798,1.0,1.0,1.0,0.0,0.0,exact_k,success,0
m05_p01_s47,m05_p01,2,GT_SEMANTIC,nearest_component_k_normalizer,k_normalizer,2,2,0,0,0,1,1.0,0.5,0.0,0.0,0.0,0.0,0.0,natural_components_match_k,other,0
m05_p01_s47,m05_p01,2,GT_SEMANTIC,area_aware_k_normalizer,k_normalizer,2,2,0,0,0,1,1.0,0.5,0.0,0.0,0.0,0.0,0.0,natural_components_match_k,other,0
m05_p01_s47,m05_p01,2,GT_SEMANTIC,centroid_distance_k_normalizer,k_normalizer,2,2,0,0,0,1,1.0,0.5,0.0,0.0,0.0,0.0,0.0,natural_components_match_k,other,0
m05_p01_s47,m05_p01,2,GT_SEMANTIC,hybrid_k_normalization,k_normalizer,2,2,0,0,0,1,1.0,0.5,0.0,0.0,0.0,0.0,0.0,natural_components_match_k,other,0
m05_p01_s47,m05_p01,2,GT_SEMANTIC,gt_fragment_grouping_oracle,diagnostic_oracle,2,2,0,0,0,1,1.0,0.5,0.0,0.0,0.0,0.0,0.0,exact_k,other,0
m05_p01_s47,m05_p01,2,PREDICTED_SEMANTIC,nearest_component_k_normalizer,k_normalizer,7,2,5,0,5,1,1.0,0.4425704054113798,0.0,0.0,0.0,0.0,0.0,exact_k,insufficient_semantic_foreground,0
m05_p01_s47,m05_p01,2,PREDICTED_SEMANTIC,area_aware_k_normalizer,k_normalizer,7,2,5,0,5,1,1.0,0.4425704054113798,0.0,0.0,0.0,0.0,0.0,exact_k,insufficient_semantic_foreground,0
m05_p01_s47,m05_p01,2,PREDICTED_SEMANTIC,centroid_distance_k_normalizer,k_normalizer,7,2,5,0,5,1,1.0,0.4425704054113798,0.0,0.0,0.0,0.0,0.0,exact_k,insufficient_semantic_foreground,0
m05_p01_s47,m05_p01,2,PREDICTED_SEMANTIC,hybrid_k_normalization,k_normalizer,7,2,5,0,5,1,1.0,0.4425704054113798,0.0,0.0,0.0,0.0,0.0,exact_k,insufficient_semantic_foreground,0
m05_p01_s47,m05_p01,2,PREDICTED_SEMANTIC,gt_fragment_grouping_oracle,diagnostic_oracle,7,2,5,0,5,1,1.0,0.44243348360293466,0.0,0.0,0.0,0.0,0.0,exact_k,insufficient_semantic_foreground,0
m05_p01_s48,m05_p01,3,GT_SEMANTIC,nearest_component_k_normalizer,k_normalizer,3,3,0,0,0,1,1.0,1.0,1.0,1.0,1.0,0.0,0.0,natural_components_match_k,success,0
m05_p01_s48,m05_p01,3,GT_SEMANTIC,area_aware_k_normalizer,k_normalizer,3,3,0,0,0,1,1.0,1.0,1.0,1.0,1.0,0.0,0.0,natural_components_match_k,success,0
m05_p01_s48,m05_p01,3,GT_SEMANTIC,centroid_distance_k_normalizer,k_normalizer,3,3,0,0,0,1,1.0,1.0,1.0,1.0,1.0,0.0,0.0,natural_components_match_k,success,0
m05_p01_s48,m05_p01,3,GT_SEMANTIC,hybrid_k_normalization,k_normalizer,3,3,0,0,0,1,1.0,1.0,1.0,1.0,1.0,0.0,0.0,natural_components_match_k,success,0
m05_p01_s48,m05_p01,3,GT_SEMANTIC,gt_fragment_grouping_oracle,diagnostic_oracle,3,3,0,0,0,1,1.0,1.0,1.0,1.0,1.0,0.0,0.0,exact_k,success,0
m05_p01_s48,m05_p01,3,PREDICTED_SEMANTIC,nearest_component_k_normalizer,k_normalizer,2,3,0,1,0,1,1.0,0.7556704145864007,1.0,0.0,0.0,0.0,0.0,exact_k,success,0
m05_p01_s48,m05_p01,3,PREDICTED_SEMANTIC,area_aware_k_normalizer,k_normalizer,2,3,0,1,0,1,1.0,0.7556704145864007,1.0,0.0,0.0,0.0,0.0,exact_k,success,0
m05_p01_s48,m05_p01,3,PREDICTED_SEMANTIC,centroid_distance_k_normalizer,k_normalizer,2,3,0,1,0,1,1.0,0.7556704145864007,1.0,0.0,0.0,0.0,0.0,exact_k,success,0
m05_p01_s48,m05_p01,3,PREDICTED_SEMANTIC,hybrid_k_normalization,k_normalizer,2,3,0,1,0,1,1.0,0.7556704145864007,1.0,0.0,0.0,0.0,0.0,exact_k,success,0
m05_p01_s48,m05_p01,3,PREDICTED_SEMANTIC,gt_fragment_grouping_oracle,diagnostic_oracle,2,2,0,0,0,0,0.0,0.3911914364528885,0.0,0.0,0.0,1.0,0.0,missing_gt_overlap_for_some_leaflets,false_semantic_bridge_requiring_split,0
m12_p02_s00,m12_p02,3,GT_SEMANTIC,nearest_component_k_normalizer,k_normalizer,8,3,5,0,5,1,1.0,1.0,1.0,1.0,1.0,0.0,0.0,exact_k,success,1
m12_p02_s00,m12_p02,3,GT_SEMANTIC,area_aware_k_normalizer,k_normalizer,8,3,5,0,5,1,1.0,1.0,1.0,1.0,1.0,0.0,0.0,exact_k,success,1
m12_p02_s00,m12_p02,3,GT_SEMANTIC,centroid_distance_k_normalizer,k_normalizer,8,3,5,0,5,1,1.0,1.0,1.0,1.0,1.0,0.0,0.0,exact_k,success,1
m12_p02_s00,m12_p02,3,GT_SEMANTIC,hybrid_k_normalization,k_normalizer,8,3,5,0,5,1,1.0,1.0,1.0,1.0,1.0,0.0,0.0,exact_k,success,1
m12_p02_s00,m12_p02,3,GT_SEMANTIC,gt_fragment_grouping_oracle,diagnostic_oracle,8,3,5,0,5,1,1.0,1.0,1.0,1.0,1.0,0.0,0.0,exact_k,success,1
m12_p02_s00,m12_p02,3,PREDICTED_SEMANTIC,nearest_component_k_normalizer,k_normalizer,4,3,1,0,1,1,1.0,0.3169657701291999,0.0,0.0,0.0,0.0,0.0,exact_k,insufficient_semantic_foreground,1
m12_p02_s00,m12_p02,3,PREDICTED_SEMANTIC,area_aware_k_normalizer,k_normalizer,4,3,1,0,1,1,1.0,0.3169657701291999,0.0,0.0,0.0,0.0,0.0,exact_k,insufficient_semantic_foreground,1
m12_p02_s00,m12_p02,3,PREDICTED_SEMANTIC,centroid_distance_k_normalizer,k_normalizer,4,3,1,0,1,1,1.0,0.316955386883605,0.0,0.0,0.0,0.0,0.0,exact_k,insufficient_semantic_foreground,1
m12_p02_s00,m12_p02,3,PREDICTED_SEMANTIC,hybrid_k_normalization,k_normalizer,4,3,1,0,1,1,1.0,0.3169657701291999,0.0,0.0,0.0,0.0,0.0,exact_k,insufficient_semantic_foreground,1
m12_p02_s00,m12_p02,3,PREDICTED_SEMANTIC,gt_fragment_grouping_oracle,diagnostic_oracle,4,2,2,0,2,0,0.0,0.18853540536578214,0.0,0.0,0.0,1.0,0.0,missing_gt_overlap_for_some_leaflets,insufficient_semantic_foreground,1
m12_p02_s01,m12_p02,3,GT_SEMANTIC,nearest_component_k_normalizer,k_normalizer,3,3,0,0,0,1,1.0,0.9998529038464329,1.0,1.0,1.0,0.0,0.0,natural_components_match_k,success,0
m12_p02_s01,m12_p02,3,GT_SEMANTIC,area_aware_k_normalizer,k_normalizer,3,3,0,0,0,1,1.0,0.9998529038464329,1.0,1.0,1.0,0.0,0.0,natural_components_match_k,success,0
m12_p02_s01,m12_p02,3,GT_SEMANTIC,centroid_distance_k_normalizer,k_normalizer,3,3,0,0,0,1,1.0,0.9998529038464329,1.0,1.0,1.0,0.0,0.0,natural_components_match_k,success,0
m12_p02_s01,m12_p02,3,GT_SEMANTIC,hybrid_k_normalization,k_normalizer,3,3,0,0,0,1,1.0,0.9998529038464329,1.0,1.0,1.0,0.0,0.0,natural_components_match_k,success,0
m12_p02_s01,m12_p02,3,GT_SEMANTIC,gt_fragment_grouping_oracle,diagnostic_oracle,3,3,0,0,0,1,1.0,0.9998529038464329,1.0,1.0,1.0,0.0,0.0,exact_k,success,0
m12_p02_s01,m12_p02,3,PREDICTED_SEMANTIC,nearest_component_k_normalizer,k_normalizer,1,3,0,2,0,1,1.0,0.11488669213819314,0.0,0.0,0.0,0.0,0.0,exact_k,false_semantic_bridge_requiring_split,0
m12_p02_s01,m12_p02,3,PREDICTED_SEMANTIC,area_aware_k_normalizer,k_normalizer,1,3,0,2,0,1,1.0,0.11488669213819314,0.0,0.0,0.0,0.0,0.0,exact_k,false_semantic_bridge_requiring_split,0
m12_p02_s01,m12_p02,3,PREDICTED_SEMANTIC,centroid_distance_k_normalizer,k_normalizer,1,3,0,2,0,1,1.0,0.11488669213819314,0.0,0.0,0.0,0.0,0.0,exact_k,false_semantic_bridge_requiring_split,0
m12_p02_s01,m12_p02,3,PREDICTED_SEMANTIC,hybrid_k_normalization,k_normalizer,1,3,0,2,0,1,1.0,0.11488669213819314,0.0,0.0,0.0,0.0,0.0,exact_k,false_semantic_bridge_requiring_split,0
m12_p02_s01,m12_p02,3,PREDICTED_SEMANTIC,gt_fragment_grouping_oracle,diagnostic_oracle,1,1,0,0,0,0,0.0,0.0,0.0,0.0,0.0,1.0,0.0,missing_gt_overlap_for_some_leaflets,false_semantic_bridge_requiring_split,0
m12_p02_s02,m12_p02,3,GT_SEMANTIC,nearest_component_k_normalizer,k_normalizer,6,3,3,0,3,1,1.0,1.0,1.0,1.0,1.0,0.0,0.0,exact_k,success,1
m12_p02_s02,m12_p02,3,GT_SEMANTIC,area_aware_k_normalizer,k_normalizer,6,3,3,0,3,1,1.0,1.0,1.0,1.0,1.0,0.0,0.0,exact_k,success,1
m12_p02_s02,m12_p02,3,GT_SEMANTIC,centroid_distance_k_normalizer,k_normalizer,6,3,3,0,3,1,1.0,0.9999806907650622,1.0,1.0,1.0,0.0,0.0,exact_k,success,1
m12_p02_s02,m12_p02,3,GT_SEMANTIC,hybrid_k_normalization,k_normalizer,6,3,3,0,3,1,1.0,1.0,1.0,1.0,1.0,0.0,0.0,exact_k,success,1
m12_p02_s02,m12_p02,3,GT_SEMANTIC,gt_fragment_grouping_oracle,diagnostic_oracle,6,3,3,0,3,1,1.0,1.0,1.0,1.0,1.0,0.0,0.0,exact_k,success,1
m12_p02_s02,m12_p02,3,PREDICTED_SEMANTIC,nearest_component_k_normalizer,k_normalizer,9,3,6,0,6,1,1.0,0.13902564075030152,0.0,0.0,0.0,0.0,0.0,exact_k,insufficient_semantic_foreground,1
m12_p02_s02,m12_p02,3,PREDICTED_SEMANTIC,area_aware_k_normalizer,k_normalizer,9,3,6,0,6,1,1.0,0.13902564075030152,0.0,0.0,0.0,0.0,0.0,exact_k,insufficient_semantic_foreground,1
m12_p02_s02,m12_p02,3,PREDICTED_SEMANTIC,centroid_distance_k_normalizer,k_normalizer,9,3,6,0,6,1,1.0,0.13933040982883185,0.0,0.0,0.0,0.0,0.0,exact_k,insufficient_semantic_foreground,1
m12_p02_s02,m12_p02,3,PREDICTED_SEMANTIC,hybrid_k_normalization,k_normalizer,9,3,6,0,6,1,1.0,0.13902564075030152,0.0,0.0,0.0,0.0,0.0,exact_k,insufficient_semantic_foreground,1
m12_p02_s02,m12_p02,3,PREDICTED_SEMANTIC,gt_fragment_grouping_oracle,diagnostic_oracle,9,3,6,0,6,1,1.0,0.13933040982883185,0.0,0.0,0.0,0.0,0.0,exact_k,insufficient_semantic_foreground,1
m12_p02_s03,m12_p02,1,GT_SEMANTIC,nearest_component_k_normalizer,k_normalizer,2,1,1,0,1,1,1.0,1.0,1.0,1.0,1.0,0.0,0.0,exact_k,success,1
m12_p02_s03,m12_p02,1,GT_SEMANTIC,area_aware_k_normalizer,k_normalizer,2,1,1,0,1,1,1.0,1.0,1.0,1.0,1.0,0.0,0.0,exact_k,success,1
m12_p02_s03,m12_p02,1,GT_SEMANTIC,centroid_distance_k_normalizer,k_normalizer,2,1,1,0,1,1,1.0,1.0,1.0,1.0,1.0,0.0,0.0,exact_k,success,1
m12_p02_s03,m12_p02,1,GT_SEMANTIC,hybrid_k_normalization,k_normalizer,2,1,1,0,1,1,1.0,1.0,1.0,1.0,1.0,0.0,0.0,exact_k,success,1
m12_p02_s03,m12_p02,1,GT_SEMANTIC,gt_fragment_grouping_oracle,diagnostic_oracle,2,1,1,0,1,1,1.0,1.0,1.0,1.0,1.0,0.0,0.0,exact_k,success,1
m12_p02_s03,m12_p02,1,PREDICTED_SEMANTIC,nearest_component_k_normalizer,k_normalizer,2,1,1,0,1,1,1.0,0.7530437588086465,1.0,1.0,0.0,0.0,0.0,exact_k,success,1
m12_p02_s03,m12_p02,1,PREDICTED_SEMANTIC,area_aware_k_normalizer,k_normalizer,2,1,1,0,1,1,1.0,0.7530437588086465,1.0,1.0,0.0,0.0,0.0,exact_k,success,1
m12_p02_s03,m12_p02,1,PREDICTED_SEMANTIC,centroid_distance_k_normalizer,k_normalizer,2,1,1,0,1,1,1.0,0.7530437588086465,1.0,1.0,0.0,0.0,0.0,exact_k,success,1
m12_p02_s03,m12_p02,1,PREDICTED_SEMANTIC,hybrid_k_normalization,k_normalizer,2,1,1,0,1,1,1.0,0.7530437588086465,1.0,1.0,0.0,0.0,0.0,exact_k,success,1
m12_p02_s03,m12_p02,1,PREDICTED_SEMANTIC,gt_fragment_grouping_oracle,diagnostic_oracle,2,1,1,0,1,1,1.0,0.7530437588086465,1.0,1.0,0.0,0.0,0.0,exact_k,success,1
m12_p02_s04,m12_p02,3,GT_SEMANTIC,nearest_component_k_normalizer,k_normalizer,4,3,1,0,1,1,1.0,0.48058871375533013,0.0,0.0,0.0,0.0,0.0,exact_k,other,1
m12_p02_s04,m12_p02,3,GT_SEMANTIC,area_aware_k_normalizer,k_normalizer,4,3,1,0,1,1,1.0,0.48058871375533013,0.0,0.0,0.0,0.0,0.0,exact_k,other,1
m12_p02_s04,m12_p02,3,GT_SEMANTIC,centroid_distance_k_normalizer,k_normalizer,4,3,1,0,1,1,1.0,1.0,1.0,1.0,1.0,0.0,0.0,exact_k,success,1
m12_p02_s04,m12_p02,3,GT_SEMANTIC,hybrid_k_normalization,k_normalizer,4,3,1,0,1,1,1.0,0.8880082374243271,1.0,1.0,1.0,0.0,0.0,exact_k,success,1
m12_p02_s04,m12_p02,3,GT_SEMANTIC,gt_fragment_grouping_oracle,diagnostic_oracle,4,3,1,0,1,1,1.0,1.0,1.0,1.0,1.0,0.0,0.0,exact_k,success,1
m12_p02_s04,m12_p02,3,PREDICTED_SEMANTIC,nearest_component_k_normalizer,k_normalizer,6,3,3,0,3,1,1.0,0.10850088025207728,0.0,0.0,0.0,0.0,0.0,exact_k,insufficient_semantic_foreground,1
m12_p02_s04,m12_p02,3,PREDICTED_SEMANTIC,area_aware_k_normalizer,k_normalizer,6,3,3,0,3,1,1.0,0.10850088025207728,0.0,0.0,0.0,0.0,0.0,exact_k,insufficient_semantic_foreground,1
m12_p02_s04,m12_p02,3,PREDICTED_SEMANTIC,centroid_distance_k_normalizer,k_normalizer,6,3,3,0,3,1,1.0,0.41125539034706343,0.0,0.0,0.0,0.0,0.0,exact_k,insufficient_semantic_foreground,1
m12_p02_s04,m12_p02,3,PREDICTED_SEMANTIC,hybrid_k_normalization,k_normalizer,6,3,3,0,3,1,1.0,0.41713642397002787,0.0,0.0,0.0,0.0,0.0,exact_k,insufficient_semantic_foreground,1
m12_p02_s04,m12_p02,3,PREDICTED_SEMANTIC,gt_fragment_grouping_oracle,diagnostic_oracle,6,2,4,0,4,0,0.0,0.41324450755732484,0.0,0.0,0.0,1.0,0.0,missing_gt_overlap_for_some_leaflets,insufficient_semantic_foreground,1
m12_p02_s05,m12_p02,3,GT_SEMANTIC,nearest_component_k_normalizer,k_normalizer,3,3,0,0,0,1,1.0,1.0,1.0,1.0,1.0,0.0,0.0,natural_components_match_k,success,0
m12_p02_s05,m12_p02,3,GT_SEMANTIC,area_aware_k_normalizer,k_normalizer,3,3,0,0,0,1,1.0,1.0,1.0,1.0,1.0,0.0,0.0,natural_components_match_k,success,0
m12_p02_s05,m12_p02,3,GT_SEMANTIC,centroid_distance_k_normalizer,k_normalizer,3,3,0,0,0,1,1.0,1.0,1.0,1.0,1.0,0.0,0.0,natural_components_match_k,success,0
m12_p02_s05,m12_p02,3,GT_SEMANTIC,hybrid_k_normalization,k_normalizer,3,3,0,0,0,1,1.0,1.0,1.0,1.0,1.0,0.0,0.0,natural_components_match_k,success,0
m12_p02_s05,m12_p02,3,GT_SEMANTIC,gt_fragment_grouping_oracle,diagnostic_oracle,3,3,0,0,0,1,1.0,1.0,1.0,1.0,1.0,0.0,0.0,exact_k,success,0
m12_p02_s05,m12_p02,3,PREDICTED_SEMANTIC,nearest_component_k_normalizer,k_normalizer,3,3,0,0,0,1,1.0,0.12057345299479362,0.0,0.0,0.0,0.0,0.0,natural_components_match_k,ambiguous_geometry,0
m12_p02_s05,m12_p02,3,PREDICTED_SEMANTIC,area_aware_k_normalizer,k_normalizer,3,3,0,0,0,1,1.0,0.12057345299479362,0.0,0.0,0.0,0.0,0.0,natural_components_match_k,ambiguous_geometry,0
m12_p02_s05,m12_p02,3,PREDICTED_SEMANTIC,centroid_distance_k_normalizer,k_normalizer,3,3,0,0,0,1,1.0,0.12057345299479362,0.0,0.0,0.0,0.0,0.0,natural_components_match_k,ambiguous_geometry,0
m12_p02_s05,m12_p02,3,PREDICTED_SEMANTIC,hybrid_k_normalization,k_normalizer,3,3,0,0,0,1,1.0,0.12057345299479362,0.0,0.0,0.0,0.0,0.0,natural_components_match_k,ambiguous_geometry,0
m12_p02_s05,m12_p02,3,PREDICTED_SEMANTIC,gt_fragment_grouping_oracle,diagnostic_oracle,3,1,2,0,2,0,0.0,0.0,0.0,0.0,0.0,1.0,0.0,missing_gt_overlap_for_some_leaflets,ambiguous_geometry,0
m12_p02_s06,m12_p02,3,GT_SEMANTIC,nearest_component_k_normalizer,k_normalizer,3,3,0,0,0,1,1.0,1.0,1.0,1.0,1.0,0.0,0.0,natural_components_match_k,success,0
m12_p02_s06,m12_p02,3,GT_SEMANTIC,area_aware_k_normalizer,k_normalizer,3,3,0,0,0,1,1.0,1.0,1.0,1.0,1.0,0.0,0.0,natural_components_match_k,success,0
m12_p02_s06,m12_p02,3,GT_SEMANTIC,centroid_distance_k_normalizer,k_normalizer,3,3,0,0,0,1,1.0,1.0,1.0,1.0,1.0,0.0,0.0,natural_components_match_k,success,0
m12_p02_s06,m12_p02,3,GT_SEMANTIC,hybrid_k_normalization,k_normalizer,3,3,0,0,0,1,1.0,1.0,1.0,1.0,1.0,0.0,0.0,natural_components_match_k,success,0
m12_p02_s06,m12_p02,3,GT_SEMANTIC,gt_fragment_grouping_oracle,diagnostic_oracle,3,3,0,0,0,1,1.0,1.0,1.0,1.0,1.0,0.0,0.0,exact_k,success,0
m12_p02_s06,m12_p02,3,PREDICTED_SEMANTIC,nearest_component_k_normalizer,k_normalizer,1,3,0,2,0,1,1.0,0.6446436613227879,1.0,0.0,0.0,0.0,0.0,exact_k,success,0
m12_p02_s06,m12_p02,3,PREDICTED_SEMANTIC,area_aware_k_normalizer,k_normalizer,1,3,0,2,0,1,1.0,0.6446436613227879,1.0,0.0,0.0,0.0,0.0,exact_k,success,0
m12_p02_s06,m12_p02,3,PREDICTED_SEMANTIC,centroid_distance_k_normalizer,k_normalizer,1,3,0,2,0,1,1.0,0.6446436613227879,1.0,0.0,0.0,0.0,0.0,exact_k,success,0
m12_p02_s06,m12_p02,3,PREDICTED_SEMANTIC,hybrid_k_normalization,k_normalizer,1,3,0,2,0,1,1.0,0.6446436613227879,1.0,0.0,0.0,0.0,0.0,exact_k,success,0
m12_p02_s06,m12_p02,3,PREDICTED_SEMANTIC,gt_fragment_grouping_oracle,diagnostic_oracle,1,1,0,0,0,0,0.0,0.0,0.0,0.0,0.0,1.0,0.0,missing_gt_overlap_for_some_leaflets,false_semantic_bridge_requiring_split,0
m12_p02_s07,m12_p02,3,GT_SEMANTIC,nearest_component_k_normalizer,k_normalizer,4,3,1,0,1,1,1.0,0.4729466101998265,0.0,0.0,0.0,0.0,0.0,exact_k,other,1
m12_p02_s07,m12_p02,3,GT_SEMANTIC,area_aware_k_normalizer,k_normalizer,4,3,1,0,1,1,1.0,0.4729466101998265,0.0,0.0,0.0,0.0,0.0,exact_k,other,1
m12_p02_s07,m12_p02,3,GT_SEMANTIC,centroid_distance_k_normalizer,k_normalizer,4,3,1,0,1,1,1.0,0.873806926486551,1.0,1.0,1.0,0.0,0.0,exact_k,success,1
m12_p02_s07,m12_p02,3,GT_SEMANTIC,hybrid_k_normalization,k_normalizer,4,3,1,0,1,1,1.0,0.873806926486551,1.0,1.0,1.0,0.0,0.0,exact_k,success,1
m12_p02_s07,m12_p02,3,GT_SEMANTIC,gt_fragment_grouping_oracle,diagnostic_oracle,4,3,1,0,1,1,1.0,1.0,1.0,1.0,1.0,0.0,0.0,exact_k,success,1
m12_p02_s07,m12_p02,3,PREDICTED_SEMANTIC,nearest_component_k_normalizer,k_normalizer,7,3,4,0,4,1,1.0,0.4064285947950183,0.0,0.0,0.0,0.0,0.0,exact_k,insufficient_semantic_foreground,1
m12_p02_s07,m12_p02,3,PREDICTED_SEMANTIC,area_aware_k_normalizer,k_normalizer,7,3,4,0,4,1,1.0,0.4064285947950183,0.0,0.0,0.0,0.0,0.0,exact_k,insufficient_semantic_foreground,1
m12_p02_s07,m12_p02,3,PREDICTED_SEMANTIC,centroid_distance_k_normalizer,k_normalizer,7,3,4,0,4,1,1.0,0.4123709364295378,0.0,0.0,0.0,0.0,0.0,exact_k,insufficient_semantic_foreground,1
m12_p02_s07,m12_p02,3,PREDICTED_SEMANTIC,hybrid_k_normalization,k_normalizer,7,3,4,0,4,1,1.0,0.4127995393550144,0.0,0.0,0.0,0.0,0.0,exact_k,insufficient_semantic_foreground,1
m12_p02_s07,m12_p02,3,PREDICTED_SEMANTIC,gt_fragment_grouping_oracle,diagnostic_oracle,7,2,5,0,5,0,0.0,0.40623469502690507,0.0,0.0,0.0,1.0,0.0,missing_gt_overlap_for_some_leaflets,insufficient_semantic_foreground,1
m12_p02_s08,m12_p02,3,GT_SEMANTIC,nearest_component_k_normalizer,k_normalizer,3,3,0,0,0,1,1.0,1.0,1.0,1.0,1.0,0.0,0.0,natural_components_match_k,success,0
m12_p02_s08,m12_p02,3,GT_SEMANTIC,area_aware_k_normalizer,k_normalizer,3,3,0,0,0,1,1.0,1.0,1.0,1.0,1.0,0.0,0.0,natural_components_match_k,success,0
m12_p02_s08,m12_p02,3,GT_SEMANTIC,centroid_distance_k_normalizer,k_normalizer,3,3,0,0,0,1,1.0,1.0,1.0,1.0,1.0,0.0,0.0,natural_components_match_k,success,0
m12_p02_s08,m12_p02,3,GT_SEMANTIC,hybrid_k_normalization,k_normalizer,3,3,0,0,0,1,1.0,1.0,1.0,1.0,1.0,0.0,0.0,natural_components_match_k,success,0
m12_p02_s08,m12_p02,3,GT_SEMANTIC,gt_fragment_grouping_oracle,diagnostic_oracle,3,3,0,0,0,1,1.0,1.0,1.0,1.0,1.0,0.0,0.0,exact_k,success,0
m12_p02_s08,m12_p02,3,PREDICTED_SEMANTIC,nearest_component_k_normalizer,k_normalizer,1,3,0,2,0,1,1.0,0.41993533849705594,0.0,0.0,0.0,0.0,0.0,exact_k,false_semantic_bridge_requiring_split,0
m12_p02_s08,m12_p02,3,PREDICTED_SEMANTIC,area_aware_k_normalizer,k_normalizer,1,3,0,2,0,1,1.0,0.41993533849705594,0.0,0.0,0.0,0.0,0.0,exact_k,false_semantic_bridge_requiring_split,0
m12_p02_s08,m12_p02,3,PREDICTED_SEMANTIC,centroid_distance_k_normalizer,k_normalizer,1,3,0,2,0,1,1.0,0.41993533849705594,0.0,0.0,0.0,0.0,0.0,exact_k,false_semantic_bridge_requiring_split,0
m12_p02_s08,m12_p02,3,PREDICTED_SEMANTIC,hybrid_k_normalization,k_normalizer,1,3,0,2,0,1,1.0,0.41993533849705594,0.0,0.0,0.0,0.0,0.0,exact_k,false_semantic_bridge_requiring_split,0
m12_p02_s08,m12_p02,3,PREDICTED_SEMANTIC,gt_fragment_grouping_oracle,diagnostic_oracle,1,1,0,0,0,0,0.0,0.09722423269422255,0.0,0.0,0.0,1.0,0.0,missing_gt_overlap_for_some_leaflets,false_semantic_bridge_requiring_split,0
m12_p02_s09,m12_p02,3,GT_SEMANTIC,nearest_component_k_normalizer,k_normalizer,3,3,0,0,0,1,1.0,0.4907983021844815,0.0,0.0,0.0,0.0,0.0,natural_components_match_k,other,0
m12_p02_s09,m12_p02,3,GT_SEMANTIC,area_aware_k_normalizer,k_normalizer,3,3,0,0,0,1,1.0,0.4907983021844815,0.0,0.0,0.0,0.0,0.0,natural_components_match_k,other,0
m12_p02_s09,m12_p02,3,GT_SEMANTIC,centroid_distance_k_normalizer,k_normalizer,3,3,0,0,0,1,1.0,0.4907983021844815,0.0,0.0,0.0,0.0,0.0,natural_components_match_k,other,0
m12_p02_s09,m12_p02,3,GT_SEMANTIC,hybrid_k_normalization,k_normalizer,3,3,0,0,0,1,1.0,0.4907983021844815,0.0,0.0,0.0,0.0,0.0,natural_components_match_k,other,0
m12_p02_s09,m12_p02,3,GT_SEMANTIC,gt_fragment_grouping_oracle,diagnostic_oracle,3,2,1,0,1,0,0.0,0.5402018713853581,0.0,0.0,0.0,1.0,0.0,missing_gt_overlap_for_some_leaflets,other,0
m12_p02_s09,m12_p02,3,PREDICTED_SEMANTIC,nearest_component_k_normalizer,k_normalizer,6,3,3,0,3,1,1.0,0.4053562188003889,0.0,0.0,0.0,0.0,0.0,exact_k,insufficient_semantic_foreground,0
m12_p02_s09,m12_p02,3,PREDICTED_SEMANTIC,area_aware_k_normalizer,k_normalizer,6,3,3,0,3,1,1.0,0.4053562188003889,0.0,0.0,0.0,0.0,0.0,exact_k,insufficient_semantic_foreground,0
m12_p02_s09,m12_p02,3,PREDICTED_SEMANTIC,centroid_distance_k_normalizer,k_normalizer,6,3,3,0,3,1,1.0,0.4053655878918054,0.0,0.0,0.0,0.0,0.0,exact_k,insufficient_semantic_foreground,0
m12_p02_s09,m12_p02,3,PREDICTED_SEMANTIC,hybrid_k_normalization,k_normalizer,6,3,3,0,3,1,1.0,0.4053727773995064,0.0,0.0,0.0,0.0,0.0,exact_k,insufficient_semantic_foreground,0
m12_p02_s09,m12_p02,3,PREDICTED_SEMANTIC,gt_fragment_grouping_oracle,diagnostic_oracle,6,2,4,0,4,0,0.0,0.4053878885193405,0.0,0.0,0.0,1.0,0.0,missing_gt_overlap_for_some_leaflets,insufficient_semantic_foreground,0
