sample_id,patient_id,gt_count,mask_condition,method_key,method_family,method_variant,metadata_fullimage_count,pred_instance_count,instance_exact_count_acc,instance_mean_matched_iou,median_matched_iou,all_iou_ge_0.50,all_iou_ge_0.70,all_iou_ge_0.80,instance_merged_rate,instance_fragmented_rate,instance_perfect_rate,unmatched_gt_instances,unmatched_pred_instances,matched_iou_per_gt,failure_attribution
m04_p01_s00,m04_p01,2,GT_SEMANTIC,baseline_connected_components,connected_components,raw_cc,2,2,1.0,1.0,1.0,1.0,1.0,1.0,0.0,0.0,1.0,0,0,"[1.0, 1.0]",seed_failures
m04_p01_s00,m04_p01,2,GT_SEMANTIC,global_distance_maxima_r09,global_distance_maxima,radius9_rel0p08,2,2,1.0,1.0,1.0,1.0,1.0,1.0,0.0,0.0,1.0,0,0,"[1.0, 1.0]",other
m04_p01_s00,m04_p01,2,GT_SEMANTIC,global_distance_maxima_r15,global_distance_maxima,radius15_rel0p12,2,2,1.0,1.0,1.0,1.0,1.0,1.0,0.0,0.0,1.0,0,0,"[1.0, 1.0]",other
m04_p01_s00,m04_p01,2,GT_SEMANTIC,prominent_maxima_rel20,prominent_maxima,prominence0p20_radius12,2,2,1.0,1.0,1.0,1.0,1.0,1.0,0.0,0.0,1.0,0,0,"[1.0, 1.0]",other
m04_p01_s00,m04_p01,2,GT_SEMANTIC,prominent_maxima_rel30,prominent_maxima,prominence0p30_radius15,2,2,1.0,1.0,1.0,1.0,1.0,1.0,0.0,0.0,1.0,0,0,"[1.0, 1.0]",other
m04_p01_s00,m04_p01,2,GT_SEMANTIC,component_aware_maxima,component_aware_maxima,per_component_greedy,2,2,1.0,1.0,1.0,1.0,1.0,1.0,0.0,0.0,1.0,0,0,"[1.0, 1.0]",other
m04_p01_s00,m04_p01,2,PREDICTED_SEMANTIC,baseline_connected_components,connected_components,raw_cc,2,2,1.0,0.8993227451511014,0.8993227451511014,1.0,1.0,1.0,0.0,0.0,0.0,0,0,"[0.9161660922369933, 0.8824793980652096]",seed_failures
m04_p01_s00,m04_p01,2,PREDICTED_SEMANTIC,global_distance_maxima_r09,global_distance_maxima,radius9_rel0p08,2,2,1.0,0.8993227451511014,0.8993227451511014,1.0,1.0,1.0,0.0,0.0,0.0,0,0,"[0.9161660922369933, 0.8824793980652096]",other
m04_p01_s00,m04_p01,2,PREDICTED_SEMANTIC,global_distance_maxima_r15,global_distance_maxima,radius15_rel0p12,2,2,1.0,0.8993227451511014,0.8993227451511014,1.0,1.0,1.0,0.0,0.0,0.0,0,0,"[0.9161660922369933, 0.8824793980652096]",other
m04_p01_s00,m04_p01,2,PREDICTED_SEMANTIC,prominent_maxima_rel20,prominent_maxima,prominence0p20_radius12,2,2,1.0,0.8993227451511014,0.8993227451511014,1.0,1.0,1.0,0.0,0.0,0.0,0,0,"[0.9161660922369933, 0.8824793980652096]",other
m04_p01_s00,m04_p01,2,PREDICTED_SEMANTIC,prominent_maxima_rel30,prominent_maxima,prominence0p30_radius15,2,2,1.0,0.8993227451511014,0.8993227451511014,1.0,1.0,1.0,0.0,0.0,0.0,0,0,"[0.9161660922369933, 0.8824793980652096]",other
m04_p01_s00,m04_p01,2,PREDICTED_SEMANTIC,component_aware_maxima,component_aware_maxima,per_component_greedy,2,2,1.0,0.8993227451511014,0.8993227451511014,1.0,1.0,1.0,0.0,0.0,0.0,0,0,"[0.9161660922369933, 0.8824793980652096]",other
m04_p01_s01,m04_p01,3,GT_SEMANTIC,baseline_connected_components,connected_components,raw_cc,3,3,1.0,1.0,1.0,1.0,1.0,1.0,0.0,0.0,1.0,0,0,"[1.0, 1.0, 1.0]",seed_failures
m04_p01_s01,m04_p01,3,GT_SEMANTIC,global_distance_maxima_r09,global_distance_maxima,radius9_rel0p08,3,3,1.0,1.0,1.0,1.0,1.0,1.0,0.0,0.0,1.0,0,0,"[1.0, 1.0, 1.0]",other
m04_p01_s01,m04_p01,3,GT_SEMANTIC,global_distance_maxima_r15,global_distance_maxima,radius15_rel0p12,3,3,1.0,1.0,1.0,1.0,1.0,1.0,0.0,0.0,1.0,0,0,"[1.0, 1.0, 1.0]",other
m04_p01_s01,m04_p01,3,GT_SEMANTIC,prominent_maxima_rel20,prominent_maxima,prominence0p20_radius12,3,3,1.0,1.0,1.0,1.0,1.0,1.0,0.0,0.0,1.0,0,0,"[1.0, 1.0, 1.0]",other
m04_p01_s01,m04_p01,3,GT_SEMANTIC,prominent_maxima_rel30,prominent_maxima,prominence0p30_radius15,3,3,1.0,1.0,1.0,1.0,1.0,1.0,0.0,0.0,1.0,0,0,"[1.0, 1.0, 1.0]",other
m04_p01_s01,m04_p01,3,GT_SEMANTIC,component_aware_maxima,component_aware_maxima,per_component_greedy,3,3,1.0,1.0,1.0,1.0,1.0,1.0,0.0,0.0,1.0,0,0,"[1.0, 1.0, 1.0]",other
m04_p01_s01,m04_p01,3,PREDICTED_SEMANTIC,baseline_connected_components,connected_components,raw_cc,3,1,0.0,0.18069323537798354,0.0,0.0,0.0,0.0,1.0,0.0,0.0,2,0,"[0.5420797061339506, 0.0, 0.0]",false_semantic_bridges
m04_p01_s01,m04_p01,3,PREDICTED_SEMANTIC,global_distance_maxima_r09,global_distance_maxima,radius9_rel0p08,3,3,1.0,0.1592250949143245,0.0,0.0,0.0,0.0,0.0,0.0,0.0,2,2,"[0.47767528474297344, 0.0, 0.0]",false_semantic_bridges
m04_p01_s01,m04_p01,3,PREDICTED_SEMANTIC,global_distance_maxima_r15,global_distance_maxima,radius15_rel0p12,3,3,1.0,0.1592250949143245,0.0,0.0,0.0,0.0,0.0,0.0,0.0,2,2,"[0.47767528474297344, 0.0, 0.0]",false_semantic_bridges
m04_p01_s01,m04_p01,3,PREDICTED_SEMANTIC,prominent_maxima_rel20,prominent_maxima,prominence0p20_radius12,3,3,1.0,0.1592250949143245,0.0,0.0,0.0,0.0,0.0,0.0,0.0,2,2,"[0.47767528474297344, 0.0, 0.0]",false_semantic_bridges
m04_p01_s01,m04_p01,3,PREDICTED_SEMANTIC,prominent_maxima_rel30,prominent_maxima,prominence0p30_radius15,3,3,1.0,0.1592250949143245,0.0,0.0,0.0,0.0,0.0,0.0,0.0,2,2,"[0.47767528474297344, 0.0, 0.0]",false_semantic_bridges
m04_p01_s01,m04_p01,3,PREDICTED_SEMANTIC,component_aware_maxima,component_aware_maxima,per_component_greedy,3,3,1.0,0.1592250949143245,0.0,0.0,0.0,0.0,0.0,0.0,0.0,2,2,"[0.47767528474297344, 0.0, 0.0]",false_semantic_bridges
m04_p01_s02,m04_p01,1,GT_SEMANTIC,baseline_connected_components,connected_components,raw_cc,1,1,1.0,1.0,1.0,1.0,1.0,1.0,0.0,0.0,1.0,0,0,[1.0],seed_failures
m04_p01_s02,m04_p01,1,GT_SEMANTIC,global_distance_maxima_r09,global_distance_maxima,radius9_rel0p08,1,1,1.0,1.0,1.0,1.0,1.0,1.0,0.0,0.0,1.0,0,0,[1.0],other
m04_p01_s02,m04_p01,1,GT_SEMANTIC,global_distance_maxima_r15,global_distance_maxima,radius15_rel0p12,1,1,1.0,1.0,1.0,1.0,1.0,1.0,0.0,0.0,1.0,0,0,[1.0],other
m04_p01_s02,m04_p01,1,GT_SEMANTIC,prominent_maxima_rel20,prominent_maxima,prominence0p20_radius12,1,1,1.0,1.0,1.0,1.0,1.0,1.0,0.0,0.0,1.0,0,0,[1.0],other
m04_p01_s02,m04_p01,1,GT_SEMANTIC,prominent_maxima_rel30,prominent_maxima,prominence0p30_radius15,1,1,1.0,1.0,1.0,1.0,1.0,1.0,0.0,0.0,1.0,0,0,[1.0],other
m04_p01_s02,m04_p01,1,GT_SEMANTIC,component_aware_maxima,component_aware_maxima,per_component_greedy,1,1,1.0,1.0,1.0,1.0,1.0,1.0,0.0,0.0,1.0,0,0,[1.0],other
m04_p01_s02,m04_p01,1,PREDICTED_SEMANTIC,baseline_connected_components,connected_components,raw_cc,1,1,1.0,0.6492616735399761,0.6492616735399761,1.0,0.0,0.0,0.0,0.0,0.0,0,0,[0.6492616735399761],missing_semantic_tissue
m04_p01_s02,m04_p01,1,PREDICTED_SEMANTIC,global_distance_maxima_r09,global_distance_maxima,radius9_rel0p08,1,1,1.0,0.6492616735399761,0.6492616735399761,1.0,0.0,0.0,0.0,0.0,0.0,0,0,[0.6492616735399761],missing_semantic_tissue
m04_p01_s02,m04_p01,1,PREDICTED_SEMANTIC,global_distance_maxima_r15,global_distance_maxima,radius15_rel0p12,1,1,1.0,0.6492616735399761,0.6492616735399761,1.0,0.0,0.0,0.0,0.0,0.0,0,0,[0.6492616735399761],missing_semantic_tissue
m04_p01_s02,m04_p01,1,PREDICTED_SEMANTIC,prominent_maxima_rel20,prominent_maxima,prominence0p20_radius12,1,1,1.0,0.6492616735399761,0.6492616735399761,1.0,0.0,0.0,0.0,0.0,0.0,0,0,[0.6492616735399761],missing_semantic_tissue
m04_p01_s02,m04_p01,1,PREDICTED_SEMANTIC,prominent_maxima_rel30,prominent_maxima,prominence0p30_radius15,1,1,1.0,0.6492616735399761,0.6492616735399761,1.0,0.0,0.0,0.0,0.0,0.0,0,0,[0.6492616735399761],missing_semantic_tissue
m04_p01_s02,m04_p01,1,PREDICTED_SEMANTIC,component_aware_maxima,component_aware_maxima,per_component_greedy,1,1,1.0,0.6492616735399761,0.6492616735399761,1.0,0.0,0.0,0.0,0.0,0.0,0,0,[0.6492616735399761],missing_semantic_tissue
m04_p01_s04,m04_p01,3,GT_SEMANTIC,baseline_connected_components,connected_components,raw_cc,3,3,1.0,1.0,1.0,1.0,1.0,1.0,0.0,0.0,1.0,0,0,"[1.0, 1.0, 1.0]",seed_failures
m04_p01_s04,m04_p01,3,GT_SEMANTIC,global_distance_maxima_r09,global_distance_maxima,radius9_rel0p08,3,3,1.0,1.0,1.0,1.0,1.0,1.0,0.0,0.0,1.0,0,0,"[1.0, 1.0, 1.0]",other
m04_p01_s04,m04_p01,3,GT_SEMANTIC,global_distance_maxima_r15,global_distance_maxima,radius15_rel0p12,3,3,1.0,1.0,1.0,1.0,1.0,1.0,0.0,0.0,1.0,0,0,"[1.0, 1.0, 1.0]",other
m04_p01_s04,m04_p01,3,GT_SEMANTIC,prominent_maxima_rel20,prominent_maxima,prominence0p20_radius12,3,3,1.0,1.0,1.0,1.0,1.0,1.0,0.0,0.0,1.0,0,0,"[1.0, 1.0, 1.0]",other
m04_p01_s04,m04_p01,3,GT_SEMANTIC,prominent_maxima_rel30,prominent_maxima,prominence0p30_radius15,3,3,1.0,1.0,1.0,1.0,1.0,1.0,0.0,0.0,1.0,0,0,"[1.0, 1.0, 1.0]",other
m04_p01_s04,m04_p01,3,GT_SEMANTIC,component_aware_maxima,component_aware_maxima,per_component_greedy,3,3,1.0,1.0,1.0,1.0,1.0,1.0,0.0,0.0,1.0,0,0,"[1.0, 1.0, 1.0]",other
m04_p01_s04,m04_p01,3,PREDICTED_SEMANTIC,baseline_connected_components,connected_components,raw_cc,3,5,0.0,0.7269587127256533,0.8320770706034522,0.0,0.0,0.0,0.0,1.0,0.0,0,2,"[0.8320770706034522, 0.8501485952388247, 0.49865047233468285]",false_semantic_bridges
m04_p01_s04,m04_p01,3,PREDICTED_SEMANTIC,global_distance_maxima_r09,global_distance_maxima,radius9_rel0p08,3,5,0.0,0.7269587127256533,0.8320770706034522,0.0,0.0,0.0,0.0,1.0,0.0,0,2,"[0.8320770706034522, 0.8501485952388247, 0.49865047233468285]",false_semantic_bridges
m04_p01_s04,m04_p01,3,PREDICTED_SEMANTIC,global_distance_maxima_r15,global_distance_maxima,radius15_rel0p12,3,5,0.0,0.7269587127256533,0.8320770706034522,0.0,0.0,0.0,0.0,1.0,0.0,0,2,"[0.8320770706034522, 0.8501485952388247, 0.49865047233468285]",false_semantic_bridges
m04_p01_s04,m04_p01,3,PREDICTED_SEMANTIC,prominent_maxima_rel20,prominent_maxima,prominence0p20_radius12,3,5,0.0,0.7269587127256533,0.8320770706034522,0.0,0.0,0.0,0.0,1.0,0.0,0,2,"[0.8320770706034522, 0.8501485952388247, 0.49865047233468285]",false_semantic_bridges
m04_p01_s04,m04_p01,3,PREDICTED_SEMANTIC,prominent_maxima_rel30,prominent_maxima,prominence0p30_radius15,3,5,0.0,0.7269587127256533,0.8320770706034522,0.0,0.0,0.0,0.0,1.0,0.0,0,2,"[0.8320770706034522, 0.8501485952388247, 0.49865047233468285]",false_semantic_bridges
m04_p01_s04,m04_p01,3,PREDICTED_SEMANTIC,component_aware_maxima,component_aware_maxima,per_component_greedy,3,5,0.0,0.7269587127256533,0.8320770706034522,0.0,0.0,0.0,0.0,1.0,0.0,0,2,"[0.8320770706034522, 0.8501485952388247, 0.49865047233468285]",false_semantic_bridges
m04_p01_s05,m04_p01,3,GT_SEMANTIC,baseline_connected_components,connected_components,raw_cc,3,3,1.0,1.0,1.0,1.0,1.0,1.0,0.0,0.0,1.0,0,0,"[1.0, 1.0, 1.0]",seed_failures
m04_p01_s05,m04_p01,3,GT_SEMANTIC,global_distance_maxima_r09,global_distance_maxima,radius9_rel0p08,3,3,1.0,1.0,1.0,1.0,1.0,1.0,0.0,0.0,1.0,0,0,"[1.0, 1.0, 1.0]",other
m04_p01_s05,m04_p01,3,GT_SEMANTIC,global_distance_maxima_r15,global_distance_maxima,radius15_rel0p12,3,3,1.0,1.0,1.0,1.0,1.0,1.0,0.0,0.0,1.0,0,0,"[1.0, 1.0, 1.0]",other
m04_p01_s05,m04_p01,3,GT_SEMANTIC,prominent_maxima_rel20,prominent_maxima,prominence0p20_radius12,3,3,1.0,1.0,1.0,1.0,1.0,1.0,0.0,0.0,1.0,0,0,"[1.0, 1.0, 1.0]",other
m04_p01_s05,m04_p01,3,GT_SEMANTIC,prominent_maxima_rel30,prominent_maxima,prominence0p30_radius15,3,3,1.0,1.0,1.0,1.0,1.0,1.0,0.0,0.0,1.0,0,0,"[1.0, 1.0, 1.0]",other
m04_p01_s05,m04_p01,3,GT_SEMANTIC,component_aware_maxima,component_aware_maxima,per_component_greedy,3,3,1.0,1.0,1.0,1.0,1.0,1.0,0.0,0.0,1.0,0,0,"[1.0, 1.0, 1.0]",other
m04_p01_s05,m04_p01,3,PREDICTED_SEMANTIC,baseline_connected_components,connected_components,raw_cc,3,2,0.0,0.20689837928366248,0.5020412329046744,0.0,0.0,0.0,1.0,0.0,0.0,1,0,"[0.6206951378509874, 0.0, 0.5020412329046744]",false_semantic_bridges
m04_p01_s05,m04_p01,3,PREDICTED_SEMANTIC,global_distance_maxima_r09,global_distance_maxima,radius9_rel0p08,3,3,1.0,0.396633120651621,0.36787032735985137,0.0,0.0,0.0,0.0,0.0,0.0,0,0,"[0.36787032735985137, 0.3199878016903372, 0.5020412329046744]",false_semantic_bridges
m04_p01_s05,m04_p01,3,PREDICTED_SEMANTIC,global_distance_maxima_r15,global_distance_maxima,radius15_rel0p12,3,3,1.0,0.396633120651621,0.36787032735985137,0.0,0.0,0.0,0.0,0.0,0.0,0,0,"[0.36787032735985137, 0.3199878016903372, 0.5020412329046744]",false_semantic_bridges
m04_p01_s05,m04_p01,3,PREDICTED_SEMANTIC,prominent_maxima_rel20,prominent_maxima,prominence0p20_radius12,3,3,1.0,0.396633120651621,0.36787032735985137,0.0,0.0,0.0,0.0,0.0,0.0,0,0,"[0.36787032735985137, 0.3199878016903372, 0.5020412329046744]",false_semantic_bridges
m04_p01_s05,m04_p01,3,PREDICTED_SEMANTIC,prominent_maxima_rel30,prominent_maxima,prominence0p30_radius15,3,3,1.0,0.396633120651621,0.36787032735985137,0.0,0.0,0.0,0.0,0.0,0.0,0,0,"[0.36787032735985137, 0.3199878016903372, 0.5020412329046744]",false_semantic_bridges
m04_p01_s05,m04_p01,3,PREDICTED_SEMANTIC,component_aware_maxima,component_aware_maxima,per_component_greedy,3,3,1.0,0.396633120651621,0.36787032735985137,0.0,0.0,0.0,0.0,0.0,0.0,0,0,"[0.36787032735985137, 0.3199878016903372, 0.5020412329046744]",false_semantic_bridges
m04_p01_s06,m04_p01,3,GT_SEMANTIC,baseline_connected_components,connected_components,raw_cc,3,4,0.0,0.9244358236349225,1.0,1.0,1.0,0.0,0.0,1.0,0.0,0,1,"[0.7733074709047678, 1.0, 1.0]",seed_failures
m04_p01_s06,m04_p01,3,GT_SEMANTIC,global_distance_maxima_r09,global_distance_maxima,radius9_rel0p08,3,4,0.0,0.9244358236349225,1.0,1.0,1.0,0.0,0.0,1.0,0.0,0,1,"[0.7733074709047678, 1.0, 1.0]",seed_failures
m04_p01_s06,m04_p01,3,GT_SEMANTIC,global_distance_maxima_r15,global_distance_maxima,radius15_rel0p12,3,4,0.0,0.9244358236349225,1.0,1.0,1.0,0.0,0.0,1.0,0.0,0,1,"[0.7733074709047678, 1.0, 1.0]",seed_failures
m04_p01_s06,m04_p01,3,GT_SEMANTIC,prominent_maxima_rel20,prominent_maxima,prominence0p20_radius12,3,4,0.0,0.9244358236349225,1.0,1.0,1.0,0.0,0.0,1.0,0.0,0,1,"[0.7733074709047678, 1.0, 1.0]",seed_failures
m04_p01_s06,m04_p01,3,GT_SEMANTIC,prominent_maxima_rel30,prominent_maxima,prominence0p30_radius15,3,4,0.0,0.9244358236349225,1.0,1.0,1.0,0.0,0.0,1.0,0.0,0,1,"[0.7733074709047678, 1.0, 1.0]",seed_failures
m04_p01_s06,m04_p01,3,GT_SEMANTIC,component_aware_maxima,component_aware_maxima,per_component_greedy,3,4,0.0,0.9244358236349225,1.0,1.0,1.0,0.0,0.0,1.0,0.0,0,1,"[0.7733074709047678, 1.0, 1.0]",seed_failures
m04_p01_s06,m04_p01,3,PREDICTED_SEMANTIC,baseline_connected_components,connected_components,raw_cc,3,4,0.0,0.5794824052228921,0.5571955719557196,0.0,0.0,0.0,0.0,1.0,0.0,0,1,"[0.5571955719557196, 0.44398829989223587, 0.7372633438207209]",missing_semantic_tissue
m04_p01_s06,m04_p01,3,PREDICTED_SEMANTIC,global_distance_maxima_r09,global_distance_maxima,radius9_rel0p08,3,4,0.0,0.5794824052228921,0.5571955719557196,0.0,0.0,0.0,0.0,1.0,0.0,0,1,"[0.5571955719557196, 0.44398829989223587, 0.7372633438207209]",missing_semantic_tissue
m04_p01_s06,m04_p01,3,PREDICTED_SEMANTIC,global_distance_maxima_r15,global_distance_maxima,radius15_rel0p12,3,4,0.0,0.5794824052228921,0.5571955719557196,0.0,0.0,0.0,0.0,1.0,0.0,0,1,"[0.5571955719557196, 0.44398829989223587, 0.7372633438207209]",missing_semantic_tissue
m04_p01_s06,m04_p01,3,PREDICTED_SEMANTIC,prominent_maxima_rel20,prominent_maxima,prominence0p20_radius12,3,4,0.0,0.5794824052228921,0.5571955719557196,0.0,0.0,0.0,0.0,1.0,0.0,0,1,"[0.5571955719557196, 0.44398829989223587, 0.7372633438207209]",missing_semantic_tissue
m04_p01_s06,m04_p01,3,PREDICTED_SEMANTIC,prominent_maxima_rel30,prominent_maxima,prominence0p30_radius15,3,4,0.0,0.5794824052228921,0.5571955719557196,0.0,0.0,0.0,0.0,1.0,0.0,0,1,"[0.5571955719557196, 0.44398829989223587, 0.7372633438207209]",missing_semantic_tissue
m04_p01_s06,m04_p01,3,PREDICTED_SEMANTIC,component_aware_maxima,component_aware_maxima,per_component_greedy,3,4,0.0,0.5794824052228921,0.5571955719557196,0.0,0.0,0.0,0.0,1.0,0.0,0,1,"[0.5571955719557196, 0.44398829989223587, 0.7372633438207209]",missing_semantic_tissue
m04_p01_s07,m04_p01,2,GT_SEMANTIC,baseline_connected_components,connected_components,raw_cc,2,2,1.0,1.0,1.0,1.0,1.0,1.0,0.0,0.0,1.0,0,0,"[1.0, 1.0]",seed_failures
m04_p01_s07,m04_p01,2,GT_SEMANTIC,global_distance_maxima_r09,global_distance_maxima,radius9_rel0p08,2,2,1.0,1.0,1.0,1.0,1.0,1.0,0.0,0.0,1.0,0,0,"[1.0, 1.0]",other
m04_p01_s07,m04_p01,2,GT_SEMANTIC,global_distance_maxima_r15,global_distance_maxima,radius15_rel0p12,2,2,1.0,1.0,1.0,1.0,1.0,1.0,0.0,0.0,1.0,0,0,"[1.0, 1.0]",other
m04_p01_s07,m04_p01,2,GT_SEMANTIC,prominent_maxima_rel20,prominent_maxima,prominence0p20_radius12,2,2,1.0,1.0,1.0,1.0,1.0,1.0,0.0,0.0,1.0,0,0,"[1.0, 1.0]",other
m04_p01_s07,m04_p01,2,GT_SEMANTIC,prominent_maxima_rel30,prominent_maxima,prominence0p30_radius15,2,2,1.0,1.0,1.0,1.0,1.0,1.0,0.0,0.0,1.0,0,0,"[1.0, 1.0]",other
m04_p01_s07,m04_p01,2,GT_SEMANTIC,component_aware_maxima,component_aware_maxima,per_component_greedy,2,2,1.0,1.0,1.0,1.0,1.0,1.0,0.0,0.0,1.0,0,0,"[1.0, 1.0]",other
m04_p01_s07,m04_p01,2,PREDICTED_SEMANTIC,baseline_connected_components,connected_components,raw_cc,2,3,0.0,0.2183198372686098,0.2183198372686098,0.0,0.0,0.0,0.0,1.0,0.0,0,1,"[0.00042170368287883047, 0.4362179708543408]",missing_semantic_tissue
m04_p01_s07,m04_p01,2,PREDICTED_SEMANTIC,global_distance_maxima_r09,global_distance_maxima,radius9_rel0p08,2,3,0.0,0.2183198372686098,0.2183198372686098,0.0,0.0,0.0,0.0,1.0,0.0,0,1,"[0.00042170368287883047, 0.4362179708543408]",missing_semantic_tissue
m04_p01_s07,m04_p01,2,PREDICTED_SEMANTIC,global_distance_maxima_r15,global_distance_maxima,radius15_rel0p12,2,3,0.0,0.2183198372686098,0.2183198372686098,0.0,0.0,0.0,0.0,1.0,0.0,0,1,"[0.00042170368287883047, 0.4362179708543408]",missing_semantic_tissue
m04_p01_s07,m04_p01,2,PREDICTED_SEMANTIC,prominent_maxima_rel20,prominent_maxima,prominence0p20_radius12,2,3,0.0,0.2183198372686098,0.2183198372686098,0.0,0.0,0.0,0.0,1.0,0.0,0,1,"[0.00042170368287883047, 0.4362179708543408]",missing_semantic_tissue
m04_p01_s07,m04_p01,2,PREDICTED_SEMANTIC,prominent_maxima_rel30,prominent_maxima,prominence0p30_radius15,2,3,0.0,0.2183198372686098,0.2183198372686098,0.0,0.0,0.0,0.0,1.0,0.0,0,1,"[0.00042170368287883047, 0.4362179708543408]",missing_semantic_tissue
m04_p01_s07,m04_p01,2,PREDICTED_SEMANTIC,component_aware_maxima,component_aware_maxima,per_component_greedy,2,3,0.0,0.2183198372686098,0.2183198372686098,0.0,0.0,0.0,0.0,1.0,0.0,0,1,"[0.00042170368287883047, 0.4362179708543408]",missing_semantic_tissue
m04_p01_s08,m04_p01,2,GT_SEMANTIC,baseline_connected_components,connected_components,raw_cc,2,2,1.0,1.0,1.0,1.0,1.0,1.0,0.0,0.0,1.0,0,0,"[1.0, 1.0]",seed_failures
m04_p01_s08,m04_p01,2,GT_SEMANTIC,global_distance_maxima_r09,global_distance_maxima,radius9_rel0p08,2,2,1.0,1.0,1.0,1.0,1.0,1.0,0.0,0.0,1.0,0,0,"[1.0, 1.0]",other
m04_p01_s08,m04_p01,2,GT_SEMANTIC,global_distance_maxima_r15,global_distance_maxima,radius15_rel0p12,2,2,1.0,1.0,1.0,1.0,1.0,1.0,0.0,0.0,1.0,0,0,"[1.0, 1.0]",other
m04_p01_s08,m04_p01,2,GT_SEMANTIC,prominent_maxima_rel20,prominent_maxima,prominence0p20_radius12,2,2,1.0,1.0,1.0,1.0,1.0,1.0,0.0,0.0,1.0,0,0,"[1.0, 1.0]",other
m04_p01_s08,m04_p01,2,GT_SEMANTIC,prominent_maxima_rel30,prominent_maxima,prominence0p30_radius15,2,2,1.0,1.0,1.0,1.0,1.0,1.0,0.0,0.0,1.0,0,0,"[1.0, 1.0]",other
m04_p01_s08,m04_p01,2,GT_SEMANTIC,component_aware_maxima,component_aware_maxima,per_component_greedy,2,2,1.0,1.0,1.0,1.0,1.0,1.0,0.0,0.0,1.0,0,0,"[1.0, 1.0]",other
m04_p01_s08,m04_p01,2,PREDICTED_SEMANTIC,baseline_connected_components,connected_components,raw_cc,2,3,0.0,0.8586830307371561,0.8586830307371561,1.0,1.0,1.0,0.0,1.0,0.0,0,1,"[0.90445924645345, 0.8129068150208623]",false_semantic_bridges
m04_p01_s08,m04_p01,2,PREDICTED_SEMANTIC,global_distance_maxima_r09,global_distance_maxima,radius9_rel0p08,2,3,0.0,0.8586830307371561,0.8586830307371561,1.0,1.0,1.0,0.0,1.0,0.0,0,1,"[0.90445924645345, 0.8129068150208623]",false_semantic_bridges
m04_p01_s08,m04_p01,2,PREDICTED_SEMANTIC,global_distance_maxima_r15,global_distance_maxima,radius15_rel0p12,2,3,0.0,0.8586830307371561,0.8586830307371561,1.0,1.0,1.0,0.0,1.0,0.0,0,1,"[0.90445924645345, 0.8129068150208623]",false_semantic_bridges
m04_p01_s08,m04_p01,2,PREDICTED_SEMANTIC,prominent_maxima_rel20,prominent_maxima,prominence0p20_radius12,2,3,0.0,0.8586830307371561,0.8586830307371561,1.0,1.0,1.0,0.0,1.0,0.0,0,1,"[0.90445924645345, 0.8129068150208623]",false_semantic_bridges
m04_p01_s08,m04_p01,2,PREDICTED_SEMANTIC,prominent_maxima_rel30,prominent_maxima,prominence0p30_radius15,2,3,0.0,0.8586830307371561,0.8586830307371561,1.0,1.0,1.0,0.0,1.0,0.0,0,1,"[0.90445924645345, 0.8129068150208623]",false_semantic_bridges
m04_p01_s08,m04_p01,2,PREDICTED_SEMANTIC,component_aware_maxima,component_aware_maxima,per_component_greedy,2,3,0.0,0.8586830307371561,0.8586830307371561,1.0,1.0,1.0,0.0,1.0,0.0,0,1,"[0.90445924645345, 0.8129068150208623]",false_semantic_bridges
m04_p01_s09,m04_p01,3,GT_SEMANTIC,baseline_connected_components,connected_components,raw_cc,3,5,0.0,0.8832303144316045,1.0,1.0,0.0,0.0,0.0,1.0,0.0,0,2,"[1.0, 1.0, 0.6496909432948133]",seed_failures
m04_p01_s09,m04_p01,3,GT_SEMANTIC,global_distance_maxima_r09,global_distance_maxima,radius9_rel0p08,3,5,0.0,0.8832303144316045,1.0,1.0,0.0,0.0,0.0,1.0,0.0,0,2,"[1.0, 1.0, 0.6496909432948133]",seed_failures
m04_p01_s09,m04_p01,3,GT_SEMANTIC,global_distance_maxima_r15,global_distance_maxima,radius15_rel0p12,3,5,0.0,0.8832303144316045,1.0,1.0,0.0,0.0,0.0,1.0,0.0,0,2,"[1.0, 1.0, 0.6496909432948133]",seed_failures
m04_p01_s09,m04_p01,3,GT_SEMANTIC,prominent_maxima_rel20,prominent_maxima,prominence0p20_radius12,3,5,0.0,0.8832303144316045,1.0,1.0,0.0,0.0,0.0,1.0,0.0,0,2,"[1.0, 1.0, 0.6496909432948133]",seed_failures
m04_p01_s09,m04_p01,3,GT_SEMANTIC,prominent_maxima_rel30,prominent_maxima,prominence0p30_radius15,3,5,0.0,0.8832303144316045,1.0,1.0,0.0,0.0,0.0,1.0,0.0,0,2,"[1.0, 1.0, 0.6496909432948133]",seed_failures
m04_p01_s09,m04_p01,3,GT_SEMANTIC,component_aware_maxima,component_aware_maxima,per_component_greedy,3,5,0.0,0.8832303144316045,1.0,1.0,0.0,0.0,0.0,1.0,0.0,0,2,"[1.0, 1.0, 0.6496909432948133]",seed_failures
m04_p01_s09,m04_p01,3,PREDICTED_SEMANTIC,baseline_connected_components,connected_components,raw_cc,3,7,0.0,0.7091555229594554,0.777307366638442,1.0,0.0,0.0,0.0,1.0,0.0,0,4,"[0.777307366638442, 0.8430632758273091, 0.507095926412615]",false_semantic_bridges
m04_p01_s09,m04_p01,3,PREDICTED_SEMANTIC,global_distance_maxima_r09,global_distance_maxima,radius9_rel0p08,3,7,0.0,0.7091555229594554,0.777307366638442,1.0,0.0,0.0,0.0,1.0,0.0,0,4,"[0.777307366638442, 0.8430632758273091, 0.507095926412615]",false_semantic_bridges
m04_p01_s09,m04_p01,3,PREDICTED_SEMANTIC,global_distance_maxima_r15,global_distance_maxima,radius15_rel0p12,3,7,0.0,0.7091555229594554,0.777307366638442,1.0,0.0,0.0,0.0,1.0,0.0,0,4,"[0.777307366638442, 0.8430632758273091, 0.507095926412615]",false_semantic_bridges
m04_p01_s09,m04_p01,3,PREDICTED_SEMANTIC,prominent_maxima_rel20,prominent_maxima,prominence0p20_radius12,3,7,0.0,0.7091555229594554,0.777307366638442,1.0,0.0,0.0,0.0,1.0,0.0,0,4,"[0.777307366638442, 0.8430632758273091, 0.507095926412615]",false_semantic_bridges
m04_p01_s09,m04_p01,3,PREDICTED_SEMANTIC,prominent_maxima_rel30,prominent_maxima,prominence0p30_radius15,3,7,0.0,0.7091555229594554,0.777307366638442,1.0,0.0,0.0,0.0,1.0,0.0,0,4,"[0.777307366638442, 0.8430632758273091, 0.507095926412615]",false_semantic_bridges
m04_p01_s09,m04_p01,3,PREDICTED_SEMANTIC,component_aware_maxima,component_aware_maxima,per_component_greedy,3,7,0.0,0.7091555229594554,0.777307366638442,1.0,0.0,0.0,0.0,1.0,0.0,0,4,"[0.777307366638442, 0.8430632758273091, 0.507095926412615]",false_semantic_bridges
m04_p01_s10,m04_p01,3,GT_SEMANTIC,baseline_connected_components,connected_components,raw_cc,3,3,1.0,1.0,1.0,1.0,1.0,1.0,0.0,0.0,1.0,0,0,"[1.0, 1.0, 1.0]",seed_failures
m04_p01_s10,m04_p01,3,GT_SEMANTIC,global_distance_maxima_r09,global_distance_maxima,radius9_rel0p08,3,3,1.0,1.0,1.0,1.0,1.0,1.0,0.0,0.0,1.0,0,0,"[1.0, 1.0, 1.0]",other
m04_p01_s10,m04_p01,3,GT_SEMANTIC,global_distance_maxima_r15,global_distance_maxima,radius15_rel0p12,3,3,1.0,1.0,1.0,1.0,1.0,1.0,0.0,0.0,1.0,0,0,"[1.0, 1.0, 1.0]",other
m04_p01_s10,m04_p01,3,GT_SEMANTIC,prominent_maxima_rel20,prominent_maxima,prominence0p20_radius12,3,3,1.0,1.0,1.0,1.0,1.0,1.0,0.0,0.0,1.0,0,0,"[1.0, 1.0, 1.0]",other
m04_p01_s10,m04_p01,3,GT_SEMANTIC,prominent_maxima_rel30,prominent_maxima,prominence0p30_radius15,3,3,1.0,1.0,1.0,1.0,1.0,1.0,0.0,0.0,1.0,0,0,"[1.0, 1.0, 1.0]",other
m04_p01_s10,m04_p01,3,GT_SEMANTIC,component_aware_maxima,component_aware_maxima,per_component_greedy,3,3,1.0,1.0,1.0,1.0,1.0,1.0,0.0,0.0,1.0,0,0,"[1.0, 1.0, 1.0]",other
m04_p01_s10,m04_p01,3,PREDICTED_SEMANTIC,baseline_connected_components,connected_components,raw_cc,3,2,0.0,0.17939051209550738,0.0,0.0,0.0,0.0,1.0,0.0,0.0,2,1,"[0.5381715362865221, 0.0, 0.0]",false_semantic_bridges
m04_p01_s10,m04_p01,3,PREDICTED_SEMANTIC,global_distance_maxima_r09,global_distance_maxima,radius9_rel0p08,3,3,1.0,0.16018324180826696,0.0,0.0,0.0,0.0,0.0,0.0,0.0,2,2,"[0.4805497254248009, 0.0, 0.0]",false_semantic_bridges
m04_p01_s10,m04_p01,3,PREDICTED_SEMANTIC,global_distance_maxima_r15,global_distance_maxima,radius15_rel0p12,3,3,1.0,0.16018324180826696,0.0,0.0,0.0,0.0,0.0,0.0,0.0,2,2,"[0.4805497254248009, 0.0, 0.0]",false_semantic_bridges
m04_p01_s10,m04_p01,3,PREDICTED_SEMANTIC,prominent_maxima_rel20,prominent_maxima,prominence0p20_radius12,3,3,1.0,0.16018324180826696,0.0,0.0,0.0,0.0,0.0,0.0,0.0,2,2,"[0.4805497254248009, 0.0, 0.0]",false_semantic_bridges
m04_p01_s10,m04_p01,3,PREDICTED_SEMANTIC,prominent_maxima_rel30,prominent_maxima,prominence0p30_radius15,3,3,1.0,0.16018324180826696,0.0,0.0,0.0,0.0,0.0,0.0,0.0,2,2,"[0.4805497254248009, 0.0, 0.0]",false_semantic_bridges
m04_p01_s10,m04_p01,3,PREDICTED_SEMANTIC,component_aware_maxima,component_aware_maxima,per_component_greedy,3,3,1.0,0.16018324180826696,0.0,0.0,0.0,0.0,0.0,0.0,0.0,2,2,"[0.4805497254248009, 0.0, 0.0]",false_semantic_bridges
m04_p01_s11,m04_p01,3,GT_SEMANTIC,baseline_connected_components,connected_components,raw_cc,3,3,1.0,1.0,1.0,1.0,1.0,1.0,0.0,0.0,1.0,0,0,"[1.0, 1.0, 1.0]",seed_failures
m04_p01_s11,m04_p01,3,GT_SEMANTIC,global_distance_maxima_r09,global_distance_maxima,radius9_rel0p08,3,3,1.0,1.0,1.0,1.0,1.0,1.0,0.0,0.0,1.0,0,0,"[1.0, 1.0, 1.0]",other
m04_p01_s11,m04_p01,3,GT_SEMANTIC,global_distance_maxima_r15,global_distance_maxima,radius15_rel0p12,3,3,1.0,1.0,1.0,1.0,1.0,1.0,0.0,0.0,1.0,0,0,"[1.0, 1.0, 1.0]",other
m04_p01_s11,m04_p01,3,GT_SEMANTIC,prominent_maxima_rel20,prominent_maxima,prominence0p20_radius12,3,3,1.0,1.0,1.0,1.0,1.0,1.0,0.0,0.0,1.0,0,0,"[1.0, 1.0, 1.0]",other
m04_p01_s11,m04_p01,3,GT_SEMANTIC,prominent_maxima_rel30,prominent_maxima,prominence0p30_radius15,3,3,1.0,1.0,1.0,1.0,1.0,1.0,0.0,0.0,1.0,0,0,"[1.0, 1.0, 1.0]",other
m04_p01_s11,m04_p01,3,GT_SEMANTIC,component_aware_maxima,component_aware_maxima,per_component_greedy,3,3,1.0,1.0,1.0,1.0,1.0,1.0,0.0,0.0,1.0,0,0,"[1.0, 1.0, 1.0]",other
m04_p01_s11,m04_p01,3,PREDICTED_SEMANTIC,baseline_connected_components,connected_components,raw_cc,3,2,0.0,0.21155840195181455,0.6346752058554437,0.0,0.0,0.0,1.0,0.0,0.0,1,0,"[0.6346752058554437, 0.0, 0.7854514229636899]",false_semantic_bridges
m04_p01_s11,m04_p01,3,PREDICTED_SEMANTIC,global_distance_maxima_r09,global_distance_maxima,radius9_rel0p08,3,3,1.0,0.4708224963666727,0.6270160661363282,0.0,0.0,0.0,0.0,0.0,0.0,1,1,"[0.6270160661363282, 0.0, 0.7854514229636899]",false_semantic_bridges
m04_p01_s11,m04_p01,3,PREDICTED_SEMANTIC,global_distance_maxima_r15,global_distance_maxima,radius15_rel0p12,3,3,1.0,0.4708224963666727,0.6270160661363282,0.0,0.0,0.0,0.0,0.0,0.0,1,1,"[0.6270160661363282, 0.0, 0.7854514229636899]",false_semantic_bridges
m04_p01_s11,m04_p01,3,PREDICTED_SEMANTIC,prominent_maxima_rel20,prominent_maxima,prominence0p20_radius12,3,3,1.0,0.4708224963666727,0.6270160661363282,0.0,0.0,0.0,0.0,0.0,0.0,1,1,"[0.6270160661363282, 0.0, 0.7854514229636899]",false_semantic_bridges
m04_p01_s11,m04_p01,3,PREDICTED_SEMANTIC,prominent_maxima_rel30,prominent_maxima,prominence0p30_radius15,3,3,1.0,0.4708224963666727,0.6270160661363282,0.0,0.0,0.0,0.0,0.0,0.0,1,1,"[0.6270160661363282, 0.0, 0.7854514229636899]",false_semantic_bridges
m04_p01_s11,m04_p01,3,PREDICTED_SEMANTIC,component_aware_maxima,component_aware_maxima,per_component_greedy,3,3,1.0,0.4708224963666727,0.6270160661363282,0.0,0.0,0.0,0.0,0.0,0.0,1,1,"[0.6270160661363282, 0.0, 0.7854514229636899]",false_semantic_bridges
m04_p01_s13,m04_p01,2,GT_SEMANTIC,baseline_connected_components,connected_components,raw_cc,2,3,0.0,0.841465912291032,0.841465912291032,1.0,0.0,0.0,0.0,1.0,0.0,0,1,"[0.6829318245820639, 1.0]",seed_failures
m04_p01_s13,m04_p01,2,GT_SEMANTIC,global_distance_maxima_r09,global_distance_maxima,radius9_rel0p08,2,3,0.0,0.841465912291032,0.841465912291032,1.0,0.0,0.0,0.0,1.0,0.0,0,1,"[0.6829318245820639, 1.0]",seed_failures
m04_p01_s13,m04_p01,2,GT_SEMANTIC,global_distance_maxima_r15,global_distance_maxima,radius15_rel0p12,2,3,0.0,0.841465912291032,0.841465912291032,1.0,0.0,0.0,0.0,1.0,0.0,0,1,"[0.6829318245820639, 1.0]",seed_failures
m04_p01_s13,m04_p01,2,GT_SEMANTIC,prominent_maxima_rel20,prominent_maxima,prominence0p20_radius12,2,3,0.0,0.841465912291032,0.841465912291032,1.0,0.0,0.0,0.0,1.0,0.0,0,1,"[0.6829318245820639, 1.0]",seed_failures
m04_p01_s13,m04_p01,2,GT_SEMANTIC,prominent_maxima_rel30,prominent_maxima,prominence0p30_radius15,2,3,0.0,0.841465912291032,0.841465912291032,1.0,0.0,0.0,0.0,1.0,0.0,0,1,"[0.6829318245820639, 1.0]",seed_failures
m04_p01_s13,m04_p01,2,GT_SEMANTIC,component_aware_maxima,component_aware_maxima,per_component_greedy,2,3,0.0,0.841465912291032,0.841465912291032,1.0,0.0,0.0,0.0,1.0,0.0,0,1,"[0.6829318245820639, 1.0]",seed_failures
m04_p01_s13,m04_p01,2,PREDICTED_SEMANTIC,baseline_connected_components,connected_components,raw_cc,2,5,0.0,0.5394455616871094,0.5394455616871094,0.0,0.0,0.0,0.0,1.0,0.0,0,3,"[0.4427486385783892, 0.6361424847958297]",missing_semantic_tissue
m04_p01_s13,m04_p01,2,PREDICTED_SEMANTIC,global_distance_maxima_r09,global_distance_maxima,radius9_rel0p08,2,5,0.0,0.5394455616871094,0.5394455616871094,0.0,0.0,0.0,0.0,1.0,0.0,0,3,"[0.4427486385783892, 0.6361424847958297]",missing_semantic_tissue
m04_p01_s13,m04_p01,2,PREDICTED_SEMANTIC,global_distance_maxima_r15,global_distance_maxima,radius15_rel0p12,2,5,0.0,0.5394455616871094,0.5394455616871094,0.0,0.0,0.0,0.0,1.0,0.0,0,3,"[0.4427486385783892, 0.6361424847958297]",missing_semantic_tissue
m04_p01_s13,m04_p01,2,PREDICTED_SEMANTIC,prominent_maxima_rel20,prominent_maxima,prominence0p20_radius12,2,5,0.0,0.5394455616871094,0.5394455616871094,0.0,0.0,0.0,0.0,1.0,0.0,0,3,"[0.4427486385783892, 0.6361424847958297]",missing_semantic_tissue
m04_p01_s13,m04_p01,2,PREDICTED_SEMANTIC,prominent_maxima_rel30,prominent_maxima,prominence0p30_radius15,2,5,0.0,0.5394455616871094,0.5394455616871094,0.0,0.0,0.0,0.0,1.0,0.0,0,3,"[0.4427486385783892, 0.6361424847958297]",missing_semantic_tissue
m04_p01_s13,m04_p01,2,PREDICTED_SEMANTIC,component_aware_maxima,component_aware_maxima,per_component_greedy,2,5,0.0,0.5394455616871094,0.5394455616871094,0.0,0.0,0.0,0.0,1.0,0.0,0,3,"[0.4427486385783892, 0.6361424847958297]",missing_semantic_tissue
m04_p01_s14,m04_p01,2,GT_SEMANTIC,baseline_connected_components,connected_components,raw_cc,2,3,0.0,0.966524851603699,0.966524851603699,1.0,1.0,1.0,0.0,1.0,0.0,0,1,"[0.9330497032073981, 1.0]",seed_failures
m04_p01_s14,m04_p01,2,GT_SEMANTIC,global_distance_maxima_r09,global_distance_maxima,radius9_rel0p08,2,3,0.0,0.966524851603699,0.966524851603699,1.0,1.0,1.0,0.0,1.0,0.0,0,1,"[0.9330497032073981, 1.0]",seed_failures
m04_p01_s14,m04_p01,2,GT_SEMANTIC,global_distance_maxima_r15,global_distance_maxima,radius15_rel0p12,2,3,0.0,0.966524851603699,0.966524851603699,1.0,1.0,1.0,0.0,1.0,0.0,0,1,"[0.9330497032073981, 1.0]",seed_failures
m04_p01_s14,m04_p01,2,GT_SEMANTIC,prominent_maxima_rel20,prominent_maxima,prominence0p20_radius12,2,3,0.0,0.966524851603699,0.966524851603699,1.0,1.0,1.0,0.0,1.0,0.0,0,1,"[0.9330497032073981, 1.0]",seed_failures
m04_p01_s14,m04_p01,2,GT_SEMANTIC,prominent_maxima_rel30,prominent_maxima,prominence0p30_radius15,2,3,0.0,0.966524851603699,0.966524851603699,1.0,1.0,1.0,0.0,1.0,0.0,0,1,"[0.9330497032073981, 1.0]",seed_failures
m04_p01_s14,m04_p01,2,GT_SEMANTIC,component_aware_maxima,component_aware_maxima,per_component_greedy,2,3,0.0,0.966524851603699,0.966524851603699,1.0,1.0,1.0,0.0,1.0,0.0,0,1,"[0.9330497032073981, 1.0]",seed_failures
m04_p01_s14,m04_p01,2,PREDICTED_SEMANTIC,baseline_connected_components,connected_components,raw_cc,2,3,0.0,0.22762221444370329,0.22762221444370329,0.0,0.0,0.0,0.0,1.0,0.0,0,1,"[0.022079046551899767, 0.43316538233550683]",false_semantic_bridges
m04_p01_s14,m04_p01,2,PREDICTED_SEMANTIC,global_distance_maxima_r09,global_distance_maxima,radius9_rel0p08,2,3,0.0,0.22762221444370329,0.22762221444370329,0.0,0.0,0.0,0.0,1.0,0.0,0,1,"[0.022079046551899767, 0.43316538233550683]",false_semantic_bridges
m04_p01_s14,m04_p01,2,PREDICTED_SEMANTIC,global_distance_maxima_r15,global_distance_maxima,radius15_rel0p12,2,3,0.0,0.22762221444370329,0.22762221444370329,0.0,0.0,0.0,0.0,1.0,0.0,0,1,"[0.022079046551899767, 0.43316538233550683]",false_semantic_bridges
m04_p01_s14,m04_p01,2,PREDICTED_SEMANTIC,prominent_maxima_rel20,prominent_maxima,prominence0p20_radius12,2,3,0.0,0.22762221444370329,0.22762221444370329,0.0,0.0,0.0,0.0,1.0,0.0,0,1,"[0.022079046551899767, 0.43316538233550683]",false_semantic_bridges
m04_p01_s14,m04_p01,2,PREDICTED_SEMANTIC,prominent_maxima_rel30,prominent_maxima,prominence0p30_radius15,2,3,0.0,0.22762221444370329,0.22762221444370329,0.0,0.0,0.0,0.0,1.0,0.0,0,1,"[0.022079046551899767, 0.43316538233550683]",false_semantic_bridges
m04_p01_s14,m04_p01,2,PREDICTED_SEMANTIC,component_aware_maxima,component_aware_maxima,per_component_greedy,2,3,0.0,0.22762221444370329,0.22762221444370329,0.0,0.0,0.0,0.0,1.0,0.0,0,1,"[0.022079046551899767, 0.43316538233550683]",false_semantic_bridges
m04_p01_s15,m04_p01,2,GT_SEMANTIC,baseline_connected_components,connected_components,raw_cc,2,2,1.0,1.0,1.0,1.0,1.0,1.0,0.0,0.0,1.0,0,0,"[1.0, 1.0]",seed_failures
m04_p01_s15,m04_p01,2,GT_SEMANTIC,global_distance_maxima_r09,global_distance_maxima,radius9_rel0p08,2,2,1.0,1.0,1.0,1.0,1.0,1.0,0.0,0.0,1.0,0,0,"[1.0, 1.0]",other
m04_p01_s15,m04_p01,2,GT_SEMANTIC,global_distance_maxima_r15,global_distance_maxima,radius15_rel0p12,2,2,1.0,1.0,1.0,1.0,1.0,1.0,0.0,0.0,1.0,0,0,"[1.0, 1.0]",other
m04_p01_s15,m04_p01,2,GT_SEMANTIC,prominent_maxima_rel20,prominent_maxima,prominence0p20_radius12,2,2,1.0,1.0,1.0,1.0,1.0,1.0,0.0,0.0,1.0,0,0,"[1.0, 1.0]",other
m04_p01_s15,m04_p01,2,GT_SEMANTIC,prominent_maxima_rel30,prominent_maxima,prominence0p30_radius15,2,2,1.0,1.0,1.0,1.0,1.0,1.0,0.0,0.0,1.0,0,0,"[1.0, 1.0]",other
m04_p01_s15,m04_p01,2,GT_SEMANTIC,component_aware_maxima,component_aware_maxima,per_component_greedy,2,2,1.0,1.0,1.0,1.0,1.0,1.0,0.0,0.0,1.0,0,0,"[1.0, 1.0]",other
m04_p01_s15,m04_p01,2,PREDICTED_SEMANTIC,baseline_connected_components,connected_components,raw_cc,2,6,0.0,0.8970320383307461,0.8970320383307461,1.0,1.0,1.0,0.0,1.0,0.0,0,4,"[0.9148601186871745, 0.8792039579743176]",false_semantic_bridges
m04_p01_s15,m04_p01,2,PREDICTED_SEMANTIC,global_distance_maxima_r09,global_distance_maxima,radius9_rel0p08,2,6,0.0,0.8970320383307461,0.8970320383307461,1.0,1.0,1.0,0.0,1.0,0.0,0,4,"[0.9148601186871745, 0.8792039579743176]",false_semantic_bridges
m04_p01_s15,m04_p01,2,PREDICTED_SEMANTIC,global_distance_maxima_r15,global_distance_maxima,radius15_rel0p12,2,6,0.0,0.8970320383307461,0.8970320383307461,1.0,1.0,1.0,0.0,1.0,0.0,0,4,"[0.9148601186871745, 0.8792039579743176]",false_semantic_bridges
m04_p01_s15,m04_p01,2,PREDICTED_SEMANTIC,prominent_maxima_rel20,prominent_maxima,prominence0p20_radius12,2,6,0.0,0.8970320383307461,0.8970320383307461,1.0,1.0,1.0,0.0,1.0,0.0,0,4,"[0.9148601186871745, 0.8792039579743176]",false_semantic_bridges
m04_p01_s15,m04_p01,2,PREDICTED_SEMANTIC,prominent_maxima_rel30,prominent_maxima,prominence0p30_radius15,2,6,0.0,0.8970320383307461,0.8970320383307461,1.0,1.0,1.0,0.0,1.0,0.0,0,4,"[0.9148601186871745, 0.8792039579743176]",false_semantic_bridges
m04_p01_s15,m04_p01,2,PREDICTED_SEMANTIC,component_aware_maxima,component_aware_maxima,per_component_greedy,2,6,0.0,0.8970320383307461,0.8970320383307461,1.0,1.0,1.0,0.0,1.0,0.0,0,4,"[0.9148601186871745, 0.8792039579743176]",false_semantic_bridges
m04_p01_s16,m04_p01,3,GT_SEMANTIC,baseline_connected_components,connected_components,raw_cc,3,3,1.0,1.0,1.0,1.0,1.0,1.0,0.0,0.0,1.0,0,0,"[1.0, 1.0, 1.0]",seed_failures
m04_p01_s16,m04_p01,3,GT_SEMANTIC,global_distance_maxima_r09,global_distance_maxima,radius9_rel0p08,3,3,1.0,1.0,1.0,1.0,1.0,1.0,0.0,0.0,1.0,0,0,"[1.0, 1.0, 1.0]",other
m04_p01_s16,m04_p01,3,GT_SEMANTIC,global_distance_maxima_r15,global_distance_maxima,radius15_rel0p12,3,3,1.0,1.0,1.0,1.0,1.0,1.0,0.0,0.0,1.0,0,0,"[1.0, 1.0, 1.0]",other
m04_p01_s16,m04_p01,3,GT_SEMANTIC,prominent_maxima_rel20,prominent_maxima,prominence0p20_radius12,3,3,1.0,1.0,1.0,1.0,1.0,1.0,0.0,0.0,1.0,0,0,"[1.0, 1.0, 1.0]",other
m04_p01_s16,m04_p01,3,GT_SEMANTIC,prominent_maxima_rel30,prominent_maxima,prominence0p30_radius15,3,3,1.0,1.0,1.0,1.0,1.0,1.0,0.0,0.0,1.0,0,0,"[1.0, 1.0, 1.0]",other
m04_p01_s16,m04_p01,3,GT_SEMANTIC,component_aware_maxima,component_aware_maxima,per_component_greedy,3,3,1.0,1.0,1.0,1.0,1.0,1.0,0.0,0.0,1.0,0,0,"[1.0, 1.0, 1.0]",other
m04_p01_s16,m04_p01,3,PREDICTED_SEMANTIC,baseline_connected_components,connected_components,raw_cc,3,4,0.0,0.5246311217600682,0.6662599601593625,0.0,0.0,0.0,0.0,1.0,0.0,1,2,"[0.9076334051208423, 0.6662599601593625, 0.0]",seed_failures
m04_p01_s16,m04_p01,3,PREDICTED_SEMANTIC,global_distance_maxima_r09,global_distance_maxima,radius9_rel0p08,3,4,0.0,0.5246311217600682,0.6662599601593625,0.0,0.0,0.0,0.0,1.0,0.0,1,2,"[0.9076334051208423, 0.6662599601593625, 0.0]",seed_failures
m04_p01_s16,m04_p01,3,PREDICTED_SEMANTIC,global_distance_maxima_r15,global_distance_maxima,radius15_rel0p12,3,4,0.0,0.5246311217600682,0.6662599601593625,0.0,0.0,0.0,0.0,1.0,0.0,1,2,"[0.9076334051208423, 0.6662599601593625, 0.0]",seed_failures
m04_p01_s16,m04_p01,3,PREDICTED_SEMANTIC,prominent_maxima_rel20,prominent_maxima,prominence0p20_radius12,3,4,0.0,0.5246311217600682,0.6662599601593625,0.0,0.0,0.0,0.0,1.0,0.0,1,2,"[0.9076334051208423, 0.6662599601593625, 0.0]",seed_failures
m04_p01_s16,m04_p01,3,PREDICTED_SEMANTIC,prominent_maxima_rel30,prominent_maxima,prominence0p30_radius15,3,4,0.0,0.5246311217600682,0.6662599601593625,0.0,0.0,0.0,0.0,1.0,0.0,1,2,"[0.9076334051208423, 0.6662599601593625, 0.0]",seed_failures
m04_p01_s16,m04_p01,3,PREDICTED_SEMANTIC,component_aware_maxima,component_aware_maxima,per_component_greedy,3,4,0.0,0.5246311217600682,0.6662599601593625,0.0,0.0,0.0,0.0,1.0,0.0,1,2,"[0.9076334051208423, 0.6662599601593625, 0.0]",seed_failures
m04_p01_s17,m04_p01,3,GT_SEMANTIC,baseline_connected_components,connected_components,raw_cc,3,5,0.0,0.8351564258383974,1.0,1.0,0.0,0.0,0.0,1.0,0.0,0,2,"[1.0, 1.0, 0.5054692775151924]",seed_failures
m04_p01_s17,m04_p01,3,GT_SEMANTIC,global_distance_maxima_r09,global_distance_maxima,radius9_rel0p08,3,5,0.0,0.8351564258383974,1.0,1.0,0.0,0.0,0.0,1.0,0.0,0,2,"[1.0, 1.0, 0.5054692775151924]",seed_failures
m04_p01_s17,m04_p01,3,GT_SEMANTIC,global_distance_maxima_r15,global_distance_maxima,radius15_rel0p12,3,5,0.0,0.8351564258383974,1.0,1.0,0.0,0.0,0.0,1.0,0.0,0,2,"[1.0, 1.0, 0.5054692775151924]",seed_failures
m04_p01_s17,m04_p01,3,GT_SEMANTIC,prominent_maxima_rel20,prominent_maxima,prominence0p20_radius12,3,5,0.0,0.8351564258383974,1.0,1.0,0.0,0.0,0.0,1.0,0.0,0,2,"[1.0, 1.0, 0.5054692775151924]",seed_failures
m04_p01_s17,m04_p01,3,GT_SEMANTIC,prominent_maxima_rel30,prominent_maxima,prominence0p30_radius15,3,5,0.0,0.8351564258383974,1.0,1.0,0.0,0.0,0.0,1.0,0.0,0,2,"[1.0, 1.0, 0.5054692775151924]",seed_failures
m04_p01_s17,m04_p01,3,GT_SEMANTIC,component_aware_maxima,component_aware_maxima,per_component_greedy,3,5,0.0,0.8351564258383974,1.0,1.0,0.0,0.0,0.0,1.0,0.0,0,2,"[1.0, 1.0, 0.5054692775151924]",seed_failures
m04_p01_s17,m04_p01,3,PREDICTED_SEMANTIC,baseline_connected_components,connected_components,raw_cc,3,7,0.0,0.7109180182113888,0.8493432400159214,0.0,0.0,0.0,0.0,1.0,0.0,0,4,"[0.8493432400159214, 0.8621288515406162, 0.4212819630776287]",false_semantic_bridges
m04_p01_s17,m04_p01,3,PREDICTED_SEMANTIC,global_distance_maxima_r09,global_distance_maxima,radius9_rel0p08,3,7,0.0,0.7109180182113888,0.8493432400159214,0.0,0.0,0.0,0.0,1.0,0.0,0,4,"[0.8493432400159214, 0.8621288515406162, 0.4212819630776287]",false_semantic_bridges
m04_p01_s17,m04_p01,3,PREDICTED_SEMANTIC,global_distance_maxima_r15,global_distance_maxima,radius15_rel0p12,3,7,0.0,0.7109180182113888,0.8493432400159214,0.0,0.0,0.0,0.0,1.0,0.0,0,4,"[0.8493432400159214, 0.8621288515406162, 0.4212819630776287]",false_semantic_bridges
m04_p01_s17,m04_p01,3,PREDICTED_SEMANTIC,prominent_maxima_rel20,prominent_maxima,prominence0p20_radius12,3,7,0.0,0.7109180182113888,0.8493432400159214,0.0,0.0,0.0,0.0,1.0,0.0,0,4,"[0.8493432400159214, 0.8621288515406162, 0.4212819630776287]",false_semantic_bridges
m04_p01_s17,m04_p01,3,PREDICTED_SEMANTIC,prominent_maxima_rel30,prominent_maxima,prominence0p30_radius15,3,7,0.0,0.7109180182113888,0.8493432400159214,0.0,0.0,0.0,0.0,1.0,0.0,0,4,"[0.8493432400159214, 0.8621288515406162, 0.4212819630776287]",false_semantic_bridges
m04_p01_s17,m04_p01,3,PREDICTED_SEMANTIC,component_aware_maxima,component_aware_maxima,per_component_greedy,3,7,0.0,0.7109180182113888,0.8493432400159214,0.0,0.0,0.0,0.0,1.0,0.0,0,4,"[0.8493432400159214, 0.8621288515406162, 0.4212819630776287]",false_semantic_bridges
m04_p01_s18,m04_p01,3,GT_SEMANTIC,baseline_connected_components,connected_components,raw_cc,3,3,1.0,1.0,1.0,1.0,1.0,1.0,0.0,0.0,1.0,0,0,"[1.0, 1.0, 1.0]",seed_failures
m04_p01_s18,m04_p01,3,GT_SEMANTIC,global_distance_maxima_r09,global_distance_maxima,radius9_rel0p08,3,3,1.0,1.0,1.0,1.0,1.0,1.0,0.0,0.0,1.0,0,0,"[1.0, 1.0, 1.0]",other
m04_p01_s18,m04_p01,3,GT_SEMANTIC,global_distance_maxima_r15,global_distance_maxima,radius15_rel0p12,3,3,1.0,1.0,1.0,1.0,1.0,1.0,0.0,0.0,1.0,0,0,"[1.0, 1.0, 1.0]",other
m04_p01_s18,m04_p01,3,GT_SEMANTIC,prominent_maxima_rel20,prominent_maxima,prominence0p20_radius12,3,3,1.0,1.0,1.0,1.0,1.0,1.0,0.0,0.0,1.0,0,0,"[1.0, 1.0, 1.0]",other
m04_p01_s18,m04_p01,3,GT_SEMANTIC,prominent_maxima_rel30,prominent_maxima,prominence0p30_radius15,3,3,1.0,1.0,1.0,1.0,1.0,1.0,0.0,0.0,1.0,0,0,"[1.0, 1.0, 1.0]",other
m04_p01_s18,m04_p01,3,GT_SEMANTIC,component_aware_maxima,component_aware_maxima,per_component_greedy,3,3,1.0,1.0,1.0,1.0,1.0,1.0,0.0,0.0,1.0,0,0,"[1.0, 1.0, 1.0]",other
m04_p01_s18,m04_p01,3,PREDICTED_SEMANTIC,baseline_connected_components,connected_components,raw_cc,3,4,0.0,0.7201755028841407,0.7271478873239436,1.0,0.0,0.0,0.0,1.0,0.0,0,1,"[0.8628457059679767, 0.7271478873239436, 0.5705329153605015]",false_semantic_bridges
m04_p01_s18,m04_p01,3,PREDICTED_SEMANTIC,global_distance_maxima_r09,global_distance_maxima,radius9_rel0p08,3,4,0.0,0.7201755028841407,0.7271478873239436,1.0,0.0,0.0,0.0,1.0,0.0,0,1,"[0.8628457059679767, 0.7271478873239436, 0.5705329153605015]",false_semantic_bridges
m04_p01_s18,m04_p01,3,PREDICTED_SEMANTIC,global_distance_maxima_r15,global_distance_maxima,radius15_rel0p12,3,4,0.0,0.7201755028841407,0.7271478873239436,1.0,0.0,0.0,0.0,1.0,0.0,0,1,"[0.8628457059679767, 0.7271478873239436, 0.5705329153605015]",false_semantic_bridges
m04_p01_s18,m04_p01,3,PREDICTED_SEMANTIC,prominent_maxima_rel20,prominent_maxima,prominence0p20_radius12,3,4,0.0,0.7201755028841407,0.7271478873239436,1.0,0.0,0.0,0.0,1.0,0.0,0,1,"[0.8628457059679767, 0.7271478873239436, 0.5705329153605015]",false_semantic_bridges
m04_p01_s18,m04_p01,3,PREDICTED_SEMANTIC,prominent_maxima_rel30,prominent_maxima,prominence0p30_radius15,3,4,0.0,0.7201755028841407,0.7271478873239436,1.0,0.0,0.0,0.0,1.0,0.0,0,1,"[0.8628457059679767, 0.7271478873239436, 0.5705329153605015]",false_semantic_bridges
m04_p01_s18,m04_p01,3,PREDICTED_SEMANTIC,component_aware_maxima,component_aware_maxima,per_component_greedy,3,4,0.0,0.7201755028841407,0.7271478873239436,1.0,0.0,0.0,0.0,1.0,0.0,0,1,"[0.8628457059679767, 0.7271478873239436, 0.5705329153605015]",false_semantic_bridges
m04_p01_s19,m04_p01,2,GT_SEMANTIC,baseline_connected_components,connected_components,raw_cc,2,3,0.0,0.883128190448929,0.883128190448929,1.0,1.0,0.0,0.0,1.0,0.0,0,1,"[0.766256380897858, 1.0]",seed_failures
m04_p01_s19,m04_p01,2,GT_SEMANTIC,global_distance_maxima_r09,global_distance_maxima,radius9_rel0p08,2,3,0.0,0.883128190448929,0.883128190448929,1.0,1.0,0.0,0.0,1.0,0.0,0,1,"[0.766256380897858, 1.0]",seed_failures
m04_p01_s19,m04_p01,2,GT_SEMANTIC,global_distance_maxima_r15,global_distance_maxima,radius15_rel0p12,2,3,0.0,0.883128190448929,0.883128190448929,1.0,1.0,0.0,0.0,1.0,0.0,0,1,"[0.766256380897858, 1.0]",seed_failures
m04_p01_s19,m04_p01,2,GT_SEMANTIC,prominent_maxima_rel20,prominent_maxima,prominence0p20_radius12,2,3,0.0,0.883128190448929,0.883128190448929,1.0,1.0,0.0,0.0,1.0,0.0,0,1,"[0.766256380897858, 1.0]",seed_failures
m04_p01_s19,m04_p01,2,GT_SEMANTIC,prominent_maxima_rel30,prominent_maxima,prominence0p30_radius15,2,3,0.0,0.883128190448929,0.883128190448929,1.0,1.0,0.0,0.0,1.0,0.0,0,1,"[0.766256380897858, 1.0]",seed_failures
m04_p01_s19,m04_p01,2,GT_SEMANTIC,component_aware_maxima,component_aware_maxima,per_component_greedy,2,3,0.0,0.883128190448929,0.883128190448929,1.0,1.0,0.0,0.0,1.0,0.0,0,1,"[0.766256380897858, 1.0]",seed_failures
m04_p01_s19,m04_p01,2,PREDICTED_SEMANTIC,baseline_connected_components,connected_components,raw_cc,2,5,0.0,0.5850292058868956,0.5850292058868956,1.0,0.0,0.0,0.0,1.0,0.0,0,3,"[0.6051303230543319, 0.5649280887194593]",missing_semantic_tissue
m04_p01_s19,m04_p01,2,PREDICTED_SEMANTIC,global_distance_maxima_r09,global_distance_maxima,radius9_rel0p08,2,5,0.0,0.5850292058868956,0.5850292058868956,1.0,0.0,0.0,0.0,1.0,0.0,0,3,"[0.6051303230543319, 0.5649280887194593]",missing_semantic_tissue
m04_p01_s19,m04_p01,2,PREDICTED_SEMANTIC,global_distance_maxima_r15,global_distance_maxima,radius15_rel0p12,2,5,0.0,0.5850292058868956,0.5850292058868956,1.0,0.0,0.0,0.0,1.0,0.0,0,3,"[0.6051303230543319, 0.5649280887194593]",missing_semantic_tissue
m04_p01_s19,m04_p01,2,PREDICTED_SEMANTIC,prominent_maxima_rel20,prominent_maxima,prominence0p20_radius12,2,5,0.0,0.5850292058868956,0.5850292058868956,1.0,0.0,0.0,0.0,1.0,0.0,0,3,"[0.6051303230543319, 0.5649280887194593]",missing_semantic_tissue
m04_p01_s19,m04_p01,2,PREDICTED_SEMANTIC,prominent_maxima_rel30,prominent_maxima,prominence0p30_radius15,2,5,0.0,0.5850292058868956,0.5850292058868956,1.0,0.0,0.0,0.0,1.0,0.0,0,3,"[0.6051303230543319, 0.5649280887194593]",missing_semantic_tissue
m04_p01_s19,m04_p01,2,PREDICTED_SEMANTIC,component_aware_maxima,component_aware_maxima,per_component_greedy,2,5,0.0,0.5850292058868956,0.5850292058868956,1.0,0.0,0.0,0.0,1.0,0.0,0,3,"[0.6051303230543319, 0.5649280887194593]",missing_semantic_tissue
m04_p01_s20,m04_p01,3,GT_SEMANTIC,baseline_connected_components,connected_components,raw_cc,3,3,1.0,1.0,1.0,1.0,1.0,1.0,0.0,0.0,1.0,0,0,"[1.0, 1.0, 1.0]",seed_failures
m04_p01_s20,m04_p01,3,GT_SEMANTIC,global_distance_maxima_r09,global_distance_maxima,radius9_rel0p08,3,3,1.0,1.0,1.0,1.0,1.0,1.0,0.0,0.0,1.0,0,0,"[1.0, 1.0, 1.0]",other
m04_p01_s20,m04_p01,3,GT_SEMANTIC,global_distance_maxima_r15,global_distance_maxima,radius15_rel0p12,3,3,1.0,1.0,1.0,1.0,1.0,1.0,0.0,0.0,1.0,0,0,"[1.0, 1.0, 1.0]",other
m04_p01_s20,m04_p01,3,GT_SEMANTIC,prominent_maxima_rel20,prominent_maxima,prominence0p20_radius12,3,3,1.0,1.0,1.0,1.0,1.0,1.0,0.0,0.0,1.0,0,0,"[1.0, 1.0, 1.0]",other
m04_p01_s20,m04_p01,3,GT_SEMANTIC,prominent_maxima_rel30,prominent_maxima,prominence0p30_radius15,3,3,1.0,1.0,1.0,1.0,1.0,1.0,0.0,0.0,1.0,0,0,"[1.0, 1.0, 1.0]",other
m04_p01_s20,m04_p01,3,GT_SEMANTIC,component_aware_maxima,component_aware_maxima,per_component_greedy,3,3,1.0,1.0,1.0,1.0,1.0,1.0,0.0,0.0,1.0,0,0,"[1.0, 1.0, 1.0]",other
m04_p01_s20,m04_p01,3,PREDICTED_SEMANTIC,baseline_connected_components,connected_components,raw_cc,3,5,0.0,0.4325406956205316,0.3975086051466973,0.0,0.0,0.0,0.0,1.0,0.0,0,2,"[0.8998822143698468, 0.00023126734505087883, 0.3975086051466973]",false_semantic_bridges
m04_p01_s20,m04_p01,3,PREDICTED_SEMANTIC,global_distance_maxima_r09,global_distance_maxima,radius9_rel0p08,3,5,0.0,0.4325406956205316,0.3975086051466973,0.0,0.0,0.0,0.0,1.0,0.0,0,2,"[0.8998822143698468, 0.00023126734505087883, 0.3975086051466973]",false_semantic_bridges
m04_p01_s20,m04_p01,3,PREDICTED_SEMANTIC,global_distance_maxima_r15,global_distance_maxima,radius15_rel0p12,3,5,0.0,0.4325406956205316,0.3975086051466973,0.0,0.0,0.0,0.0,1.0,0.0,0,2,"[0.8998822143698468, 0.00023126734505087883, 0.3975086051466973]",false_semantic_bridges
m04_p01_s20,m04_p01,3,PREDICTED_SEMANTIC,prominent_maxima_rel20,prominent_maxima,prominence0p20_radius12,3,5,0.0,0.4325406956205316,0.3975086051466973,0.0,0.0,0.0,0.0,1.0,0.0,0,2,"[0.8998822143698468, 0.00023126734505087883, 0.3975086051466973]",false_semantic_bridges
m04_p01_s20,m04_p01,3,PREDICTED_SEMANTIC,prominent_maxima_rel30,prominent_maxima,prominence0p30_radius15,3,5,0.0,0.4325406956205316,0.3975086051466973,0.0,0.0,0.0,0.0,1.0,0.0,0,2,"[0.8998822143698468, 0.00023126734505087883, 0.3975086051466973]",false_semantic_bridges
m04_p01_s20,m04_p01,3,PREDICTED_SEMANTIC,component_aware_maxima,component_aware_maxima,per_component_greedy,3,5,0.0,0.4325406956205316,0.3975086051466973,0.0,0.0,0.0,0.0,1.0,0.0,0,2,"[0.8998822143698468, 0.00023126734505087883, 0.3975086051466973]",false_semantic_bridges
m04_p01_s22,m04_p01,3,GT_SEMANTIC,baseline_connected_components,connected_components,raw_cc,3,3,1.0,1.0,1.0,1.0,1.0,1.0,0.0,0.0,1.0,0,0,"[1.0, 1.0, 1.0]",seed_failures
m04_p01_s22,m04_p01,3,GT_SEMANTIC,global_distance_maxima_r09,global_distance_maxima,radius9_rel0p08,3,3,1.0,1.0,1.0,1.0,1.0,1.0,0.0,0.0,1.0,0,0,"[1.0, 1.0, 1.0]",other
m04_p01_s22,m04_p01,3,GT_SEMANTIC,global_distance_maxima_r15,global_distance_maxima,radius15_rel0p12,3,3,1.0,1.0,1.0,1.0,1.0,1.0,0.0,0.0,1.0,0,0,"[1.0, 1.0, 1.0]",other
m04_p01_s22,m04_p01,3,GT_SEMANTIC,prominent_maxima_rel20,prominent_maxima,prominence0p20_radius12,3,3,1.0,1.0,1.0,1.0,1.0,1.0,0.0,0.0,1.0,0,0,"[1.0, 1.0, 1.0]",other
m04_p01_s22,m04_p01,3,GT_SEMANTIC,prominent_maxima_rel30,prominent_maxima,prominence0p30_radius15,3,3,1.0,1.0,1.0,1.0,1.0,1.0,0.0,0.0,1.0,0,0,"[1.0, 1.0, 1.0]",other
m04_p01_s22,m04_p01,3,GT_SEMANTIC,component_aware_maxima,component_aware_maxima,per_component_greedy,3,3,1.0,1.0,1.0,1.0,1.0,1.0,0.0,0.0,1.0,0,0,"[1.0, 1.0, 1.0]",other
m04_p01_s22,m04_p01,3,PREDICTED_SEMANTIC,baseline_connected_components,connected_components,raw_cc,3,3,1.0,0.3901284592761027,0.5420681156172977,0.0,0.0,0.0,0.0,0.0,0.0,1,1,"[0.6283172622110103, 0.5420681156172977, 0.0]",missing_semantic_tissue
m04_p01_s22,m04_p01,3,PREDICTED_SEMANTIC,global_distance_maxima_r09,global_distance_maxima,radius9_rel0p08,3,3,1.0,0.3901284592761027,0.5420681156172977,0.0,0.0,0.0,0.0,0.0,0.0,1,1,"[0.6283172622110103, 0.5420681156172977, 0.0]",missing_semantic_tissue
m04_p01_s22,m04_p01,3,PREDICTED_SEMANTIC,global_distance_maxima_r15,global_distance_maxima,radius15_rel0p12,3,3,1.0,0.3901284592761027,0.5420681156172977,0.0,0.0,0.0,0.0,0.0,0.0,1,1,"[0.6283172622110103, 0.5420681156172977, 0.0]",missing_semantic_tissue
m04_p01_s22,m04_p01,3,PREDICTED_SEMANTIC,prominent_maxima_rel20,prominent_maxima,prominence0p20_radius12,3,3,1.0,0.3901284592761027,0.5420681156172977,0.0,0.0,0.0,0.0,0.0,0.0,1,1,"[0.6283172622110103, 0.5420681156172977, 0.0]",missing_semantic_tissue
m04_p01_s22,m04_p01,3,PREDICTED_SEMANTIC,prominent_maxima_rel30,prominent_maxima,prominence0p30_radius15,3,3,1.0,0.3901284592761027,0.5420681156172977,0.0,0.0,0.0,0.0,0.0,0.0,1,1,"[0.6283172622110103, 0.5420681156172977, 0.0]",missing_semantic_tissue
m04_p01_s22,m04_p01,3,PREDICTED_SEMANTIC,component_aware_maxima,component_aware_maxima,per_component_greedy,3,3,1.0,0.3901284592761027,0.5420681156172977,0.0,0.0,0.0,0.0,0.0,0.0,1,1,"[0.6283172622110103, 0.5420681156172977, 0.0]",missing_semantic_tissue
m04_p01_s23,m04_p01,3,GT_SEMANTIC,baseline_connected_components,connected_components,raw_cc,3,3,1.0,1.0,1.0,1.0,1.0,1.0,0.0,0.0,1.0,0,0,"[1.0, 1.0, 1.0]",seed_failures
m04_p01_s23,m04_p01,3,GT_SEMANTIC,global_distance_maxima_r09,global_distance_maxima,radius9_rel0p08,3,3,1.0,1.0,1.0,1.0,1.0,1.0,0.0,0.0,1.0,0,0,"[1.0, 1.0, 1.0]",other
m04_p01_s23,m04_p01,3,GT_SEMANTIC,global_distance_maxima_r15,global_distance_maxima,radius15_rel0p12,3,3,1.0,1.0,1.0,1.0,1.0,1.0,0.0,0.0,1.0,0,0,"[1.0, 1.0, 1.0]",other
m04_p01_s23,m04_p01,3,GT_SEMANTIC,prominent_maxima_rel20,prominent_maxima,prominence0p20_radius12,3,3,1.0,1.0,1.0,1.0,1.0,1.0,0.0,0.0,1.0,0,0,"[1.0, 1.0, 1.0]",other
m04_p01_s23,m04_p01,3,GT_SEMANTIC,prominent_maxima_rel30,prominent_maxima,prominence0p30_radius15,3,3,1.0,1.0,1.0,1.0,1.0,1.0,0.0,0.0,1.0,0,0,"[1.0, 1.0, 1.0]",other
m04_p01_s23,m04_p01,3,GT_SEMANTIC,component_aware_maxima,component_aware_maxima,per_component_greedy,3,3,1.0,1.0,1.0,1.0,1.0,1.0,0.0,0.0,1.0,0,0,"[1.0, 1.0, 1.0]",other
m04_p01_s23,m04_p01,3,PREDICTED_SEMANTIC,baseline_connected_components,connected_components,raw_cc,3,4,0.0,0.532013613455328,0.710114754504672,0.0,0.0,0.0,0.0,1.0,0.0,1,2,"[0.885926085861312, 0.710114754504672, 0.0]",false_semantic_bridges
m04_p01_s23,m04_p01,3,PREDICTED_SEMANTIC,global_distance_maxima_r09,global_distance_maxima,radius9_rel0p08,3,4,0.0,0.532013613455328,0.710114754504672,0.0,0.0,0.0,0.0,1.0,0.0,1,2,"[0.885926085861312, 0.710114754504672, 0.0]",false_semantic_bridges
m04_p01_s23,m04_p01,3,PREDICTED_SEMANTIC,global_distance_maxima_r15,global_distance_maxima,radius15_rel0p12,3,4,0.0,0.532013613455328,0.710114754504672,0.0,0.0,0.0,0.0,1.0,0.0,1,2,"[0.885926085861312, 0.710114754504672, 0.0]",false_semantic_bridges
m04_p01_s23,m04_p01,3,PREDICTED_SEMANTIC,prominent_maxima_rel20,prominent_maxima,prominence0p20_radius12,3,4,0.0,0.532013613455328,0.710114754504672,0.0,0.0,0.0,0.0,1.0,0.0,1,2,"[0.885926085861312, 0.710114754504672, 0.0]",false_semantic_bridges
m04_p01_s23,m04_p01,3,PREDICTED_SEMANTIC,prominent_maxima_rel30,prominent_maxima,prominence0p30_radius15,3,4,0.0,0.532013613455328,0.710114754504672,0.0,0.0,0.0,0.0,1.0,0.0,1,2,"[0.885926085861312, 0.710114754504672, 0.0]",false_semantic_bridges
m04_p01_s23,m04_p01,3,PREDICTED_SEMANTIC,component_aware_maxima,component_aware_maxima,per_component_greedy,3,4,0.0,0.532013613455328,0.710114754504672,0.0,0.0,0.0,0.0,1.0,0.0,1,2,"[0.885926085861312, 0.710114754504672, 0.0]",false_semantic_bridges
m04_p01_s24,m04_p01,2,GT_SEMANTIC,baseline_connected_components,connected_components,raw_cc,2,4,0.0,0.8206286836935167,0.8206286836935167,1.0,0.0,0.0,0.0,1.0,0.0,0,2,"[1.0, 0.6412573673870334]",seed_failures
m04_p01_s24,m04_p01,2,GT_SEMANTIC,global_distance_maxima_r09,global_distance_maxima,radius9_rel0p08,2,4,0.0,0.8206286836935167,0.8206286836935167,1.0,0.0,0.0,0.0,1.0,0.0,0,2,"[1.0, 0.6412573673870334]",seed_failures
m04_p01_s24,m04_p01,2,GT_SEMANTIC,global_distance_maxima_r15,global_distance_maxima,radius15_rel0p12,2,4,0.0,0.8206286836935167,0.8206286836935167,1.0,0.0,0.0,0.0,1.0,0.0,0,2,"[1.0, 0.6412573673870334]",seed_failures
m04_p01_s24,m04_p01,2,GT_SEMANTIC,prominent_maxima_rel20,prominent_maxima,prominence0p20_radius12,2,4,0.0,0.8206286836935167,0.8206286836935167,1.0,0.0,0.0,0.0,1.0,0.0,0,2,"[1.0, 0.6412573673870334]",seed_failures
m04_p01_s24,m04_p01,2,GT_SEMANTIC,prominent_maxima_rel30,prominent_maxima,prominence0p30_radius15,2,4,0.0,0.8206286836935167,0.8206286836935167,1.0,0.0,0.0,0.0,1.0,0.0,0,2,"[1.0, 0.6412573673870334]",seed_failures
m04_p01_s24,m04_p01,2,GT_SEMANTIC,component_aware_maxima,component_aware_maxima,per_component_greedy,2,4,0.0,0.8206286836935167,0.8206286836935167,1.0,0.0,0.0,0.0,1.0,0.0,0,2,"[1.0, 0.6412573673870334]",seed_failures
m04_p01_s24,m04_p01,2,PREDICTED_SEMANTIC,baseline_connected_components,connected_components,raw_cc,2,2,1.0,0.6114916336561519,0.6114916336561519,0.0,0.0,0.0,0.0,0.0,0.0,0,0,"[0.8152338557606108, 0.4077494115516929]",missing_semantic_tissue
m04_p01_s24,m04_p01,2,PREDICTED_SEMANTIC,global_distance_maxima_r09,global_distance_maxima,radius9_rel0p08,2,2,1.0,0.6114916336561519,0.6114916336561519,0.0,0.0,0.0,0.0,0.0,0.0,0,0,"[0.8152338557606108, 0.4077494115516929]",missing_semantic_tissue
m04_p01_s24,m04_p01,2,PREDICTED_SEMANTIC,global_distance_maxima_r15,global_distance_maxima,radius15_rel0p12,2,2,1.0,0.6114916336561519,0.6114916336561519,0.0,0.0,0.0,0.0,0.0,0.0,0,0,"[0.8152338557606108, 0.4077494115516929]",missing_semantic_tissue
m04_p01_s24,m04_p01,2,PREDICTED_SEMANTIC,prominent_maxima_rel20,prominent_maxima,prominence0p20_radius12,2,2,1.0,0.6114916336561519,0.6114916336561519,0.0,0.0,0.0,0.0,0.0,0.0,0,0,"[0.8152338557606108, 0.4077494115516929]",missing_semantic_tissue
m04_p01_s24,m04_p01,2,PREDICTED_SEMANTIC,prominent_maxima_rel30,prominent_maxima,prominence0p30_radius15,2,2,1.0,0.6114916336561519,0.6114916336561519,0.0,0.0,0.0,0.0,0.0,0.0,0,0,"[0.8152338557606108, 0.4077494115516929]",missing_semantic_tissue
m04_p01_s24,m04_p01,2,PREDICTED_SEMANTIC,component_aware_maxima,component_aware_maxima,per_component_greedy,2,2,1.0,0.6114916336561519,0.6114916336561519,0.0,0.0,0.0,0.0,0.0,0.0,0,0,"[0.8152338557606108, 0.4077494115516929]",missing_semantic_tissue
m04_p01_s25,m04_p01,3,GT_SEMANTIC,baseline_connected_components,connected_components,raw_cc,3,4,0.0,0.9181054416525359,1.0,1.0,1.0,0.0,0.0,1.0,0.0,0,1,"[0.7543163249576075, 1.0, 1.0]",seed_failures
m04_p01_s25,m04_p01,3,GT_SEMANTIC,global_distance_maxima_r09,global_distance_maxima,radius9_rel0p08,3,4,0.0,0.9181054416525359,1.0,1.0,1.0,0.0,0.0,1.0,0.0,0,1,"[0.7543163249576075, 1.0, 1.0]",seed_failures
m04_p01_s25,m04_p01,3,GT_SEMANTIC,global_distance_maxima_r15,global_distance_maxima,radius15_rel0p12,3,4,0.0,0.9181054416525359,1.0,1.0,1.0,0.0,0.0,1.0,0.0,0,1,"[0.7543163249576075, 1.0, 1.0]",seed_failures
m04_p01_s25,m04_p01,3,GT_SEMANTIC,prominent_maxima_rel20,prominent_maxima,prominence0p20_radius12,3,4,0.0,0.9181054416525359,1.0,1.0,1.0,0.0,0.0,1.0,0.0,0,1,"[0.7543163249576075, 1.0, 1.0]",seed_failures
m04_p01_s25,m04_p01,3,GT_SEMANTIC,prominent_maxima_rel30,prominent_maxima,prominence0p30_radius15,3,4,0.0,0.9181054416525359,1.0,1.0,1.0,0.0,0.0,1.0,0.0,0,1,"[0.7543163249576075, 1.0, 1.0]",seed_failures
m04_p01_s25,m04_p01,3,GT_SEMANTIC,component_aware_maxima,component_aware_maxima,per_component_greedy,3,4,0.0,0.9181054416525359,1.0,1.0,1.0,0.0,0.0,1.0,0.0,0,1,"[0.7543163249576075, 1.0, 1.0]",seed_failures
m04_p01_s25,m04_p01,3,PREDICTED_SEMANTIC,baseline_connected_components,connected_components,raw_cc,3,7,0.0,0.5995604615600262,0.6511380071553627,0.0,0.0,0.0,0.0,1.0,0.0,0,4,"[0.6656554875194277, 0.6511380071553627, 0.4818878900052882]",missing_semantic_tissue
m04_p01_s25,m04_p01,3,PREDICTED_SEMANTIC,global_distance_maxima_r09,global_distance_maxima,radius9_rel0p08,3,7,0.0,0.5995604615600262,0.6511380071553627,0.0,0.0,0.0,0.0,1.0,0.0,0,4,"[0.6656554875194277, 0.6511380071553627, 0.4818878900052882]",missing_semantic_tissue
m04_p01_s25,m04_p01,3,PREDICTED_SEMANTIC,global_distance_maxima_r15,global_distance_maxima,radius15_rel0p12,3,7,0.0,0.5995604615600262,0.6511380071553627,0.0,0.0,0.0,0.0,1.0,0.0,0,4,"[0.6656554875194277, 0.6511380071553627, 0.4818878900052882]",missing_semantic_tissue
m04_p01_s25,m04_p01,3,PREDICTED_SEMANTIC,prominent_maxima_rel20,prominent_maxima,prominence0p20_radius12,3,7,0.0,0.5995604615600262,0.6511380071553627,0.0,0.0,0.0,0.0,1.0,0.0,0,4,"[0.6656554875194277, 0.6511380071553627, 0.4818878900052882]",missing_semantic_tissue
m04_p01_s25,m04_p01,3,PREDICTED_SEMANTIC,prominent_maxima_rel30,prominent_maxima,prominence0p30_radius15,3,7,0.0,0.5995604615600262,0.6511380071553627,0.0,0.0,0.0,0.0,1.0,0.0,0,4,"[0.6656554875194277, 0.6511380071553627, 0.4818878900052882]",missing_semantic_tissue
m04_p01_s25,m04_p01,3,PREDICTED_SEMANTIC,component_aware_maxima,component_aware_maxima,per_component_greedy,3,7,0.0,0.5995604615600262,0.6511380071553627,0.0,0.0,0.0,0.0,1.0,0.0,0,4,"[0.6656554875194277, 0.6511380071553627, 0.4818878900052882]",missing_semantic_tissue
m04_p01_s26,m04_p01,3,GT_SEMANTIC,baseline_connected_components,connected_components,raw_cc,3,5,0.0,0.8368270839484303,1.0,1.0,0.0,0.0,0.0,1.0,0.0,0,2,"[1.0, 1.0, 0.5104812518452908]",seed_failures
m04_p01_s26,m04_p01,3,GT_SEMANTIC,global_distance_maxima_r09,global_distance_maxima,radius9_rel0p08,3,5,0.0,0.8368270839484303,1.0,1.0,0.0,0.0,0.0,1.0,0.0,0,2,"[1.0, 1.0, 0.5104812518452908]",seed_failures
m04_p01_s26,m04_p01,3,GT_SEMANTIC,global_distance_maxima_r15,global_distance_maxima,radius15_rel0p12,3,5,0.0,0.8368270839484303,1.0,1.0,0.0,0.0,0.0,1.0,0.0,0,2,"[1.0, 1.0, 0.5104812518452908]",seed_failures
m04_p01_s26,m04_p01,3,GT_SEMANTIC,prominent_maxima_rel20,prominent_maxima,prominence0p20_radius12,3,5,0.0,0.8368270839484303,1.0,1.0,0.0,0.0,0.0,1.0,0.0,0,2,"[1.0, 1.0, 0.5104812518452908]",seed_failures
m04_p01_s26,m04_p01,3,GT_SEMANTIC,prominent_maxima_rel30,prominent_maxima,prominence0p30_radius15,3,5,0.0,0.8368270839484303,1.0,1.0,0.0,0.0,0.0,1.0,0.0,0,2,"[1.0, 1.0, 0.5104812518452908]",seed_failures
m04_p01_s26,m04_p01,3,GT_SEMANTIC,component_aware_maxima,component_aware_maxima,per_component_greedy,3,5,0.0,0.8368270839484303,1.0,1.0,0.0,0.0,0.0,1.0,0.0,0,2,"[1.0, 1.0, 0.5104812518452908]",seed_failures
m04_p01_s26,m04_p01,3,PREDICTED_SEMANTIC,baseline_connected_components,connected_components,raw_cc,3,5,0.0,0.7342072933798285,0.8750398215992354,0.0,0.0,0.0,0.0,1.0,0.0,0,2,"[0.8750398215992354, 0.8778444170047628, 0.44973764153548745]",false_semantic_bridges
m04_p01_s26,m04_p01,3,PREDICTED_SEMANTIC,global_distance_maxima_r09,global_distance_maxima,radius9_rel0p08,3,5,0.0,0.7342072933798285,0.8750398215992354,0.0,0.0,0.0,0.0,1.0,0.0,0,2,"[0.8750398215992354, 0.8778444170047628, 0.44973764153548745]",false_semantic_bridges
m04_p01_s26,m04_p01,3,PREDICTED_SEMANTIC,global_distance_maxima_r15,global_distance_maxima,radius15_rel0p12,3,5,0.0,0.7342072933798285,0.8750398215992354,0.0,0.0,0.0,0.0,1.0,0.0,0,2,"[0.8750398215992354, 0.8778444170047628, 0.44973764153548745]",false_semantic_bridges
m04_p01_s26,m04_p01,3,PREDICTED_SEMANTIC,prominent_maxima_rel20,prominent_maxima,prominence0p20_radius12,3,5,0.0,0.7342072933798285,0.8750398215992354,0.0,0.0,0.0,0.0,1.0,0.0,0,2,"[0.8750398215992354, 0.8778444170047628, 0.44973764153548745]",false_semantic_bridges
m04_p01_s26,m04_p01,3,PREDICTED_SEMANTIC,prominent_maxima_rel30,prominent_maxima,prominence0p30_radius15,3,5,0.0,0.7342072933798285,0.8750398215992354,0.0,0.0,0.0,0.0,1.0,0.0,0,2,"[0.8750398215992354, 0.8778444170047628, 0.44973764153548745]",false_semantic_bridges
m04_p01_s26,m04_p01,3,PREDICTED_SEMANTIC,component_aware_maxima,component_aware_maxima,per_component_greedy,3,5,0.0,0.7342072933798285,0.8750398215992354,0.0,0.0,0.0,0.0,1.0,0.0,0,2,"[0.8750398215992354, 0.8778444170047628, 0.44973764153548745]",false_semantic_bridges
m04_p01_s27,m04_p01,3,GT_SEMANTIC,baseline_connected_components,connected_components,raw_cc,3,3,1.0,1.0,1.0,1.0,1.0,1.0,0.0,0.0,1.0,0,0,"[1.0, 1.0, 1.0]",seed_failures
m04_p01_s27,m04_p01,3,GT_SEMANTIC,global_distance_maxima_r09,global_distance_maxima,radius9_rel0p08,3,3,1.0,1.0,1.0,1.0,1.0,1.0,0.0,0.0,1.0,0,0,"[1.0, 1.0, 1.0]",other
m04_p01_s27,m04_p01,3,GT_SEMANTIC,global_distance_maxima_r15,global_distance_maxima,radius15_rel0p12,3,3,1.0,1.0,1.0,1.0,1.0,1.0,0.0,0.0,1.0,0,0,"[1.0, 1.0, 1.0]",other
m04_p01_s27,m04_p01,3,GT_SEMANTIC,prominent_maxima_rel20,prominent_maxima,prominence0p20_radius12,3,3,1.0,1.0,1.0,1.0,1.0,1.0,0.0,0.0,1.0,0,0,"[1.0, 1.0, 1.0]",other
m04_p01_s27,m04_p01,3,GT_SEMANTIC,prominent_maxima_rel30,prominent_maxima,prominence0p30_radius15,3,3,1.0,1.0,1.0,1.0,1.0,1.0,0.0,0.0,1.0,0,0,"[1.0, 1.0, 1.0]",other
m04_p01_s27,m04_p01,3,GT_SEMANTIC,component_aware_maxima,component_aware_maxima,per_component_greedy,3,3,1.0,1.0,1.0,1.0,1.0,1.0,0.0,0.0,1.0,0,0,"[1.0, 1.0, 1.0]",other
m04_p01_s27,m04_p01,3,PREDICTED_SEMANTIC,baseline_connected_components,connected_components,raw_cc,3,5,0.0,0.4207780848706839,0.3493854880642874,0.0,0.0,0.0,0.0,1.0,0.0,0,2,"[0.9109743029437102, 0.3493854880642874, 0.001974463604054232]",false_semantic_bridges
m04_p01_s27,m04_p01,3,PREDICTED_SEMANTIC,global_distance_maxima_r09,global_distance_maxima,radius9_rel0p08,3,5,0.0,0.4207780848706839,0.3493854880642874,0.0,0.0,0.0,0.0,1.0,0.0,0,2,"[0.9109743029437102, 0.3493854880642874, 0.001974463604054232]",false_semantic_bridges
m04_p01_s27,m04_p01,3,PREDICTED_SEMANTIC,global_distance_maxima_r15,global_distance_maxima,radius15_rel0p12,3,5,0.0,0.4207780848706839,0.3493854880642874,0.0,0.0,0.0,0.0,1.0,0.0,0,2,"[0.9109743029437102, 0.3493854880642874, 0.001974463604054232]",false_semantic_bridges
m04_p01_s27,m04_p01,3,PREDICTED_SEMANTIC,prominent_maxima_rel20,prominent_maxima,prominence0p20_radius12,3,5,0.0,0.4207780848706839,0.3493854880642874,0.0,0.0,0.0,0.0,1.0,0.0,0,2,"[0.9109743029437102, 0.3493854880642874, 0.001974463604054232]",false_semantic_bridges
m04_p01_s27,m04_p01,3,PREDICTED_SEMANTIC,prominent_maxima_rel30,prominent_maxima,prominence0p30_radius15,3,5,0.0,0.4207780848706839,0.3493854880642874,0.0,0.0,0.0,0.0,1.0,0.0,0,2,"[0.9109743029437102, 0.3493854880642874, 0.001974463604054232]",false_semantic_bridges
m04_p01_s27,m04_p01,3,PREDICTED_SEMANTIC,component_aware_maxima,component_aware_maxima,per_component_greedy,3,5,0.0,0.4207780848706839,0.3493854880642874,0.0,0.0,0.0,0.0,1.0,0.0,0,2,"[0.9109743029437102, 0.3493854880642874, 0.001974463604054232]",false_semantic_bridges
m04_p01_s28,m04_p01,2,GT_SEMANTIC,baseline_connected_components,connected_components,raw_cc,2,3,0.0,0.9037778169812747,0.9037778169812747,1.0,1.0,1.0,0.0,1.0,0.0,0,1,"[0.8075556339625495, 1.0]",seed_failures
m04_p01_s28,m04_p01,2,GT_SEMANTIC,global_distance_maxima_r09,global_distance_maxima,radius9_rel0p08,2,3,0.0,0.9037778169812747,0.9037778169812747,1.0,1.0,1.0,0.0,1.0,0.0,0,1,"[0.8075556339625495, 1.0]",seed_failures
m04_p01_s28,m04_p01,2,GT_SEMANTIC,global_distance_maxima_r15,global_distance_maxima,radius15_rel0p12,2,3,0.0,0.9037778169812747,0.9037778169812747,1.0,1.0,1.0,0.0,1.0,0.0,0,1,"[0.8075556339625495, 1.0]",seed_failures
m04_p01_s28,m04_p01,2,GT_SEMANTIC,prominent_maxima_rel20,prominent_maxima,prominence0p20_radius12,2,3,0.0,0.9037778169812747,0.9037778169812747,1.0,1.0,1.0,0.0,1.0,0.0,0,1,"[0.8075556339625495, 1.0]",seed_failures
m04_p01_s28,m04_p01,2,GT_SEMANTIC,prominent_maxima_rel30,prominent_maxima,prominence0p30_radius15,2,3,0.0,0.9037778169812747,0.9037778169812747,1.0,1.0,1.0,0.0,1.0,0.0,0,1,"[0.8075556339625495, 1.0]",seed_failures
m04_p01_s28,m04_p01,2,GT_SEMANTIC,component_aware_maxima,component_aware_maxima,per_component_greedy,2,3,0.0,0.9037778169812747,0.9037778169812747,1.0,1.0,1.0,0.0,1.0,0.0,0,1,"[0.8075556339625495, 1.0]",seed_failures
m04_p01_s28,m04_p01,2,PREDICTED_SEMANTIC,baseline_connected_components,connected_components,raw_cc,2,7,0.0,0.6859630820721957,0.6859630820721957,1.0,0.0,0.0,0.0,1.0,0.0,0,5,"[0.6851136225543808, 0.6868125415900106]",missing_semantic_tissue
m04_p01_s28,m04_p01,2,PREDICTED_SEMANTIC,global_distance_maxima_r09,global_distance_maxima,radius9_rel0p08,2,7,0.0,0.6859630820721957,0.6859630820721957,1.0,0.0,0.0,0.0,1.0,0.0,0,5,"[0.6851136225543808, 0.6868125415900106]",missing_semantic_tissue
m04_p01_s28,m04_p01,2,PREDICTED_SEMANTIC,global_distance_maxima_r15,global_distance_maxima,radius15_rel0p12,2,7,0.0,0.6859630820721957,0.6859630820721957,1.0,0.0,0.0,0.0,1.0,0.0,0,5,"[0.6851136225543808, 0.6868125415900106]",missing_semantic_tissue
m04_p01_s28,m04_p01,2,PREDICTED_SEMANTIC,prominent_maxima_rel20,prominent_maxima,prominence0p20_radius12,2,7,0.0,0.6859630820721957,0.6859630820721957,1.0,0.0,0.0,0.0,1.0,0.0,0,5,"[0.6851136225543808, 0.6868125415900106]",missing_semantic_tissue
m04_p01_s28,m04_p01,2,PREDICTED_SEMANTIC,prominent_maxima_rel30,prominent_maxima,prominence0p30_radius15,2,7,0.0,0.6859630820721957,0.6859630820721957,1.0,0.0,0.0,0.0,1.0,0.0,0,5,"[0.6851136225543808, 0.6868125415900106]",missing_semantic_tissue
m04_p01_s28,m04_p01,2,PREDICTED_SEMANTIC,component_aware_maxima,component_aware_maxima,per_component_greedy,2,7,0.0,0.6859630820721957,0.6859630820721957,1.0,0.0,0.0,0.0,1.0,0.0,0,5,"[0.6851136225543808, 0.6868125415900106]",missing_semantic_tissue
m04_p01_s29,m04_p01,2,GT_SEMANTIC,baseline_connected_components,connected_components,raw_cc,2,2,1.0,1.0,1.0,1.0,1.0,1.0,0.0,0.0,1.0,0,0,"[1.0, 1.0]",seed_failures
m04_p01_s29,m04_p01,2,GT_SEMANTIC,global_distance_maxima_r09,global_distance_maxima,radius9_rel0p08,2,2,1.0,1.0,1.0,1.0,1.0,1.0,0.0,0.0,1.0,0,0,"[1.0, 1.0]",other
m04_p01_s29,m04_p01,2,GT_SEMANTIC,global_distance_maxima_r15,global_distance_maxima,radius15_rel0p12,2,2,1.0,1.0,1.0,1.0,1.0,1.0,0.0,0.0,1.0,0,0,"[1.0, 1.0]",other
m04_p01_s29,m04_p01,2,GT_SEMANTIC,prominent_maxima_rel20,prominent_maxima,prominence0p20_radius12,2,2,1.0,1.0,1.0,1.0,1.0,1.0,0.0,0.0,1.0,0,0,"[1.0, 1.0]",other
m04_p01_s29,m04_p01,2,GT_SEMANTIC,prominent_maxima_rel30,prominent_maxima,prominence0p30_radius15,2,2,1.0,1.0,1.0,1.0,1.0,1.0,0.0,0.0,1.0,0,0,"[1.0, 1.0]",other
m04_p01_s29,m04_p01,2,GT_SEMANTIC,component_aware_maxima,component_aware_maxima,per_component_greedy,2,2,1.0,1.0,1.0,1.0,1.0,1.0,0.0,0.0,1.0,0,0,"[1.0, 1.0]",other
m04_p01_s29,m04_p01,2,PREDICTED_SEMANTIC,baseline_connected_components,connected_components,raw_cc,2,2,1.0,0.25638725113218835,0.25638725113218835,0.0,0.0,0.0,0.0,0.0,0.0,1,1,"[0.0, 0.5127745022643767]",missing_semantic_tissue
m04_p01_s29,m04_p01,2,PREDICTED_SEMANTIC,global_distance_maxima_r09,global_distance_maxima,radius9_rel0p08,2,2,1.0,0.25638725113218835,0.25638725113218835,0.0,0.0,0.0,0.0,0.0,0.0,1,1,"[0.0, 0.5127745022643767]",missing_semantic_tissue
m04_p01_s29,m04_p01,2,PREDICTED_SEMANTIC,global_distance_maxima_r15,global_distance_maxima,radius15_rel0p12,2,2,1.0,0.25638725113218835,0.25638725113218835,0.0,0.0,0.0,0.0,0.0,0.0,1,1,"[0.0, 0.5127745022643767]",missing_semantic_tissue
m04_p01_s29,m04_p01,2,PREDICTED_SEMANTIC,prominent_maxima_rel20,prominent_maxima,prominence0p20_radius12,2,2,1.0,0.25638725113218835,0.25638725113218835,0.0,0.0,0.0,0.0,0.0,0.0,1,1,"[0.0, 0.5127745022643767]",missing_semantic_tissue
m04_p01_s29,m04_p01,2,PREDICTED_SEMANTIC,prominent_maxima_rel30,prominent_maxima,prominence0p30_radius15,2,2,1.0,0.25638725113218835,0.25638725113218835,0.0,0.0,0.0,0.0,0.0,0.0,1,1,"[0.0, 0.5127745022643767]",missing_semantic_tissue
m04_p01_s29,m04_p01,2,PREDICTED_SEMANTIC,component_aware_maxima,component_aware_maxima,per_component_greedy,2,2,1.0,0.25638725113218835,0.25638725113218835,0.0,0.0,0.0,0.0,0.0,0.0,1,1,"[0.0, 0.5127745022643767]",missing_semantic_tissue
m04_p01_s30,m04_p01,2,GT_SEMANTIC,baseline_connected_components,connected_components,raw_cc,2,2,1.0,1.0,1.0,1.0,1.0,1.0,0.0,0.0,1.0,0,0,"[1.0, 1.0]",seed_failures
m04_p01_s30,m04_p01,2,GT_SEMANTIC,global_distance_maxima_r09,global_distance_maxima,radius9_rel0p08,2,2,1.0,1.0,1.0,1.0,1.0,1.0,0.0,0.0,1.0,0,0,"[1.0, 1.0]",other
m04_p01_s30,m04_p01,2,GT_SEMANTIC,global_distance_maxima_r15,global_distance_maxima,radius15_rel0p12,2,2,1.0,1.0,1.0,1.0,1.0,1.0,0.0,0.0,1.0,0,0,"[1.0, 1.0]",other
m04_p01_s30,m04_p01,2,GT_SEMANTIC,prominent_maxima_rel20,prominent_maxima,prominence0p20_radius12,2,2,1.0,1.0,1.0,1.0,1.0,1.0,0.0,0.0,1.0,0,0,"[1.0, 1.0]",other
m04_p01_s30,m04_p01,2,GT_SEMANTIC,prominent_maxima_rel30,prominent_maxima,prominence0p30_radius15,2,2,1.0,1.0,1.0,1.0,1.0,1.0,0.0,0.0,1.0,0,0,"[1.0, 1.0]",other
m04_p01_s30,m04_p01,2,GT_SEMANTIC,component_aware_maxima,component_aware_maxima,per_component_greedy,2,2,1.0,1.0,1.0,1.0,1.0,1.0,0.0,0.0,1.0,0,0,"[1.0, 1.0]",other
m04_p01_s30,m04_p01,2,PREDICTED_SEMANTIC,baseline_connected_components,connected_components,raw_cc,2,7,0.0,0.8695896037998835,0.8695896037998835,1.0,1.0,1.0,0.0,1.0,0.0,0,5,"[0.9251749506549435, 0.8140042569448235]",false_semantic_bridges
m04_p01_s30,m04_p01,2,PREDICTED_SEMANTIC,global_distance_maxima_r09,global_distance_maxima,radius9_rel0p08,2,7,0.0,0.8695896037998835,0.8695896037998835,1.0,1.0,1.0,0.0,1.0,0.0,0,5,"[0.9251749506549435, 0.8140042569448235]",false_semantic_bridges
m04_p01_s30,m04_p01,2,PREDICTED_SEMANTIC,global_distance_maxima_r15,global_distance_maxima,radius15_rel0p12,2,7,0.0,0.8695896037998835,0.8695896037998835,1.0,1.0,1.0,0.0,1.0,0.0,0,5,"[0.9251749506549435, 0.8140042569448235]",false_semantic_bridges
m04_p01_s30,m04_p01,2,PREDICTED_SEMANTIC,prominent_maxima_rel20,prominent_maxima,prominence0p20_radius12,2,7,0.0,0.8695896037998835,0.8695896037998835,1.0,1.0,1.0,0.0,1.0,0.0,0,5,"[0.9251749506549435, 0.8140042569448235]",false_semantic_bridges
m04_p01_s30,m04_p01,2,PREDICTED_SEMANTIC,prominent_maxima_rel30,prominent_maxima,prominence0p30_radius15,2,7,0.0,0.8695896037998835,0.8695896037998835,1.0,1.0,1.0,0.0,1.0,0.0,0,5,"[0.9251749506549435, 0.8140042569448235]",false_semantic_bridges
m04_p01_s30,m04_p01,2,PREDICTED_SEMANTIC,component_aware_maxima,component_aware_maxima,per_component_greedy,2,7,0.0,0.8695896037998835,0.8695896037998835,1.0,1.0,1.0,0.0,1.0,0.0,0,5,"[0.9251749506549435, 0.8140042569448235]",false_semantic_bridges
m04_p01_s32,m04_p01,3,GT_SEMANTIC,baseline_connected_components,connected_components,raw_cc,3,3,1.0,1.0,1.0,1.0,1.0,1.0,0.0,0.0,1.0,0,0,"[1.0, 1.0, 1.0]",seed_failures
m04_p01_s32,m04_p01,3,GT_SEMANTIC,global_distance_maxima_r09,global_distance_maxima,radius9_rel0p08,3,3,1.0,1.0,1.0,1.0,1.0,1.0,0.0,0.0,1.0,0,0,"[1.0, 1.0, 1.0]",other
m04_p01_s32,m04_p01,3,GT_SEMANTIC,global_distance_maxima_r15,global_distance_maxima,radius15_rel0p12,3,3,1.0,1.0,1.0,1.0,1.0,1.0,0.0,0.0,1.0,0,0,"[1.0, 1.0, 1.0]",other
m04_p01_s32,m04_p01,3,GT_SEMANTIC,prominent_maxima_rel20,prominent_maxima,prominence0p20_radius12,3,3,1.0,1.0,1.0,1.0,1.0,1.0,0.0,0.0,1.0,0,0,"[1.0, 1.0, 1.0]",other
m04_p01_s32,m04_p01,3,GT_SEMANTIC,prominent_maxima_rel30,prominent_maxima,prominence0p30_radius15,3,3,1.0,1.0,1.0,1.0,1.0,1.0,0.0,0.0,1.0,0,0,"[1.0, 1.0, 1.0]",other
m04_p01_s32,m04_p01,3,GT_SEMANTIC,component_aware_maxima,component_aware_maxima,per_component_greedy,3,3,1.0,1.0,1.0,1.0,1.0,1.0,0.0,0.0,1.0,0,0,"[1.0, 1.0, 1.0]",other
m04_p01_s32,m04_p01,3,PREDICTED_SEMANTIC,baseline_connected_components,connected_components,raw_cc,3,6,0.0,0.8117279500889382,0.8682708912080487,1.0,0.0,0.0,0.0,1.0,0.0,0,3,"[0.8682708912080487, 0.8766705534128622, 0.6902424056459037]",false_semantic_bridges
m04_p01_s32,m04_p01,3,PREDICTED_SEMANTIC,global_distance_maxima_r09,global_distance_maxima,radius9_rel0p08,3,6,0.0,0.8117279500889382,0.8682708912080487,1.0,0.0,0.0,0.0,1.0,0.0,0,3,"[0.8682708912080487, 0.8766705534128622, 0.6902424056459037]",false_semantic_bridges
m04_p01_s32,m04_p01,3,PREDICTED_SEMANTIC,global_distance_maxima_r15,global_distance_maxima,radius15_rel0p12,3,6,0.0,0.8117279500889382,0.8682708912080487,1.0,0.0,0.0,0.0,1.0,0.0,0,3,"[0.8682708912080487, 0.8766705534128622, 0.6902424056459037]",false_semantic_bridges
m04_p01_s32,m04_p01,3,PREDICTED_SEMANTIC,prominent_maxima_rel20,prominent_maxima,prominence0p20_radius12,3,6,0.0,0.8117279500889382,0.8682708912080487,1.0,0.0,0.0,0.0,1.0,0.0,0,3,"[0.8682708912080487, 0.8766705534128622, 0.6902424056459037]",false_semantic_bridges
m04_p01_s32,m04_p01,3,PREDICTED_SEMANTIC,prominent_maxima_rel30,prominent_maxima,prominence0p30_radius15,3,6,0.0,0.8117279500889382,0.8682708912080487,1.0,0.0,0.0,0.0,1.0,0.0,0,3,"[0.8682708912080487, 0.8766705534128622, 0.6902424056459037]",false_semantic_bridges
m04_p01_s32,m04_p01,3,PREDICTED_SEMANTIC,component_aware_maxima,component_aware_maxima,per_component_greedy,3,6,0.0,0.8117279500889382,0.8682708912080487,1.0,0.0,0.0,0.0,1.0,0.0,0,3,"[0.8682708912080487, 0.8766705534128622, 0.6902424056459037]",false_semantic_bridges
m04_p01_s33,m04_p01,3,GT_SEMANTIC,baseline_connected_components,connected_components,raw_cc,3,5,0.0,0.811341205005902,0.7171102009306715,1.0,1.0,0.0,0.0,1.0,0.0,0,2,"[0.7171102009306715, 1.0, 0.7169134140870346]",seed_failures
m04_p01_s33,m04_p01,3,GT_SEMANTIC,global_distance_maxima_r09,global_distance_maxima,radius9_rel0p08,3,5,0.0,0.811341205005902,0.7171102009306715,1.0,1.0,0.0,0.0,1.0,0.0,0,2,"[0.7171102009306715, 1.0, 0.7169134140870346]",seed_failures
m04_p01_s33,m04_p01,3,GT_SEMANTIC,global_distance_maxima_r15,global_distance_maxima,radius15_rel0p12,3,5,0.0,0.811341205005902,0.7171102009306715,1.0,1.0,0.0,0.0,1.0,0.0,0,2,"[0.7171102009306715, 1.0, 0.7169134140870346]",seed_failures
m04_p01_s33,m04_p01,3,GT_SEMANTIC,prominent_maxima_rel20,prominent_maxima,prominence0p20_radius12,3,5,0.0,0.811341205005902,0.7171102009306715,1.0,1.0,0.0,0.0,1.0,0.0,0,2,"[0.7171102009306715, 1.0, 0.7169134140870346]",seed_failures
m04_p01_s33,m04_p01,3,GT_SEMANTIC,prominent_maxima_rel30,prominent_maxima,prominence0p30_radius15,3,5,0.0,0.811341205005902,0.7171102009306715,1.0,1.0,0.0,0.0,1.0,0.0,0,2,"[0.7171102009306715, 1.0, 0.7169134140870346]",seed_failures
m04_p01_s33,m04_p01,3,GT_SEMANTIC,component_aware_maxima,component_aware_maxima,per_component_greedy,3,5,0.0,0.811341205005902,0.7171102009306715,1.0,1.0,0.0,0.0,1.0,0.0,0,2,"[0.7171102009306715, 1.0, 0.7169134140870346]",seed_failures
m04_p01_s33,m04_p01,3,PREDICTED_SEMANTIC,baseline_connected_components,connected_components,raw_cc,3,5,0.0,0.5769184768993955,0.6287456800162635,0.0,0.0,0.0,0.0,1.0,0.0,0,2,"[0.6287456800162635, 0.6304978619425778, 0.471511888739345]",false_semantic_bridges
m04_p01_s33,m04_p01,3,PREDICTED_SEMANTIC,global_distance_maxima_r09,global_distance_maxima,radius9_rel0p08,3,5,0.0,0.5769184768993955,0.6287456800162635,0.0,0.0,0.0,0.0,1.0,0.0,0,2,"[0.6287456800162635, 0.6304978619425778, 0.471511888739345]",false_semantic_bridges
m04_p01_s33,m04_p01,3,PREDICTED_SEMANTIC,global_distance_maxima_r15,global_distance_maxima,radius15_rel0p12,3,5,0.0,0.5769184768993955,0.6287456800162635,0.0,0.0,0.0,0.0,1.0,0.0,0,2,"[0.6287456800162635, 0.6304978619425778, 0.471511888739345]",false_semantic_bridges
m04_p01_s33,m04_p01,3,PREDICTED_SEMANTIC,prominent_maxima_rel20,prominent_maxima,prominence0p20_radius12,3,5,0.0,0.5769184768993955,0.6287456800162635,0.0,0.0,0.0,0.0,1.0,0.0,0,2,"[0.6287456800162635, 0.6304978619425778, 0.471511888739345]",false_semantic_bridges
m04_p01_s33,m04_p01,3,PREDICTED_SEMANTIC,prominent_maxima_rel30,prominent_maxima,prominence0p30_radius15,3,5,0.0,0.5769184768993955,0.6287456800162635,0.0,0.0,0.0,0.0,1.0,0.0,0,2,"[0.6287456800162635, 0.6304978619425778, 0.471511888739345]",false_semantic_bridges
m04_p01_s33,m04_p01,3,PREDICTED_SEMANTIC,component_aware_maxima,component_aware_maxima,per_component_greedy,3,5,0.0,0.5769184768993955,0.6287456800162635,0.0,0.0,0.0,0.0,1.0,0.0,0,2,"[0.6287456800162635, 0.6304978619425778, 0.471511888739345]",false_semantic_bridges
m04_p01_s34,m04_p01,2,GT_SEMANTIC,baseline_connected_components,connected_components,raw_cc,2,4,0.0,0.5120493527985615,0.5120493527985615,1.0,0.0,0.0,0.0,1.0,0.0,0,2,"[0.5055734932349324, 0.5185252123621905]",seed_failures
m04_p01_s34,m04_p01,2,GT_SEMANTIC,global_distance_maxima_r09,global_distance_maxima,radius9_rel0p08,2,4,0.0,0.5120493527985615,0.5120493527985615,1.0,0.0,0.0,0.0,1.0,0.0,0,2,"[0.5055734932349324, 0.5185252123621905]",seed_failures
m04_p01_s34,m04_p01,2,GT_SEMANTIC,global_distance_maxima_r15,global_distance_maxima,radius15_rel0p12,2,4,0.0,0.5120493527985615,0.5120493527985615,1.0,0.0,0.0,0.0,1.0,0.0,0,2,"[0.5055734932349324, 0.5185252123621905]",seed_failures
m04_p01_s34,m04_p01,2,GT_SEMANTIC,prominent_maxima_rel20,prominent_maxima,prominence0p20_radius12,2,4,0.0,0.5120493527985615,0.5120493527985615,1.0,0.0,0.0,0.0,1.0,0.0,0,2,"[0.5055734932349324, 0.5185252123621905]",seed_failures
m04_p01_s34,m04_p01,2,GT_SEMANTIC,prominent_maxima_rel30,prominent_maxima,prominence0p30_radius15,2,4,0.0,0.5120493527985615,0.5120493527985615,1.0,0.0,0.0,0.0,1.0,0.0,0,2,"[0.5055734932349324, 0.5185252123621905]",seed_failures
m04_p01_s34,m04_p01,2,GT_SEMANTIC,component_aware_maxima,component_aware_maxima,per_component_greedy,2,4,0.0,0.5120493527985615,0.5120493527985615,1.0,0.0,0.0,0.0,1.0,0.0,0,2,"[0.5055734932349324, 0.5185252123621905]",seed_failures
m04_p01_s34,m04_p01,2,PREDICTED_SEMANTIC,baseline_connected_components,connected_components,raw_cc,2,6,0.0,0.3980539524934824,0.3980539524934824,0.0,0.0,0.0,0.0,1.0,0.0,0,4,"[0.4488373772385904, 0.3472705277483744]",false_semantic_bridges
m04_p01_s34,m04_p01,2,PREDICTED_SEMANTIC,global_distance_maxima_r09,global_distance_maxima,radius9_rel0p08,2,6,0.0,0.3980539524934824,0.3980539524934824,0.0,0.0,0.0,0.0,1.0,0.0,0,4,"[0.4488373772385904, 0.3472705277483744]",false_semantic_bridges
m04_p01_s34,m04_p01,2,PREDICTED_SEMANTIC,global_distance_maxima_r15,global_distance_maxima,radius15_rel0p12,2,6,0.0,0.3980539524934824,0.3980539524934824,0.0,0.0,0.0,0.0,1.0,0.0,0,4,"[0.4488373772385904, 0.3472705277483744]",false_semantic_bridges
m04_p01_s34,m04_p01,2,PREDICTED_SEMANTIC,prominent_maxima_rel20,prominent_maxima,prominence0p20_radius12,2,6,0.0,0.3980539524934824,0.3980539524934824,0.0,0.0,0.0,0.0,1.0,0.0,0,4,"[0.4488373772385904, 0.3472705277483744]",false_semantic_bridges
m04_p01_s34,m04_p01,2,PREDICTED_SEMANTIC,prominent_maxima_rel30,prominent_maxima,prominence0p30_radius15,2,6,0.0,0.3980539524934824,0.3980539524934824,0.0,0.0,0.0,0.0,1.0,0.0,0,4,"[0.4488373772385904, 0.3472705277483744]",false_semantic_bridges
m04_p01_s34,m04_p01,2,PREDICTED_SEMANTIC,component_aware_maxima,component_aware_maxima,per_component_greedy,2,6,0.0,0.3980539524934824,0.3980539524934824,0.0,0.0,0.0,0.0,1.0,0.0,0,4,"[0.4488373772385904, 0.3472705277483744]",false_semantic_bridges
m04_p01_s35,m04_p01,3,GT_SEMANTIC,baseline_connected_components,connected_components,raw_cc,3,3,1.0,1.0,1.0,1.0,1.0,1.0,0.0,0.0,1.0,0,0,"[1.0, 1.0, 1.0]",seed_failures
m04_p01_s35,m04_p01,3,GT_SEMANTIC,global_distance_maxima_r09,global_distance_maxima,radius9_rel0p08,3,3,1.0,1.0,1.0,1.0,1.0,1.0,0.0,0.0,1.0,0,0,"[1.0, 1.0, 1.0]",other
m04_p01_s35,m04_p01,3,GT_SEMANTIC,global_distance_maxima_r15,global_distance_maxima,radius15_rel0p12,3,3,1.0,1.0,1.0,1.0,1.0,1.0,0.0,0.0,1.0,0,0,"[1.0, 1.0, 1.0]",other
m04_p01_s35,m04_p01,3,GT_SEMANTIC,prominent_maxima_rel20,prominent_maxima,prominence0p20_radius12,3,3,1.0,1.0,1.0,1.0,1.0,1.0,0.0,0.0,1.0,0,0,"[1.0, 1.0, 1.0]",other
m04_p01_s35,m04_p01,3,GT_SEMANTIC,prominent_maxima_rel30,prominent_maxima,prominence0p30_radius15,3,3,1.0,1.0,1.0,1.0,1.0,1.0,0.0,0.0,1.0,0,0,"[1.0, 1.0, 1.0]",other
m04_p01_s35,m04_p01,3,GT_SEMANTIC,component_aware_maxima,component_aware_maxima,per_component_greedy,3,3,1.0,1.0,1.0,1.0,1.0,1.0,0.0,0.0,1.0,0,0,"[1.0, 1.0, 1.0]",other
m04_p01_s35,m04_p01,3,PREDICTED_SEMANTIC,baseline_connected_components,connected_components,raw_cc,3,2,0.0,0.4025785878048658,0.323247102891256,0.0,0.0,0.0,1.0,0.0,0.0,1,0,"[0.8986154814348647, 0.0, 0.323247102891256]",false_semantic_bridges
m04_p01_s35,m04_p01,3,PREDICTED_SEMANTIC,global_distance_maxima_r09,global_distance_maxima,radius9_rel0p08,3,3,1.0,0.2789491421113752,0.323247102891256,0.0,0.0,0.0,0.0,0.0,0.0,1,1,"[0.5136003234428697, 0.0, 0.323247102891256]",false_semantic_bridges
m04_p01_s35,m04_p01,3,PREDICTED_SEMANTIC,global_distance_maxima_r15,global_distance_maxima,radius15_rel0p12,3,3,1.0,0.2789491421113752,0.323247102891256,0.0,0.0,0.0,0.0,0.0,0.0,1,1,"[0.5136003234428697, 0.0, 0.323247102891256]",false_semantic_bridges
m04_p01_s35,m04_p01,3,PREDICTED_SEMANTIC,prominent_maxima_rel20,prominent_maxima,prominence0p20_radius12,3,3,1.0,0.2789491421113752,0.323247102891256,0.0,0.0,0.0,0.0,0.0,0.0,1,1,"[0.5136003234428697, 0.0, 0.323247102891256]",false_semantic_bridges
m04_p01_s35,m04_p01,3,PREDICTED_SEMANTIC,prominent_maxima_rel30,prominent_maxima,prominence0p30_radius15,3,3,1.0,0.2789491421113752,0.323247102891256,0.0,0.0,0.0,0.0,0.0,0.0,1,1,"[0.5136003234428697, 0.0, 0.323247102891256]",false_semantic_bridges
m04_p01_s35,m04_p01,3,PREDICTED_SEMANTIC,component_aware_maxima,component_aware_maxima,per_component_greedy,3,3,1.0,0.2789491421113752,0.323247102891256,0.0,0.0,0.0,0.0,0.0,0.0,1,1,"[0.5136003234428697, 0.0, 0.323247102891256]",false_semantic_bridges
m04_p01_s36,m04_p01,3,GT_SEMANTIC,baseline_connected_components,connected_components,raw_cc,3,4,0.0,0.9672524626005536,1.0,1.0,1.0,1.0,0.0,1.0,0.0,0,1,"[0.9017573878016611, 1.0, 1.0]",seed_failures
m04_p01_s36,m04_p01,3,GT_SEMANTIC,global_distance_maxima_r09,global_distance_maxima,radius9_rel0p08,3,4,0.0,0.9672524626005536,1.0,1.0,1.0,1.0,0.0,1.0,0.0,0,1,"[0.9017573878016611, 1.0, 1.0]",seed_failures
m04_p01_s36,m04_p01,3,GT_SEMANTIC,global_distance_maxima_r15,global_distance_maxima,radius15_rel0p12,3,4,0.0,0.9672524626005536,1.0,1.0,1.0,1.0,0.0,1.0,0.0,0,1,"[0.9017573878016611, 1.0, 1.0]",seed_failures
m04_p01_s36,m04_p01,3,GT_SEMANTIC,prominent_maxima_rel20,prominent_maxima,prominence0p20_radius12,3,4,0.0,0.9672524626005536,1.0,1.0,1.0,1.0,0.0,1.0,0.0,0,1,"[0.9017573878016611, 1.0, 1.0]",seed_failures
m04_p01_s36,m04_p01,3,GT_SEMANTIC,prominent_maxima_rel30,prominent_maxima,prominence0p30_radius15,3,4,0.0,0.9672524626005536,1.0,1.0,1.0,1.0,0.0,1.0,0.0,0,1,"[0.9017573878016611, 1.0, 1.0]",seed_failures
m04_p01_s36,m04_p01,3,GT_SEMANTIC,component_aware_maxima,component_aware_maxima,per_component_greedy,3,4,0.0,0.9672524626005536,1.0,1.0,1.0,1.0,0.0,1.0,0.0,0,1,"[0.9017573878016611, 1.0, 1.0]",seed_failures
m04_p01_s36,m04_p01,3,PREDICTED_SEMANTIC,baseline_connected_components,connected_components,raw_cc,3,3,1.0,0.3486223606645769,0.490976995260961,0.0,0.0,0.0,0.0,0.0,0.0,1,1,"[0.5548900867327698, 0.490976995260961, 0.0]",missing_semantic_tissue
m04_p01_s36,m04_p01,3,PREDICTED_SEMANTIC,global_distance_maxima_r09,global_distance_maxima,radius9_rel0p08,3,3,1.0,0.3486223606645769,0.490976995260961,0.0,0.0,0.0,0.0,0.0,0.0,1,1,"[0.5548900867327698, 0.490976995260961, 0.0]",missing_semantic_tissue
m04_p01_s36,m04_p01,3,PREDICTED_SEMANTIC,global_distance_maxima_r15,global_distance_maxima,radius15_rel0p12,3,3,1.0,0.3486223606645769,0.490976995260961,0.0,0.0,0.0,0.0,0.0,0.0,1,1,"[0.5548900867327698, 0.490976995260961, 0.0]",missing_semantic_tissue
m04_p01_s36,m04_p01,3,PREDICTED_SEMANTIC,prominent_maxima_rel20,prominent_maxima,prominence0p20_radius12,3,3,1.0,0.3486223606645769,0.490976995260961,0.0,0.0,0.0,0.0,0.0,0.0,1,1,"[0.5548900867327698, 0.490976995260961, 0.0]",missing_semantic_tissue
m04_p01_s36,m04_p01,3,PREDICTED_SEMANTIC,prominent_maxima_rel30,prominent_maxima,prominence0p30_radius15,3,3,1.0,0.3486223606645769,0.490976995260961,0.0,0.0,0.0,0.0,0.0,0.0,1,1,"[0.5548900867327698, 0.490976995260961, 0.0]",missing_semantic_tissue
m04_p01_s36,m04_p01,3,PREDICTED_SEMANTIC,component_aware_maxima,component_aware_maxima,per_component_greedy,3,3,1.0,0.3486223606645769,0.490976995260961,0.0,0.0,0.0,0.0,0.0,0.0,1,1,"[0.5548900867327698, 0.490976995260961, 0.0]",missing_semantic_tissue
m04_p01_s37,m04_p01,2,GT_SEMANTIC,baseline_connected_components,connected_components,raw_cc,2,2,1.0,1.0,1.0,1.0,1.0,1.0,0.0,0.0,1.0,0,0,"[1.0, 1.0]",seed_failures
m04_p01_s37,m04_p01,2,GT_SEMANTIC,global_distance_maxima_r09,global_distance_maxima,radius9_rel0p08,2,2,1.0,1.0,1.0,1.0,1.0,1.0,0.0,0.0,1.0,0,0,"[1.0, 1.0]",other
m04_p01_s37,m04_p01,2,GT_SEMANTIC,global_distance_maxima_r15,global_distance_maxima,radius15_rel0p12,2,2,1.0,1.0,1.0,1.0,1.0,1.0,0.0,0.0,1.0,0,0,"[1.0, 1.0]",other
m04_p01_s37,m04_p01,2,GT_SEMANTIC,prominent_maxima_rel20,prominent_maxima,prominence0p20_radius12,2,2,1.0,1.0,1.0,1.0,1.0,1.0,0.0,0.0,1.0,0,0,"[1.0, 1.0]",other
m04_p01_s37,m04_p01,2,GT_SEMANTIC,prominent_maxima_rel30,prominent_maxima,prominence0p30_radius15,2,2,1.0,1.0,1.0,1.0,1.0,1.0,0.0,0.0,1.0,0,0,"[1.0, 1.0]",other
m04_p01_s37,m04_p01,2,GT_SEMANTIC,component_aware_maxima,component_aware_maxima,per_component_greedy,2,2,1.0,1.0,1.0,1.0,1.0,1.0,0.0,0.0,1.0,0,0,"[1.0, 1.0]",other
m04_p01_s37,m04_p01,2,PREDICTED_SEMANTIC,baseline_connected_components,connected_components,raw_cc,2,2,1.0,0.2686952448347005,0.2686952448347005,0.0,0.0,0.0,0.0,0.0,0.0,1,1,"[0.537390489669401, 0.0]",false_semantic_bridges
m04_p01_s37,m04_p01,2,PREDICTED_SEMANTIC,global_distance_maxima_r09,global_distance_maxima,radius9_rel0p08,2,2,1.0,0.2686952448347005,0.2686952448347005,0.0,0.0,0.0,0.0,0.0,0.0,1,1,"[0.537390489669401, 0.0]",false_semantic_bridges
m04_p01_s37,m04_p01,2,PREDICTED_SEMANTIC,global_distance_maxima_r15,global_distance_maxima,radius15_rel0p12,2,2,1.0,0.2686952448347005,0.2686952448347005,0.0,0.0,0.0,0.0,0.0,0.0,1,1,"[0.537390489669401, 0.0]",false_semantic_bridges
m04_p01_s37,m04_p01,2,PREDICTED_SEMANTIC,prominent_maxima_rel20,prominent_maxima,prominence0p20_radius12,2,2,1.0,0.2686952448347005,0.2686952448347005,0.0,0.0,0.0,0.0,0.0,0.0,1,1,"[0.537390489669401, 0.0]",false_semantic_bridges
m04_p01_s37,m04_p01,2,PREDICTED_SEMANTIC,prominent_maxima_rel30,prominent_maxima,prominence0p30_radius15,2,2,1.0,0.2686952448347005,0.2686952448347005,0.0,0.0,0.0,0.0,0.0,0.0,1,1,"[0.537390489669401, 0.0]",false_semantic_bridges
m04_p01_s37,m04_p01,2,PREDICTED_SEMANTIC,component_aware_maxima,component_aware_maxima,per_component_greedy,2,2,1.0,0.2686952448347005,0.2686952448347005,0.0,0.0,0.0,0.0,0.0,0.0,1,1,"[0.537390489669401, 0.0]",false_semantic_bridges
m04_p01_s38,m04_p01,3,GT_SEMANTIC,baseline_connected_components,connected_components,raw_cc,3,3,1.0,1.0,1.0,1.0,1.0,1.0,0.0,0.0,1.0,0,0,"[1.0, 1.0, 1.0]",seed_failures
m04_p01_s38,m04_p01,3,GT_SEMANTIC,global_distance_maxima_r09,global_distance_maxima,radius9_rel0p08,3,3,1.0,1.0,1.0,1.0,1.0,1.0,0.0,0.0,1.0,0,0,"[1.0, 1.0, 1.0]",other
m04_p01_s38,m04_p01,3,GT_SEMANTIC,global_distance_maxima_r15,global_distance_maxima,radius15_rel0p12,3,3,1.0,1.0,1.0,1.0,1.0,1.0,0.0,0.0,1.0,0,0,"[1.0, 1.0, 1.0]",other
m04_p01_s38,m04_p01,3,GT_SEMANTIC,prominent_maxima_rel20,prominent_maxima,prominence0p20_radius12,3,3,1.0,1.0,1.0,1.0,1.0,1.0,0.0,0.0,1.0,0,0,"[1.0, 1.0, 1.0]",other
m04_p01_s38,m04_p01,3,GT_SEMANTIC,prominent_maxima_rel30,prominent_maxima,prominence0p30_radius15,3,3,1.0,1.0,1.0,1.0,1.0,1.0,0.0,0.0,1.0,0,0,"[1.0, 1.0, 1.0]",other
m04_p01_s38,m04_p01,3,GT_SEMANTIC,component_aware_maxima,component_aware_maxima,per_component_greedy,3,3,1.0,1.0,1.0,1.0,1.0,1.0,0.0,0.0,1.0,0,0,"[1.0, 1.0, 1.0]",other
m04_p01_s38,m04_p01,3,PREDICTED_SEMANTIC,baseline_connected_components,connected_components,raw_cc,3,2,0.0,0.3989441226484088,0.412525708219996,0.0,0.0,0.0,1.0,0.0,0.0,1,0,"[0.9098364485981308, 0.0, 0.412525708219996]",false_semantic_bridges
m04_p01_s38,m04_p01,3,PREDICTED_SEMANTIC,global_distance_maxima_r09,global_distance_maxima,radius9_rel0p08,3,3,1.0,0.34854947665656405,0.412525708219996,0.0,0.0,0.0,0.0,0.0,0.0,1,1,"[0.6331227217496962, 0.0, 0.412525708219996]",false_semantic_bridges
m04_p01_s38,m04_p01,3,PREDICTED_SEMANTIC,global_distance_maxima_r15,global_distance_maxima,radius15_rel0p12,3,3,1.0,0.16957781715586548,0.09620774324760038,0.0,0.0,0.0,0.0,0.0,0.0,1,1,"[0.09620774324760038, 0.0, 0.412525708219996]",false_semantic_bridges
m04_p01_s38,m04_p01,3,PREDICTED_SEMANTIC,prominent_maxima_rel20,prominent_maxima,prominence0p20_radius12,3,3,1.0,0.34854947665656405,0.412525708219996,0.0,0.0,0.0,0.0,0.0,0.0,1,1,"[0.6331227217496962, 0.0, 0.412525708219996]",false_semantic_bridges
m04_p01_s38,m04_p01,3,PREDICTED_SEMANTIC,prominent_maxima_rel30,prominent_maxima,prominence0p30_radius15,3,3,1.0,0.16957781715586548,0.09620774324760038,0.0,0.0,0.0,0.0,0.0,0.0,1,1,"[0.09620774324760038, 0.0, 0.412525708219996]",false_semantic_bridges
m04_p01_s38,m04_p01,3,PREDICTED_SEMANTIC,component_aware_maxima,component_aware_maxima,per_component_greedy,3,3,1.0,0.34854947665656405,0.412525708219996,0.0,0.0,0.0,0.0,0.0,0.0,1,1,"[0.6331227217496962, 0.0, 0.412525708219996]",false_semantic_bridges
m04_p01_s39,m04_p01,3,GT_SEMANTIC,baseline_connected_components,connected_components,raw_cc,3,3,1.0,1.0,1.0,1.0,1.0,1.0,0.0,0.0,1.0,0,0,"[1.0, 1.0, 1.0]",seed_failures
m04_p01_s39,m04_p01,3,GT_SEMANTIC,global_distance_maxima_r09,global_distance_maxima,radius9_rel0p08,3,3,1.0,1.0,1.0,1.0,1.0,1.0,0.0,0.0,1.0,0,0,"[1.0, 1.0, 1.0]",other
m04_p01_s39,m04_p01,3,GT_SEMANTIC,global_distance_maxima_r15,global_distance_maxima,radius15_rel0p12,3,3,1.0,1.0,1.0,1.0,1.0,1.0,0.0,0.0,1.0,0,0,"[1.0, 1.0, 1.0]",other
m04_p01_s39,m04_p01,3,GT_SEMANTIC,prominent_maxima_rel20,prominent_maxima,prominence0p20_radius12,3,3,1.0,1.0,1.0,1.0,1.0,1.0,0.0,0.0,1.0,0,0,"[1.0, 1.0, 1.0]",other
m04_p01_s39,m04_p01,3,GT_SEMANTIC,prominent_maxima_rel30,prominent_maxima,prominence0p30_radius15,3,3,1.0,1.0,1.0,1.0,1.0,1.0,0.0,0.0,1.0,0,0,"[1.0, 1.0, 1.0]",other
m04_p01_s39,m04_p01,3,GT_SEMANTIC,component_aware_maxima,component_aware_maxima,per_component_greedy,3,3,1.0,1.0,1.0,1.0,1.0,1.0,0.0,0.0,1.0,0,0,"[1.0, 1.0, 1.0]",other
m04_p01_s39,m04_p01,3,PREDICTED_SEMANTIC,baseline_connected_components,connected_components,raw_cc,3,4,0.0,0.5274015729786615,0.7162339299218553,0.0,0.0,0.0,0.0,1.0,0.0,1,2,"[0.8659707890141293, 0.7162339299218553, 0.0]",false_semantic_bridges
m04_p01_s39,m04_p01,3,PREDICTED_SEMANTIC,global_distance_maxima_r09,global_distance_maxima,radius9_rel0p08,3,4,0.0,0.5274015729786615,0.7162339299218553,0.0,0.0,0.0,0.0,1.0,0.0,1,2,"[0.8659707890141293, 0.7162339299218553, 0.0]",false_semantic_bridges
m04_p01_s39,m04_p01,3,PREDICTED_SEMANTIC,global_distance_maxima_r15,global_distance_maxima,radius15_rel0p12,3,4,0.0,0.5274015729786615,0.7162339299218553,0.0,0.0,0.0,0.0,1.0,0.0,1,2,"[0.8659707890141293, 0.7162339299218553, 0.0]",false_semantic_bridges
m04_p01_s39,m04_p01,3,PREDICTED_SEMANTIC,prominent_maxima_rel20,prominent_maxima,prominence0p20_radius12,3,4,0.0,0.5274015729786615,0.7162339299218553,0.0,0.0,0.0,0.0,1.0,0.0,1,2,"[0.8659707890141293, 0.7162339299218553, 0.0]",false_semantic_bridges
m04_p01_s39,m04_p01,3,PREDICTED_SEMANTIC,prominent_maxima_rel30,prominent_maxima,prominence0p30_radius15,3,4,0.0,0.5274015729786615,0.7162339299218553,0.0,0.0,0.0,0.0,1.0,0.0,1,2,"[0.8659707890141293, 0.7162339299218553, 0.0]",false_semantic_bridges
m04_p01_s39,m04_p01,3,PREDICTED_SEMANTIC,component_aware_maxima,component_aware_maxima,per_component_greedy,3,4,0.0,0.5274015729786615,0.7162339299218553,0.0,0.0,0.0,0.0,1.0,0.0,1,2,"[0.8659707890141293, 0.7162339299218553, 0.0]",false_semantic_bridges
m04_p01_s40,m04_p01,3,GT_SEMANTIC,baseline_connected_components,connected_components,raw_cc,3,4,0.0,0.8478149791582626,1.0,1.0,0.0,0.0,0.0,1.0,0.0,0,1,"[1.0, 1.0, 0.5434449374747882]",seed_failures
m04_p01_s40,m04_p01,3,GT_SEMANTIC,global_distance_maxima_r09,global_distance_maxima,radius9_rel0p08,3,4,0.0,0.8478149791582626,1.0,1.0,0.0,0.0,0.0,1.0,0.0,0,1,"[1.0, 1.0, 0.5434449374747882]",seed_failures
m04_p01_s40,m04_p01,3,GT_SEMANTIC,global_distance_maxima_r15,global_distance_maxima,radius15_rel0p12,3,4,0.0,0.8478149791582626,1.0,1.0,0.0,0.0,0.0,1.0,0.0,0,1,"[1.0, 1.0, 0.5434449374747882]",seed_failures
m04_p01_s40,m04_p01,3,GT_SEMANTIC,prominent_maxima_rel20,prominent_maxima,prominence0p20_radius12,3,4,0.0,0.8478149791582626,1.0,1.0,0.0,0.0,0.0,1.0,0.0,0,1,"[1.0, 1.0, 0.5434449374747882]",seed_failures
m04_p01_s40,m04_p01,3,GT_SEMANTIC,prominent_maxima_rel30,prominent_maxima,prominence0p30_radius15,3,4,0.0,0.8478149791582626,1.0,1.0,0.0,0.0,0.0,1.0,0.0,0,1,"[1.0, 1.0, 0.5434449374747882]",seed_failures
m04_p01_s40,m04_p01,3,GT_SEMANTIC,component_aware_maxima,component_aware_maxima,per_component_greedy,3,4,0.0,0.8478149791582626,1.0,1.0,0.0,0.0,0.0,1.0,0.0,0,1,"[1.0, 1.0, 0.5434449374747882]",seed_failures
m04_p01_s40,m04_p01,3,PREDICTED_SEMANTIC,baseline_connected_components,connected_components,raw_cc,3,4,0.0,0.5827790890889039,0.5778798316111748,0.0,0.0,0.0,0.0,1.0,0.0,0,1,"[0.7812480899700507, 0.5778798316111748, 0.3892093456854862]",false_semantic_bridges
m04_p01_s40,m04_p01,3,PREDICTED_SEMANTIC,global_distance_maxima_r09,global_distance_maxima,radius9_rel0p08,3,4,0.0,0.5827790890889039,0.5778798316111748,0.0,0.0,0.0,0.0,1.0,0.0,0,1,"[0.7812480899700507, 0.5778798316111748, 0.3892093456854862]",false_semantic_bridges
m04_p01_s40,m04_p01,3,PREDICTED_SEMANTIC,global_distance_maxima_r15,global_distance_maxima,radius15_rel0p12,3,4,0.0,0.5827790890889039,0.5778798316111748,0.0,0.0,0.0,0.0,1.0,0.0,0,1,"[0.7812480899700507, 0.5778798316111748, 0.3892093456854862]",false_semantic_bridges
m04_p01_s40,m04_p01,3,PREDICTED_SEMANTIC,prominent_maxima_rel20,prominent_maxima,prominence0p20_radius12,3,4,0.0,0.5827790890889039,0.5778798316111748,0.0,0.0,0.0,0.0,1.0,0.0,0,1,"[0.7812480899700507, 0.5778798316111748, 0.3892093456854862]",false_semantic_bridges
m04_p01_s40,m04_p01,3,PREDICTED_SEMANTIC,prominent_maxima_rel30,prominent_maxima,prominence0p30_radius15,3,4,0.0,0.5827790890889039,0.5778798316111748,0.0,0.0,0.0,0.0,1.0,0.0,0,1,"[0.7812480899700507, 0.5778798316111748, 0.3892093456854862]",false_semantic_bridges
m04_p01_s40,m04_p01,3,PREDICTED_SEMANTIC,component_aware_maxima,component_aware_maxima,per_component_greedy,3,4,0.0,0.5827790890889039,0.5778798316111748,0.0,0.0,0.0,0.0,1.0,0.0,0,1,"[0.7812480899700507, 0.5778798316111748, 0.3892093456854862]",false_semantic_bridges
m04_p01_s41,m04_p01,1,GT_SEMANTIC,baseline_connected_components,connected_components,raw_cc,1,2,0.0,0.6843071239858782,0.6843071239858782,1.0,0.0,0.0,0.0,1.0,0.0,0,1,[0.6843071239858782],seed_failures
m04_p01_s41,m04_p01,1,GT_SEMANTIC,global_distance_maxima_r09,global_distance_maxima,radius9_rel0p08,1,2,0.0,0.6843071239858782,0.6843071239858782,1.0,0.0,0.0,0.0,1.0,0.0,0,1,[0.6843071239858782],seed_failures
m04_p01_s41,m04_p01,1,GT_SEMANTIC,global_distance_maxima_r15,global_distance_maxima,radius15_rel0p12,1,2,0.0,0.6843071239858782,0.6843071239858782,1.0,0.0,0.0,0.0,1.0,0.0,0,1,[0.6843071239858782],seed_failures
m04_p01_s41,m04_p01,1,GT_SEMANTIC,prominent_maxima_rel20,prominent_maxima,prominence0p20_radius12,1,2,0.0,0.6843071239858782,0.6843071239858782,1.0,0.0,0.0,0.0,1.0,0.0,0,1,[0.6843071239858782],seed_failures
m04_p01_s41,m04_p01,1,GT_SEMANTIC,prominent_maxima_rel30,prominent_maxima,prominence0p30_radius15,1,2,0.0,0.6843071239858782,0.6843071239858782,1.0,0.0,0.0,0.0,1.0,0.0,0,1,[0.6843071239858782],seed_failures
m04_p01_s41,m04_p01,1,GT_SEMANTIC,component_aware_maxima,component_aware_maxima,per_component_greedy,1,2,0.0,0.6843071239858782,0.6843071239858782,1.0,0.0,0.0,0.0,1.0,0.0,0,1,[0.6843071239858782],seed_failures
m04_p01_s41,m04_p01,1,PREDICTED_SEMANTIC,baseline_connected_components,connected_components,raw_cc,1,2,0.0,0.6104079377755413,0.6104079377755413,1.0,0.0,0.0,0.0,1.0,0.0,0,1,[0.6104079377755413],seed_failures
m04_p01_s41,m04_p01,1,PREDICTED_SEMANTIC,global_distance_maxima_r09,global_distance_maxima,radius9_rel0p08,1,2,0.0,0.6104079377755413,0.6104079377755413,1.0,0.0,0.0,0.0,1.0,0.0,0,1,[0.6104079377755413],seed_failures
m04_p01_s41,m04_p01,1,PREDICTED_SEMANTIC,global_distance_maxima_r15,global_distance_maxima,radius15_rel0p12,1,2,0.0,0.6104079377755413,0.6104079377755413,1.0,0.0,0.0,0.0,1.0,0.0,0,1,[0.6104079377755413],seed_failures
m04_p01_s41,m04_p01,1,PREDICTED_SEMANTIC,prominent_maxima_rel20,prominent_maxima,prominence0p20_radius12,1,2,0.0,0.6104079377755413,0.6104079377755413,1.0,0.0,0.0,0.0,1.0,0.0,0,1,[0.6104079377755413],seed_failures
m04_p01_s41,m04_p01,1,PREDICTED_SEMANTIC,prominent_maxima_rel30,prominent_maxima,prominence0p30_radius15,1,2,0.0,0.6104079377755413,0.6104079377755413,1.0,0.0,0.0,0.0,1.0,0.0,0,1,[0.6104079377755413],seed_failures
m04_p01_s41,m04_p01,1,PREDICTED_SEMANTIC,component_aware_maxima,component_aware_maxima,per_component_greedy,1,2,0.0,0.6104079377755413,0.6104079377755413,1.0,0.0,0.0,0.0,1.0,0.0,0,1,[0.6104079377755413],seed_failures
m05_p01_s00,m05_p01,2,GT_SEMANTIC,baseline_connected_components,connected_components,raw_cc,2,2,1.0,1.0,1.0,1.0,1.0,1.0,0.0,0.0,1.0,0,0,"[1.0, 1.0]",seed_failures
m05_p01_s00,m05_p01,2,GT_SEMANTIC,global_distance_maxima_r09,global_distance_maxima,radius9_rel0p08,2,2,1.0,1.0,1.0,1.0,1.0,1.0,0.0,0.0,1.0,0,0,"[1.0, 1.0]",other
m05_p01_s00,m05_p01,2,GT_SEMANTIC,global_distance_maxima_r15,global_distance_maxima,radius15_rel0p12,2,2,1.0,1.0,1.0,1.0,1.0,1.0,0.0,0.0,1.0,0,0,"[1.0, 1.0]",other
m05_p01_s00,m05_p01,2,GT_SEMANTIC,prominent_maxima_rel20,prominent_maxima,prominence0p20_radius12,2,2,1.0,1.0,1.0,1.0,1.0,1.0,0.0,0.0,1.0,0,0,"[1.0, 1.0]",other
m05_p01_s00,m05_p01,2,GT_SEMANTIC,prominent_maxima_rel30,prominent_maxima,prominence0p30_radius15,2,2,1.0,1.0,1.0,1.0,1.0,1.0,0.0,0.0,1.0,0,0,"[1.0, 1.0]",other
m05_p01_s00,m05_p01,2,GT_SEMANTIC,component_aware_maxima,component_aware_maxima,per_component_greedy,2,2,1.0,1.0,1.0,1.0,1.0,1.0,0.0,0.0,1.0,0,0,"[1.0, 1.0]",other
m05_p01_s00,m05_p01,2,PREDICTED_SEMANTIC,baseline_connected_components,connected_components,raw_cc,2,5,0.0,0.7592693044387491,0.7592693044387491,1.0,0.0,0.0,0.0,1.0,0.0,0,3,"[0.6852213661665499, 0.8333172427109481]",missing_semantic_tissue
m05_p01_s00,m05_p01,2,PREDICTED_SEMANTIC,global_distance_maxima_r09,global_distance_maxima,radius9_rel0p08,2,5,0.0,0.7592693044387491,0.7592693044387491,1.0,0.0,0.0,0.0,1.0,0.0,0,3,"[0.6852213661665499, 0.8333172427109481]",missing_semantic_tissue
m05_p01_s00,m05_p01,2,PREDICTED_SEMANTIC,global_distance_maxima_r15,global_distance_maxima,radius15_rel0p12,2,5,0.0,0.7592693044387491,0.7592693044387491,1.0,0.0,0.0,0.0,1.0,0.0,0,3,"[0.6852213661665499, 0.8333172427109481]",missing_semantic_tissue
m05_p01_s00,m05_p01,2,PREDICTED_SEMANTIC,prominent_maxima_rel20,prominent_maxima,prominence0p20_radius12,2,5,0.0,0.7592693044387491,0.7592693044387491,1.0,0.0,0.0,0.0,1.0,0.0,0,3,"[0.6852213661665499, 0.8333172427109481]",missing_semantic_tissue
m05_p01_s00,m05_p01,2,PREDICTED_SEMANTIC,prominent_maxima_rel30,prominent_maxima,prominence0p30_radius15,2,5,0.0,0.7592693044387491,0.7592693044387491,1.0,0.0,0.0,0.0,1.0,0.0,0,3,"[0.6852213661665499, 0.8333172427109481]",missing_semantic_tissue
m05_p01_s00,m05_p01,2,PREDICTED_SEMANTIC,component_aware_maxima,component_aware_maxima,per_component_greedy,2,5,0.0,0.7592693044387491,0.7592693044387491,1.0,0.0,0.0,0.0,1.0,0.0,0,3,"[0.6852213661665499, 0.8333172427109481]",missing_semantic_tissue
m05_p01_s02,m05_p01,2,GT_SEMANTIC,baseline_connected_components,connected_components,raw_cc,2,2,1.0,1.0,1.0,1.0,1.0,1.0,0.0,0.0,1.0,0,0,"[1.0, 1.0]",seed_failures
m05_p01_s02,m05_p01,2,GT_SEMANTIC,global_distance_maxima_r09,global_distance_maxima,radius9_rel0p08,2,2,1.0,1.0,1.0,1.0,1.0,1.0,0.0,0.0,1.0,0,0,"[1.0, 1.0]",other
m05_p01_s02,m05_p01,2,GT_SEMANTIC,global_distance_maxima_r15,global_distance_maxima,radius15_rel0p12,2,2,1.0,1.0,1.0,1.0,1.0,1.0,0.0,0.0,1.0,0,0,"[1.0, 1.0]",other
m05_p01_s02,m05_p01,2,GT_SEMANTIC,prominent_maxima_rel20,prominent_maxima,prominence0p20_radius12,2,2,1.0,1.0,1.0,1.0,1.0,1.0,0.0,0.0,1.0,0,0,"[1.0, 1.0]",other
m05_p01_s02,m05_p01,2,GT_SEMANTIC,prominent_maxima_rel30,prominent_maxima,prominence0p30_radius15,2,2,1.0,1.0,1.0,1.0,1.0,1.0,0.0,0.0,1.0,0,0,"[1.0, 1.0]",other
m05_p01_s02,m05_p01,2,GT_SEMANTIC,component_aware_maxima,component_aware_maxima,per_component_greedy,2,2,1.0,1.0,1.0,1.0,1.0,1.0,0.0,0.0,1.0,0,0,"[1.0, 1.0]",other
m05_p01_s02,m05_p01,2,PREDICTED_SEMANTIC,baseline_connected_components,connected_components,raw_cc,2,1,0.0,0.22001900007451008,0.22001900007451008,0.0,0.0,0.0,1.0,0.0,0.0,1,0,"[0.44003800014902017, 0.0]",false_semantic_bridges
m05_p01_s02,m05_p01,2,PREDICTED_SEMANTIC,global_distance_maxima_r09,global_distance_maxima,radius9_rel0p08,2,2,1.0,0.29642208915714113,0.29642208915714113,0.0,0.0,0.0,0.0,0.0,0.0,0,0,"[0.15098233776542966, 0.44186184054885264]",false_semantic_bridges
m05_p01_s02,m05_p01,2,PREDICTED_SEMANTIC,global_distance_maxima_r15,global_distance_maxima,radius15_rel0p12,2,2,1.0,0.29642208915714113,0.29642208915714113,0.0,0.0,0.0,0.0,0.0,0.0,0,0,"[0.15098233776542966, 0.44186184054885264]",false_semantic_bridges
m05_p01_s02,m05_p01,2,PREDICTED_SEMANTIC,prominent_maxima_rel20,prominent_maxima,prominence0p20_radius12,2,2,1.0,0.29642208915714113,0.29642208915714113,0.0,0.0,0.0,0.0,0.0,0.0,0,0,"[0.15098233776542966, 0.44186184054885264]",false_semantic_bridges
m05_p01_s02,m05_p01,2,PREDICTED_SEMANTIC,prominent_maxima_rel30,prominent_maxima,prominence0p30_radius15,2,2,1.0,0.29642208915714113,0.29642208915714113,0.0,0.0,0.0,0.0,0.0,0.0,0,0,"[0.15098233776542966, 0.44186184054885264]",false_semantic_bridges
m05_p01_s02,m05_p01,2,PREDICTED_SEMANTIC,component_aware_maxima,component_aware_maxima,per_component_greedy,2,2,1.0,0.29642208915714113,0.29642208915714113,0.0,0.0,0.0,0.0,0.0,0.0,0,0,"[0.15098233776542966, 0.44186184054885264]",false_semantic_bridges
m05_p01_s03,m05_p01,3,GT_SEMANTIC,baseline_connected_components,connected_components,raw_cc,3,3,1.0,1.0,1.0,1.0,1.0,1.0,0.0,0.0,1.0,0,0,"[1.0, 1.0, 1.0]",seed_failures
m05_p01_s03,m05_p01,3,GT_SEMANTIC,global_distance_maxima_r09,global_distance_maxima,radius9_rel0p08,3,3,1.0,1.0,1.0,1.0,1.0,1.0,0.0,0.0,1.0,0,0,"[1.0, 1.0, 1.0]",other
m05_p01_s03,m05_p01,3,GT_SEMANTIC,global_distance_maxima_r15,global_distance_maxima,radius15_rel0p12,3,3,1.0,1.0,1.0,1.0,1.0,1.0,0.0,0.0,1.0,0,0,"[1.0, 1.0, 1.0]",other
m05_p01_s03,m05_p01,3,GT_SEMANTIC,prominent_maxima_rel20,prominent_maxima,prominence0p20_radius12,3,3,1.0,1.0,1.0,1.0,1.0,1.0,0.0,0.0,1.0,0,0,"[1.0, 1.0, 1.0]",other
m05_p01_s03,m05_p01,3,GT_SEMANTIC,prominent_maxima_rel30,prominent_maxima,prominence0p30_radius15,3,3,1.0,1.0,1.0,1.0,1.0,1.0,0.0,0.0,1.0,0,0,"[1.0, 1.0, 1.0]",other
m05_p01_s03,m05_p01,3,GT_SEMANTIC,component_aware_maxima,component_aware_maxima,per_component_greedy,3,3,1.0,1.0,1.0,1.0,1.0,1.0,0.0,0.0,1.0,0,0,"[1.0, 1.0, 1.0]",other
m05_p01_s03,m05_p01,3,PREDICTED_SEMANTIC,baseline_connected_components,connected_components,raw_cc,3,4,0.0,0.7687529176967853,0.7219330855018588,1.0,1.0,0.0,0.0,1.0,0.0,0,1,"[0.7219330855018588, 0.7037681547419852, 0.8805575128465121]",false_semantic_bridges
m05_p01_s03,m05_p01,3,PREDICTED_SEMANTIC,global_distance_maxima_r09,global_distance_maxima,radius9_rel0p08,3,4,0.0,0.7687529176967853,0.7219330855018588,1.0,1.0,0.0,0.0,1.0,0.0,0,1,"[0.7219330855018588, 0.7037681547419852, 0.8805575128465121]",false_semantic_bridges
m05_p01_s03,m05_p01,3,PREDICTED_SEMANTIC,global_distance_maxima_r15,global_distance_maxima,radius15_rel0p12,3,4,0.0,0.7687529176967853,0.7219330855018588,1.0,1.0,0.0,0.0,1.0,0.0,0,1,"[0.7219330855018588, 0.7037681547419852, 0.8805575128465121]",false_semantic_bridges
m05_p01_s03,m05_p01,3,PREDICTED_SEMANTIC,prominent_maxima_rel20,prominent_maxima,prominence0p20_radius12,3,4,0.0,0.7687529176967853,0.7219330855018588,1.0,1.0,0.0,0.0,1.0,0.0,0,1,"[0.7219330855018588, 0.7037681547419852, 0.8805575128465121]",false_semantic_bridges
m05_p01_s03,m05_p01,3,PREDICTED_SEMANTIC,prominent_maxima_rel30,prominent_maxima,prominence0p30_radius15,3,4,0.0,0.7687529176967853,0.7219330855018588,1.0,1.0,0.0,0.0,1.0,0.0,0,1,"[0.7219330855018588, 0.7037681547419852, 0.8805575128465121]",false_semantic_bridges
m05_p01_s03,m05_p01,3,PREDICTED_SEMANTIC,component_aware_maxima,component_aware_maxima,per_component_greedy,3,4,0.0,0.7687529176967853,0.7219330855018588,1.0,1.0,0.0,0.0,1.0,0.0,0,1,"[0.7219330855018588, 0.7037681547419852, 0.8805575128465121]",false_semantic_bridges
m05_p01_s05,m05_p01,2,GT_SEMANTIC,baseline_connected_components,connected_components,raw_cc,2,3,0.0,0.8558043875685557,0.8558043875685557,1.0,1.0,0.0,0.0,1.0,0.0,0,1,"[1.0, 0.7116087751371115]",seed_failures
m05_p01_s05,m05_p01,2,GT_SEMANTIC,global_distance_maxima_r09,global_distance_maxima,radius9_rel0p08,2,3,0.0,0.8558043875685557,0.8558043875685557,1.0,1.0,0.0,0.0,1.0,0.0,0,1,"[1.0, 0.7116087751371115]",seed_failures
m05_p01_s05,m05_p01,2,GT_SEMANTIC,global_distance_maxima_r15,global_distance_maxima,radius15_rel0p12,2,3,0.0,0.8558043875685557,0.8558043875685557,1.0,1.0,0.0,0.0,1.0,0.0,0,1,"[1.0, 0.7116087751371115]",seed_failures
m05_p01_s05,m05_p01,2,GT_SEMANTIC,prominent_maxima_rel20,prominent_maxima,prominence0p20_radius12,2,3,0.0,0.8558043875685557,0.8558043875685557,1.0,1.0,0.0,0.0,1.0,0.0,0,1,"[1.0, 0.7116087751371115]",seed_failures
m05_p01_s05,m05_p01,2,GT_SEMANTIC,prominent_maxima_rel30,prominent_maxima,prominence0p30_radius15,2,3,0.0,0.8558043875685557,0.8558043875685557,1.0,1.0,0.0,0.0,1.0,0.0,0,1,"[1.0, 0.7116087751371115]",seed_failures
m05_p01_s05,m05_p01,2,GT_SEMANTIC,component_aware_maxima,component_aware_maxima,per_component_greedy,2,3,0.0,0.8558043875685557,0.8558043875685557,1.0,1.0,0.0,0.0,1.0,0.0,0,1,"[1.0, 0.7116087751371115]",seed_failures
m05_p01_s05,m05_p01,2,PREDICTED_SEMANTIC,baseline_connected_components,connected_components,raw_cc,2,3,0.0,0.4290529480678532,0.4290529480678532,0.0,0.0,0.0,0.0,1.0,0.0,0,1,"[0.7875150327379626, 0.07059086339774377]",false_semantic_bridges
m05_p01_s05,m05_p01,2,PREDICTED_SEMANTIC,global_distance_maxima_r09,global_distance_maxima,radius9_rel0p08,2,3,0.0,0.4290529480678532,0.4290529480678532,0.0,0.0,0.0,0.0,1.0,0.0,0,1,"[0.7875150327379626, 0.07059086339774377]",false_semantic_bridges
m05_p01_s05,m05_p01,2,PREDICTED_SEMANTIC,global_distance_maxima_r15,global_distance_maxima,radius15_rel0p12,2,3,0.0,0.4290529480678532,0.4290529480678532,0.0,0.0,0.0,0.0,1.0,0.0,0,1,"[0.7875150327379626, 0.07059086339774377]",false_semantic_bridges
m05_p01_s05,m05_p01,2,PREDICTED_SEMANTIC,prominent_maxima_rel20,prominent_maxima,prominence0p20_radius12,2,3,0.0,0.4290529480678532,0.4290529480678532,0.0,0.0,0.0,0.0,1.0,0.0,0,1,"[0.7875150327379626, 0.07059086339774377]",false_semantic_bridges
m05_p01_s05,m05_p01,2,PREDICTED_SEMANTIC,prominent_maxima_rel30,prominent_maxima,prominence0p30_radius15,2,3,0.0,0.4290529480678532,0.4290529480678532,0.0,0.0,0.0,0.0,1.0,0.0,0,1,"[0.7875150327379626, 0.07059086339774377]",false_semantic_bridges
m05_p01_s05,m05_p01,2,PREDICTED_SEMANTIC,component_aware_maxima,component_aware_maxima,per_component_greedy,2,3,0.0,0.4290529480678532,0.4290529480678532,0.0,0.0,0.0,0.0,1.0,0.0,0,1,"[0.7875150327379626, 0.07059086339774377]",false_semantic_bridges
m05_p01_s06,m05_p01,2,GT_SEMANTIC,baseline_connected_components,connected_components,raw_cc,2,3,0.0,0.9825863335782512,0.9825863335782512,1.0,1.0,1.0,0.0,1.0,0.0,0,1,"[1.0, 0.9651726671565025]",seed_failures
m05_p01_s06,m05_p01,2,GT_SEMANTIC,global_distance_maxima_r09,global_distance_maxima,radius9_rel0p08,2,3,0.0,0.9825863335782512,0.9825863335782512,1.0,1.0,1.0,0.0,1.0,0.0,0,1,"[1.0, 0.9651726671565025]",seed_failures
m05_p01_s06,m05_p01,2,GT_SEMANTIC,global_distance_maxima_r15,global_distance_maxima,radius15_rel0p12,2,3,0.0,0.9825863335782512,0.9825863335782512,1.0,1.0,1.0,0.0,1.0,0.0,0,1,"[1.0, 0.9651726671565025]",seed_failures
m05_p01_s06,m05_p01,2,GT_SEMANTIC,prominent_maxima_rel20,prominent_maxima,prominence0p20_radius12,2,3,0.0,0.9825863335782512,0.9825863335782512,1.0,1.0,1.0,0.0,1.0,0.0,0,1,"[1.0, 0.9651726671565025]",seed_failures
m05_p01_s06,m05_p01,2,GT_SEMANTIC,prominent_maxima_rel30,prominent_maxima,prominence0p30_radius15,2,3,0.0,0.9825863335782512,0.9825863335782512,1.0,1.0,1.0,0.0,1.0,0.0,0,1,"[1.0, 0.9651726671565025]",seed_failures
m05_p01_s06,m05_p01,2,GT_SEMANTIC,component_aware_maxima,component_aware_maxima,per_component_greedy,2,3,0.0,0.9825863335782512,0.9825863335782512,1.0,1.0,1.0,0.0,1.0,0.0,0,1,"[1.0, 0.9651726671565025]",seed_failures
m05_p01_s06,m05_p01,2,PREDICTED_SEMANTIC,baseline_connected_components,connected_components,raw_cc,2,5,0.0,0.3690826628289832,0.3690826628289832,0.0,0.0,0.0,0.0,1.0,0.0,1,4,"[0.7381653256579664, 0.0]",false_semantic_bridges
m05_p01_s06,m05_p01,2,PREDICTED_SEMANTIC,global_distance_maxima_r09,global_distance_maxima,radius9_rel0p08,2,5,0.0,0.3690826628289832,0.3690826628289832,0.0,0.0,0.0,0.0,1.0,0.0,1,4,"[0.7381653256579664, 0.0]",false_semantic_bridges
m05_p01_s06,m05_p01,2,PREDICTED_SEMANTIC,global_distance_maxima_r15,global_distance_maxima,radius15_rel0p12,2,5,0.0,0.3690826628289832,0.3690826628289832,0.0,0.0,0.0,0.0,1.0,0.0,1,4,"[0.7381653256579664, 0.0]",false_semantic_bridges
m05_p01_s06,m05_p01,2,PREDICTED_SEMANTIC,prominent_maxima_rel20,prominent_maxima,prominence0p20_radius12,2,5,0.0,0.3690826628289832,0.3690826628289832,0.0,0.0,0.0,0.0,1.0,0.0,1,4,"[0.7381653256579664, 0.0]",false_semantic_bridges
m05_p01_s06,m05_p01,2,PREDICTED_SEMANTIC,prominent_maxima_rel30,prominent_maxima,prominence0p30_radius15,2,5,0.0,0.3690826628289832,0.3690826628289832,0.0,0.0,0.0,0.0,1.0,0.0,1,4,"[0.7381653256579664, 0.0]",false_semantic_bridges
m05_p01_s06,m05_p01,2,PREDICTED_SEMANTIC,component_aware_maxima,component_aware_maxima,per_component_greedy,2,5,0.0,0.3690826628289832,0.3690826628289832,0.0,0.0,0.0,0.0,1.0,0.0,1,4,"[0.7381653256579664, 0.0]",false_semantic_bridges
m05_p01_s07,m05_p01,1,GT_SEMANTIC,baseline_connected_components,connected_components,raw_cc,1,1,1.0,1.0,1.0,1.0,1.0,1.0,0.0,0.0,1.0,0,0,[1.0],seed_failures
m05_p01_s07,m05_p01,1,GT_SEMANTIC,global_distance_maxima_r09,global_distance_maxima,radius9_rel0p08,1,1,1.0,1.0,1.0,1.0,1.0,1.0,0.0,0.0,1.0,0,0,[1.0],other
m05_p01_s07,m05_p01,1,GT_SEMANTIC,global_distance_maxima_r15,global_distance_maxima,radius15_rel0p12,1,1,1.0,1.0,1.0,1.0,1.0,1.0,0.0,0.0,1.0,0,0,[1.0],other
m05_p01_s07,m05_p01,1,GT_SEMANTIC,prominent_maxima_rel20,prominent_maxima,prominence0p20_radius12,1,1,1.0,1.0,1.0,1.0,1.0,1.0,0.0,0.0,1.0,0,0,[1.0],other
m05_p01_s07,m05_p01,1,GT_SEMANTIC,prominent_maxima_rel30,prominent_maxima,prominence0p30_radius15,1,1,1.0,1.0,1.0,1.0,1.0,1.0,0.0,0.0,1.0,0,0,[1.0],other
m05_p01_s07,m05_p01,1,GT_SEMANTIC,component_aware_maxima,component_aware_maxima,per_component_greedy,1,1,1.0,1.0,1.0,1.0,1.0,1.0,0.0,0.0,1.0,0,0,[1.0],other
m05_p01_s07,m05_p01,1,PREDICTED_SEMANTIC,baseline_connected_components,connected_components,raw_cc,1,1,1.0,0.8490273775216138,0.8490273775216138,1.0,1.0,1.0,0.0,0.0,0.0,0,0,[0.8490273775216138],seed_failures
m05_p01_s07,m05_p01,1,PREDICTED_SEMANTIC,global_distance_maxima_r09,global_distance_maxima,radius9_rel0p08,1,1,1.0,0.8490273775216138,0.8490273775216138,1.0,1.0,1.0,0.0,0.0,0.0,0,0,[0.8490273775216138],other
m05_p01_s07,m05_p01,1,PREDICTED_SEMANTIC,global_distance_maxima_r15,global_distance_maxima,radius15_rel0p12,1,1,1.0,0.8490273775216138,0.8490273775216138,1.0,1.0,1.0,0.0,0.0,0.0,0,0,[0.8490273775216138],other
m05_p01_s07,m05_p01,1,PREDICTED_SEMANTIC,prominent_maxima_rel20,prominent_maxima,prominence0p20_radius12,1,1,1.0,0.8490273775216138,0.8490273775216138,1.0,1.0,1.0,0.0,0.0,0.0,0,0,[0.8490273775216138],other
m05_p01_s07,m05_p01,1,PREDICTED_SEMANTIC,prominent_maxima_rel30,prominent_maxima,prominence0p30_radius15,1,1,1.0,0.8490273775216138,0.8490273775216138,1.0,1.0,1.0,0.0,0.0,0.0,0,0,[0.8490273775216138],other
m05_p01_s07,m05_p01,1,PREDICTED_SEMANTIC,component_aware_maxima,component_aware_maxima,per_component_greedy,1,1,1.0,0.8490273775216138,0.8490273775216138,1.0,1.0,1.0,0.0,0.0,0.0,0,0,[0.8490273775216138],other
m05_p01_s08,m05_p01,1,GT_SEMANTIC,baseline_connected_components,connected_components,raw_cc,1,2,0.0,0.7958897164918302,0.7958897164918302,1.0,1.0,0.0,0.0,1.0,0.0,0,1,[0.7958897164918302],seed_failures
m05_p01_s08,m05_p01,1,GT_SEMANTIC,global_distance_maxima_r09,global_distance_maxima,radius9_rel0p08,1,2,0.0,0.7958897164918302,0.7958897164918302,1.0,1.0,0.0,0.0,1.0,0.0,0,1,[0.7958897164918302],seed_failures
m05_p01_s08,m05_p01,1,GT_SEMANTIC,global_distance_maxima_r15,global_distance_maxima,radius15_rel0p12,1,2,0.0,0.7958897164918302,0.7958897164918302,1.0,1.0,0.0,0.0,1.0,0.0,0,1,[0.7958897164918302],seed_failures
m05_p01_s08,m05_p01,1,GT_SEMANTIC,prominent_maxima_rel20,prominent_maxima,prominence0p20_radius12,1,2,0.0,0.7958897164918302,0.7958897164918302,1.0,1.0,0.0,0.0,1.0,0.0,0,1,[0.7958897164918302],seed_failures
m05_p01_s08,m05_p01,1,GT_SEMANTIC,prominent_maxima_rel30,prominent_maxima,prominence0p30_radius15,1,2,0.0,0.7958897164918302,0.7958897164918302,1.0,1.0,0.0,0.0,1.0,0.0,0,1,[0.7958897164918302],seed_failures
m05_p01_s08,m05_p01,1,GT_SEMANTIC,component_aware_maxima,component_aware_maxima,per_component_greedy,1,2,0.0,0.7958897164918302,0.7958897164918302,1.0,1.0,0.0,0.0,1.0,0.0,0,1,[0.7958897164918302],seed_failures
m05_p01_s08,m05_p01,1,PREDICTED_SEMANTIC,baseline_connected_components,connected_components,raw_cc,1,1,1.0,0.7621535335945436,0.7621535335945436,1.0,1.0,0.0,0.0,0.0,0.0,0,0,[0.7621535335945436],missing_semantic_tissue
m05_p01_s08,m05_p01,1,PREDICTED_SEMANTIC,global_distance_maxima_r09,global_distance_maxima,radius9_rel0p08,1,1,1.0,0.7621535335945436,0.7621535335945436,1.0,1.0,0.0,0.0,0.0,0.0,0,0,[0.7621535335945436],missing_semantic_tissue
m05_p01_s08,m05_p01,1,PREDICTED_SEMANTIC,global_distance_maxima_r15,global_distance_maxima,radius15_rel0p12,1,1,1.0,0.7621535335945436,0.7621535335945436,1.0,1.0,0.0,0.0,0.0,0.0,0,0,[0.7621535335945436],missing_semantic_tissue
m05_p01_s08,m05_p01,1,PREDICTED_SEMANTIC,prominent_maxima_rel20,prominent_maxima,prominence0p20_radius12,1,1,1.0,0.7621535335945436,0.7621535335945436,1.0,1.0,0.0,0.0,0.0,0.0,0,0,[0.7621535335945436],missing_semantic_tissue
m05_p01_s08,m05_p01,1,PREDICTED_SEMANTIC,prominent_maxima_rel30,prominent_maxima,prominence0p30_radius15,1,1,1.0,0.7621535335945436,0.7621535335945436,1.0,1.0,0.0,0.0,0.0,0.0,0,0,[0.7621535335945436],missing_semantic_tissue
m05_p01_s08,m05_p01,1,PREDICTED_SEMANTIC,component_aware_maxima,component_aware_maxima,per_component_greedy,1,1,1.0,0.7621535335945436,0.7621535335945436,1.0,1.0,0.0,0.0,0.0,0.0,0,0,[0.7621535335945436],missing_semantic_tissue
m05_p01_s09,m05_p01,3,GT_SEMANTIC,baseline_connected_components,connected_components,raw_cc,3,3,1.0,1.0,1.0,1.0,1.0,1.0,0.0,0.0,1.0,0,0,"[1.0, 1.0, 1.0]",seed_failures
m05_p01_s09,m05_p01,3,GT_SEMANTIC,global_distance_maxima_r09,global_distance_maxima,radius9_rel0p08,3,3,1.0,1.0,1.0,1.0,1.0,1.0,0.0,0.0,1.0,0,0,"[1.0, 1.0, 1.0]",other
m05_p01_s09,m05_p01,3,GT_SEMANTIC,global_distance_maxima_r15,global_distance_maxima,radius15_rel0p12,3,3,1.0,1.0,1.0,1.0,1.0,1.0,0.0,0.0,1.0,0,0,"[1.0, 1.0, 1.0]",other
m05_p01_s09,m05_p01,3,GT_SEMANTIC,prominent_maxima_rel20,prominent_maxima,prominence0p20_radius12,3,3,1.0,1.0,1.0,1.0,1.0,1.0,0.0,0.0,1.0,0,0,"[1.0, 1.0, 1.0]",other
m05_p01_s09,m05_p01,3,GT_SEMANTIC,prominent_maxima_rel30,prominent_maxima,prominence0p30_radius15,3,3,1.0,1.0,1.0,1.0,1.0,1.0,0.0,0.0,1.0,0,0,"[1.0, 1.0, 1.0]",other
m05_p01_s09,m05_p01,3,GT_SEMANTIC,component_aware_maxima,component_aware_maxima,per_component_greedy,3,3,1.0,1.0,1.0,1.0,1.0,1.0,0.0,0.0,1.0,0,0,"[1.0, 1.0, 1.0]",other
m05_p01_s09,m05_p01,3,PREDICTED_SEMANTIC,baseline_connected_components,connected_components,raw_cc,3,3,1.0,0.17701483261498271,0.00043316295590401107,0.0,0.0,0.0,0.0,0.0,0.0,1,1,"[0.00043316295590401107, 0.0, 0.5306113348890441]",missing_semantic_tissue
m05_p01_s09,m05_p01,3,PREDICTED_SEMANTIC,global_distance_maxima_r09,global_distance_maxima,radius9_rel0p08,3,3,1.0,0.17701483261498271,0.00043316295590401107,0.0,0.0,0.0,0.0,0.0,0.0,1,1,"[0.00043316295590401107, 0.0, 0.5306113348890441]",missing_semantic_tissue
m05_p01_s09,m05_p01,3,PREDICTED_SEMANTIC,global_distance_maxima_r15,global_distance_maxima,radius15_rel0p12,3,3,1.0,0.17701483261498271,0.00043316295590401107,0.0,0.0,0.0,0.0,0.0,0.0,1,1,"[0.00043316295590401107, 0.0, 0.5306113348890441]",missing_semantic_tissue
m05_p01_s09,m05_p01,3,PREDICTED_SEMANTIC,prominent_maxima_rel20,prominent_maxima,prominence0p20_radius12,3,3,1.0,0.17701483261498271,0.00043316295590401107,0.0,0.0,0.0,0.0,0.0,0.0,1,1,"[0.00043316295590401107, 0.0, 0.5306113348890441]",missing_semantic_tissue
m05_p01_s09,m05_p01,3,PREDICTED_SEMANTIC,prominent_maxima_rel30,prominent_maxima,prominence0p30_radius15,3,3,1.0,0.17701483261498271,0.00043316295590401107,0.0,0.0,0.0,0.0,0.0,0.0,1,1,"[0.00043316295590401107, 0.0, 0.5306113348890441]",missing_semantic_tissue
m05_p01_s09,m05_p01,3,PREDICTED_SEMANTIC,component_aware_maxima,component_aware_maxima,per_component_greedy,3,3,1.0,0.17701483261498271,0.00043316295590401107,0.0,0.0,0.0,0.0,0.0,0.0,1,1,"[0.00043316295590401107, 0.0, 0.5306113348890441]",missing_semantic_tissue
m05_p01_s10,m05_p01,2,GT_SEMANTIC,baseline_connected_components,connected_components,raw_cc,2,9,0.0,0.9996381007527504,0.9996381007527504,1.0,1.0,1.0,0.0,1.0,0.0,0,7,"[1.0, 0.9992762015055009]",seed_failures
m05_p01_s10,m05_p01,2,GT_SEMANTIC,global_distance_maxima_r09,global_distance_maxima,radius9_rel0p08,2,9,0.0,0.9996381007527504,0.9996381007527504,1.0,1.0,1.0,0.0,1.0,0.0,0,7,"[1.0, 0.9992762015055009]",seed_failures
m05_p01_s10,m05_p01,2,GT_SEMANTIC,global_distance_maxima_r15,global_distance_maxima,radius15_rel0p12,2,9,0.0,0.9996381007527504,0.9996381007527504,1.0,1.0,1.0,0.0,1.0,0.0,0,7,"[1.0, 0.9992762015055009]",seed_failures
m05_p01_s10,m05_p01,2,GT_SEMANTIC,prominent_maxima_rel20,prominent_maxima,prominence0p20_radius12,2,9,0.0,0.9996381007527504,0.9996381007527504,1.0,1.0,1.0,0.0,1.0,0.0,0,7,"[1.0, 0.9992762015055009]",seed_failures
m05_p01_s10,m05_p01,2,GT_SEMANTIC,prominent_maxima_rel30,prominent_maxima,prominence0p30_radius15,2,9,0.0,0.9996381007527504,0.9996381007527504,1.0,1.0,1.0,0.0,1.0,0.0,0,7,"[1.0, 0.9992762015055009]",seed_failures
m05_p01_s10,m05_p01,2,GT_SEMANTIC,component_aware_maxima,component_aware_maxima,per_component_greedy,2,9,0.0,0.9996381007527504,0.9996381007527504,1.0,1.0,1.0,0.0,1.0,0.0,0,7,"[1.0, 0.9992762015055009]",seed_failures
m05_p01_s10,m05_p01,2,PREDICTED_SEMANTIC,baseline_connected_components,connected_components,raw_cc,2,4,0.0,0.7900817262542013,0.7900817262542013,1.0,1.0,0.0,0.0,1.0,0.0,0,2,"[0.8671694258330078, 0.7129940266753948]",false_semantic_bridges
m05_p01_s10,m05_p01,2,PREDICTED_SEMANTIC,global_distance_maxima_r09,global_distance_maxima,radius9_rel0p08,2,4,0.0,0.7900817262542013,0.7900817262542013,1.0,1.0,0.0,0.0,1.0,0.0,0,2,"[0.8671694258330078, 0.7129940266753948]",false_semantic_bridges
m05_p01_s10,m05_p01,2,PREDICTED_SEMANTIC,global_distance_maxima_r15,global_distance_maxima,radius15_rel0p12,2,4,0.0,0.7900817262542013,0.7900817262542013,1.0,1.0,0.0,0.0,1.0,0.0,0,2,"[0.8671694258330078, 0.7129940266753948]",false_semantic_bridges
m05_p01_s10,m05_p01,2,PREDICTED_SEMANTIC,prominent_maxima_rel20,prominent_maxima,prominence0p20_radius12,2,4,0.0,0.7900817262542013,0.7900817262542013,1.0,1.0,0.0,0.0,1.0,0.0,0,2,"[0.8671694258330078, 0.7129940266753948]",false_semantic_bridges
m05_p01_s10,m05_p01,2,PREDICTED_SEMANTIC,prominent_maxima_rel30,prominent_maxima,prominence0p30_radius15,2,4,0.0,0.7900817262542013,0.7900817262542013,1.0,1.0,0.0,0.0,1.0,0.0,0,2,"[0.8671694258330078, 0.7129940266753948]",false_semantic_bridges
m05_p01_s10,m05_p01,2,PREDICTED_SEMANTIC,component_aware_maxima,component_aware_maxima,per_component_greedy,2,4,0.0,0.7900817262542013,0.7900817262542013,1.0,1.0,0.0,0.0,1.0,0.0,0,2,"[0.8671694258330078, 0.7129940266753948]",false_semantic_bridges
m05_p01_s11,m05_p01,1,GT_SEMANTIC,baseline_connected_components,connected_components,raw_cc,1,2,0.0,0.7154465089195914,0.7154465089195914,1.0,1.0,0.0,0.0,1.0,0.0,0,1,[0.7154465089195914],seed_failures
m05_p01_s11,m05_p01,1,GT_SEMANTIC,global_distance_maxima_r09,global_distance_maxima,radius9_rel0p08,1,2,0.0,0.7154465089195914,0.7154465089195914,1.0,1.0,0.0,0.0,1.0,0.0,0,1,[0.7154465089195914],seed_failures
m05_p01_s11,m05_p01,1,GT_SEMANTIC,global_distance_maxima_r15,global_distance_maxima,radius15_rel0p12,1,2,0.0,0.7154465089195914,0.7154465089195914,1.0,1.0,0.0,0.0,1.0,0.0,0,1,[0.7154465089195914],seed_failures
m05_p01_s11,m05_p01,1,GT_SEMANTIC,prominent_maxima_rel20,prominent_maxima,prominence0p20_radius12,1,2,0.0,0.7154465089195914,0.7154465089195914,1.0,1.0,0.0,0.0,1.0,0.0,0,1,[0.7154465089195914],seed_failures
m05_p01_s11,m05_p01,1,GT_SEMANTIC,prominent_maxima_rel30,prominent_maxima,prominence0p30_radius15,1,2,0.0,0.7154465089195914,0.7154465089195914,1.0,1.0,0.0,0.0,1.0,0.0,0,1,[0.7154465089195914],seed_failures
m05_p01_s11,m05_p01,1,GT_SEMANTIC,component_aware_maxima,component_aware_maxima,per_component_greedy,1,2,0.0,0.7154465089195914,0.7154465089195914,1.0,1.0,0.0,0.0,1.0,0.0,0,1,[0.7154465089195914],seed_failures
m05_p01_s11,m05_p01,1,PREDICTED_SEMANTIC,baseline_connected_components,connected_components,raw_cc,1,5,0.0,0.5771894187710632,0.5771894187710632,1.0,0.0,0.0,0.0,1.0,0.0,0,4,[0.5771894187710632],seed_failures
m05_p01_s11,m05_p01,1,PREDICTED_SEMANTIC,global_distance_maxima_r09,global_distance_maxima,radius9_rel0p08,1,5,0.0,0.5771894187710632,0.5771894187710632,1.0,0.0,0.0,0.0,1.0,0.0,0,4,[0.5771894187710632],seed_failures
m05_p01_s11,m05_p01,1,PREDICTED_SEMANTIC,global_distance_maxima_r15,global_distance_maxima,radius15_rel0p12,1,5,0.0,0.5771894187710632,0.5771894187710632,1.0,0.0,0.0,0.0,1.0,0.0,0,4,[0.5771894187710632],seed_failures
m05_p01_s11,m05_p01,1,PREDICTED_SEMANTIC,prominent_maxima_rel20,prominent_maxima,prominence0p20_radius12,1,5,0.0,0.5771894187710632,0.5771894187710632,1.0,0.0,0.0,0.0,1.0,0.0,0,4,[0.5771894187710632],seed_failures
m05_p01_s11,m05_p01,1,PREDICTED_SEMANTIC,prominent_maxima_rel30,prominent_maxima,prominence0p30_radius15,1,5,0.0,0.5771894187710632,0.5771894187710632,1.0,0.0,0.0,0.0,1.0,0.0,0,4,[0.5771894187710632],seed_failures
m05_p01_s11,m05_p01,1,PREDICTED_SEMANTIC,component_aware_maxima,component_aware_maxima,per_component_greedy,1,5,0.0,0.5771894187710632,0.5771894187710632,1.0,0.0,0.0,0.0,1.0,0.0,0,4,[0.5771894187710632],seed_failures
m05_p01_s12,m05_p01,3,GT_SEMANTIC,baseline_connected_components,connected_components,raw_cc,3,3,1.0,1.0,1.0,1.0,1.0,1.0,0.0,0.0,1.0,0,0,"[1.0, 1.0, 1.0]",seed_failures
m05_p01_s12,m05_p01,3,GT_SEMANTIC,global_distance_maxima_r09,global_distance_maxima,radius9_rel0p08,3,3,1.0,1.0,1.0,1.0,1.0,1.0,0.0,0.0,1.0,0,0,"[1.0, 1.0, 1.0]",other
m05_p01_s12,m05_p01,3,GT_SEMANTIC,global_distance_maxima_r15,global_distance_maxima,radius15_rel0p12,3,3,1.0,1.0,1.0,1.0,1.0,1.0,0.0,0.0,1.0,0,0,"[1.0, 1.0, 1.0]",other
m05_p01_s12,m05_p01,3,GT_SEMANTIC,prominent_maxima_rel20,prominent_maxima,prominence0p20_radius12,3,3,1.0,1.0,1.0,1.0,1.0,1.0,0.0,0.0,1.0,0,0,"[1.0, 1.0, 1.0]",other
m05_p01_s12,m05_p01,3,GT_SEMANTIC,prominent_maxima_rel30,prominent_maxima,prominence0p30_radius15,3,3,1.0,1.0,1.0,1.0,1.0,1.0,0.0,0.0,1.0,0,0,"[1.0, 1.0, 1.0]",other
m05_p01_s12,m05_p01,3,GT_SEMANTIC,component_aware_maxima,component_aware_maxima,per_component_greedy,3,3,1.0,1.0,1.0,1.0,1.0,1.0,0.0,0.0,1.0,0,0,"[1.0, 1.0, 1.0]",other
m05_p01_s12,m05_p01,3,PREDICTED_SEMANTIC,baseline_connected_components,connected_components,raw_cc,3,5,0.0,0.8151649481588822,0.8204703935704999,1.0,1.0,0.0,0.0,1.0,0.0,0,2,"[0.860111367649056, 0.8204703935704999, 0.7649130832570906]",false_semantic_bridges
m05_p01_s12,m05_p01,3,PREDICTED_SEMANTIC,global_distance_maxima_r09,global_distance_maxima,radius9_rel0p08,3,5,0.0,0.8151649481588822,0.8204703935704999,1.0,1.0,0.0,0.0,1.0,0.0,0,2,"[0.860111367649056, 0.8204703935704999, 0.7649130832570906]",false_semantic_bridges
m05_p01_s12,m05_p01,3,PREDICTED_SEMANTIC,global_distance_maxima_r15,global_distance_maxima,radius15_rel0p12,3,5,0.0,0.8151649481588822,0.8204703935704999,1.0,1.0,0.0,0.0,1.0,0.0,0,2,"[0.860111367649056, 0.8204703935704999, 0.7649130832570906]",false_semantic_bridges
m05_p01_s12,m05_p01,3,PREDICTED_SEMANTIC,prominent_maxima_rel20,prominent_maxima,prominence0p20_radius12,3,5,0.0,0.8151649481588822,0.8204703935704999,1.0,1.0,0.0,0.0,1.0,0.0,0,2,"[0.860111367649056, 0.8204703935704999, 0.7649130832570906]",false_semantic_bridges
m05_p01_s12,m05_p01,3,PREDICTED_SEMANTIC,prominent_maxima_rel30,prominent_maxima,prominence0p30_radius15,3,5,0.0,0.8151649481588822,0.8204703935704999,1.0,1.0,0.0,0.0,1.0,0.0,0,2,"[0.860111367649056, 0.8204703935704999, 0.7649130832570906]",false_semantic_bridges
m05_p01_s12,m05_p01,3,PREDICTED_SEMANTIC,component_aware_maxima,component_aware_maxima,per_component_greedy,3,5,0.0,0.8151649481588822,0.8204703935704999,1.0,1.0,0.0,0.0,1.0,0.0,0,2,"[0.860111367649056, 0.8204703935704999, 0.7649130832570906]",false_semantic_bridges
m05_p01_s15,m05_p01,2,GT_SEMANTIC,baseline_connected_components,connected_components,raw_cc,2,3,0.0,0.9660094637223975,0.9660094637223975,1.0,1.0,1.0,0.0,1.0,0.0,0,1,"[1.0, 0.932018927444795]",seed_failures
m05_p01_s15,m05_p01,2,GT_SEMANTIC,global_distance_maxima_r09,global_distance_maxima,radius9_rel0p08,2,3,0.0,0.9660094637223975,0.9660094637223975,1.0,1.0,1.0,0.0,1.0,0.0,0,1,"[1.0, 0.932018927444795]",seed_failures
m05_p01_s15,m05_p01,2,GT_SEMANTIC,global_distance_maxima_r15,global_distance_maxima,radius15_rel0p12,2,3,0.0,0.9660094637223975,0.9660094637223975,1.0,1.0,1.0,0.0,1.0,0.0,0,1,"[1.0, 0.932018927444795]",seed_failures
m05_p01_s15,m05_p01,2,GT_SEMANTIC,prominent_maxima_rel20,prominent_maxima,prominence0p20_radius12,2,3,0.0,0.9660094637223975,0.9660094637223975,1.0,1.0,1.0,0.0,1.0,0.0,0,1,"[1.0, 0.932018927444795]",seed_failures
m05_p01_s15,m05_p01,2,GT_SEMANTIC,prominent_maxima_rel30,prominent_maxima,prominence0p30_radius15,2,3,0.0,0.9660094637223975,0.9660094637223975,1.0,1.0,1.0,0.0,1.0,0.0,0,1,"[1.0, 0.932018927444795]",seed_failures
m05_p01_s15,m05_p01,2,GT_SEMANTIC,component_aware_maxima,component_aware_maxima,per_component_greedy,2,3,0.0,0.9660094637223975,0.9660094637223975,1.0,1.0,1.0,0.0,1.0,0.0,0,1,"[1.0, 0.932018927444795]",seed_failures
m05_p01_s15,m05_p01,2,PREDICTED_SEMANTIC,baseline_connected_components,connected_components,raw_cc,2,3,0.0,0.8123628642921277,0.8123628642921277,1.0,1.0,0.0,0.0,1.0,0.0,0,1,"[0.8831849430857658, 0.7415407854984895]",seed_failures
m05_p01_s15,m05_p01,2,PREDICTED_SEMANTIC,global_distance_maxima_r09,global_distance_maxima,radius9_rel0p08,2,3,0.0,0.8123628642921277,0.8123628642921277,1.0,1.0,0.0,0.0,1.0,0.0,0,1,"[0.8831849430857658, 0.7415407854984895]",seed_failures
m05_p01_s15,m05_p01,2,PREDICTED_SEMANTIC,global_distance_maxima_r15,global_distance_maxima,radius15_rel0p12,2,3,0.0,0.8123628642921277,0.8123628642921277,1.0,1.0,0.0,0.0,1.0,0.0,0,1,"[0.8831849430857658, 0.7415407854984895]",seed_failures
m05_p01_s15,m05_p01,2,PREDICTED_SEMANTIC,prominent_maxima_rel20,prominent_maxima,prominence0p20_radius12,2,3,0.0,0.8123628642921277,0.8123628642921277,1.0,1.0,0.0,0.0,1.0,0.0,0,1,"[0.8831849430857658, 0.7415407854984895]",seed_failures
m05_p01_s15,m05_p01,2,PREDICTED_SEMANTIC,prominent_maxima_rel30,prominent_maxima,prominence0p30_radius15,2,3,0.0,0.8123628642921277,0.8123628642921277,1.0,1.0,0.0,0.0,1.0,0.0,0,1,"[0.8831849430857658, 0.7415407854984895]",seed_failures
m05_p01_s15,m05_p01,2,PREDICTED_SEMANTIC,component_aware_maxima,component_aware_maxima,per_component_greedy,2,3,0.0,0.8123628642921277,0.8123628642921277,1.0,1.0,0.0,0.0,1.0,0.0,0,1,"[0.8831849430857658, 0.7415407854984895]",seed_failures
m05_p01_s16,m05_p01,1,GT_SEMANTIC,baseline_connected_components,connected_components,raw_cc,1,1,1.0,1.0,1.0,1.0,1.0,1.0,0.0,0.0,1.0,0,0,[1.0],seed_failures
m05_p01_s16,m05_p01,1,GT_SEMANTIC,global_distance_maxima_r09,global_distance_maxima,radius9_rel0p08,1,1,1.0,1.0,1.0,1.0,1.0,1.0,0.0,0.0,1.0,0,0,[1.0],other
m05_p01_s16,m05_p01,1,GT_SEMANTIC,global_distance_maxima_r15,global_distance_maxima,radius15_rel0p12,1,1,1.0,1.0,1.0,1.0,1.0,1.0,0.0,0.0,1.0,0,0,[1.0],other
m05_p01_s16,m05_p01,1,GT_SEMANTIC,prominent_maxima_rel20,prominent_maxima,prominence0p20_radius12,1,1,1.0,1.0,1.0,1.0,1.0,1.0,0.0,0.0,1.0,0,0,[1.0],other
m05_p01_s16,m05_p01,1,GT_SEMANTIC,prominent_maxima_rel30,prominent_maxima,prominence0p30_radius15,1,1,1.0,1.0,1.0,1.0,1.0,1.0,0.0,0.0,1.0,0,0,[1.0],other
m05_p01_s16,m05_p01,1,GT_SEMANTIC,component_aware_maxima,component_aware_maxima,per_component_greedy,1,1,1.0,1.0,1.0,1.0,1.0,1.0,0.0,0.0,1.0,0,0,[1.0],other
m05_p01_s16,m05_p01,1,PREDICTED_SEMANTIC,baseline_connected_components,connected_components,raw_cc,1,1,1.0,0.7571387052241517,0.7571387052241517,1.0,1.0,0.0,0.0,0.0,0.0,0,0,[0.7571387052241517],seed_failures
m05_p01_s16,m05_p01,1,PREDICTED_SEMANTIC,global_distance_maxima_r09,global_distance_maxima,radius9_rel0p08,1,1,1.0,0.7571387052241517,0.7571387052241517,1.0,1.0,0.0,0.0,0.0,0.0,0,0,[0.7571387052241517],other
m05_p01_s16,m05_p01,1,PREDICTED_SEMANTIC,global_distance_maxima_r15,global_distance_maxima,radius15_rel0p12,1,1,1.0,0.7571387052241517,0.7571387052241517,1.0,1.0,0.0,0.0,0.0,0.0,0,0,[0.7571387052241517],other
m05_p01_s16,m05_p01,1,PREDICTED_SEMANTIC,prominent_maxima_rel20,prominent_maxima,prominence0p20_radius12,1,1,1.0,0.7571387052241517,0.7571387052241517,1.0,1.0,0.0,0.0,0.0,0.0,0,0,[0.7571387052241517],other
m05_p01_s16,m05_p01,1,PREDICTED_SEMANTIC,prominent_maxima_rel30,prominent_maxima,prominence0p30_radius15,1,1,1.0,0.7571387052241517,0.7571387052241517,1.0,1.0,0.0,0.0,0.0,0.0,0,0,[0.7571387052241517],other
m05_p01_s16,m05_p01,1,PREDICTED_SEMANTIC,component_aware_maxima,component_aware_maxima,per_component_greedy,1,1,1.0,0.7571387052241517,0.7571387052241517,1.0,1.0,0.0,0.0,0.0,0.0,0,0,[0.7571387052241517],other
m05_p01_s17,m05_p01,1,GT_SEMANTIC,baseline_connected_components,connected_components,raw_cc,1,4,0.0,0.6073847409220726,0.6073847409220726,1.0,0.0,0.0,0.0,1.0,0.0,0,3,[0.6073847409220726],seed_failures
m05_p01_s17,m05_p01,1,GT_SEMANTIC,global_distance_maxima_r09,global_distance_maxima,radius9_rel0p08,1,4,0.0,0.6073847409220726,0.6073847409220726,1.0,0.0,0.0,0.0,1.0,0.0,0,3,[0.6073847409220726],seed_failures
m05_p01_s17,m05_p01,1,GT_SEMANTIC,global_distance_maxima_r15,global_distance_maxima,radius15_rel0p12,1,4,0.0,0.6073847409220726,0.6073847409220726,1.0,0.0,0.0,0.0,1.0,0.0,0,3,[0.6073847409220726],seed_failures
m05_p01_s17,m05_p01,1,GT_SEMANTIC,prominent_maxima_rel20,prominent_maxima,prominence0p20_radius12,1,4,0.0,0.6073847409220726,0.6073847409220726,1.0,0.0,0.0,0.0,1.0,0.0,0,3,[0.6073847409220726],seed_failures
m05_p01_s17,m05_p01,1,GT_SEMANTIC,prominent_maxima_rel30,prominent_maxima,prominence0p30_radius15,1,4,0.0,0.6073847409220726,0.6073847409220726,1.0,0.0,0.0,0.0,1.0,0.0,0,3,[0.6073847409220726],seed_failures
m05_p01_s17,m05_p01,1,GT_SEMANTIC,component_aware_maxima,component_aware_maxima,per_component_greedy,1,4,0.0,0.6073847409220726,0.6073847409220726,1.0,0.0,0.0,0.0,1.0,0.0,0,3,[0.6073847409220726],seed_failures
m05_p01_s17,m05_p01,1,PREDICTED_SEMANTIC,baseline_connected_components,connected_components,raw_cc,1,1,1.0,0.8373254907518957,0.8373254907518957,1.0,1.0,1.0,0.0,0.0,0.0,0,0,[0.8373254907518957],seed_failures
m05_p01_s17,m05_p01,1,PREDICTED_SEMANTIC,global_distance_maxima_r09,global_distance_maxima,radius9_rel0p08,1,1,1.0,0.8373254907518957,0.8373254907518957,1.0,1.0,1.0,0.0,0.0,0.0,0,0,[0.8373254907518957],other
m05_p01_s17,m05_p01,1,PREDICTED_SEMANTIC,global_distance_maxima_r15,global_distance_maxima,radius15_rel0p12,1,1,1.0,0.8373254907518957,0.8373254907518957,1.0,1.0,1.0,0.0,0.0,0.0,0,0,[0.8373254907518957],other
m05_p01_s17,m05_p01,1,PREDICTED_SEMANTIC,prominent_maxima_rel20,prominent_maxima,prominence0p20_radius12,1,1,1.0,0.8373254907518957,0.8373254907518957,1.0,1.0,1.0,0.0,0.0,0.0,0,0,[0.8373254907518957],other
m05_p01_s17,m05_p01,1,PREDICTED_SEMANTIC,prominent_maxima_rel30,prominent_maxima,prominence0p30_radius15,1,1,1.0,0.8373254907518957,0.8373254907518957,1.0,1.0,1.0,0.0,0.0,0.0,0,0,[0.8373254907518957],other
m05_p01_s17,m05_p01,1,PREDICTED_SEMANTIC,component_aware_maxima,component_aware_maxima,per_component_greedy,1,1,1.0,0.8373254907518957,0.8373254907518957,1.0,1.0,1.0,0.0,0.0,0.0,0,0,[0.8373254907518957],other
m05_p01_s18,m05_p01,3,GT_SEMANTIC,baseline_connected_components,connected_components,raw_cc,3,3,1.0,1.0,1.0,1.0,1.0,1.0,0.0,0.0,1.0,0,0,"[1.0, 1.0, 1.0]",seed_failures
m05_p01_s18,m05_p01,3,GT_SEMANTIC,global_distance_maxima_r09,global_distance_maxima,radius9_rel0p08,3,3,1.0,1.0,1.0,1.0,1.0,1.0,0.0,0.0,1.0,0,0,"[1.0, 1.0, 1.0]",other
m05_p01_s18,m05_p01,3,GT_SEMANTIC,global_distance_maxima_r15,global_distance_maxima,radius15_rel0p12,3,3,1.0,1.0,1.0,1.0,1.0,1.0,0.0,0.0,1.0,0,0,"[1.0, 1.0, 1.0]",other
m05_p01_s18,m05_p01,3,GT_SEMANTIC,prominent_maxima_rel20,prominent_maxima,prominence0p20_radius12,3,3,1.0,1.0,1.0,1.0,1.0,1.0,0.0,0.0,1.0,0,0,"[1.0, 1.0, 1.0]",other
m05_p01_s18,m05_p01,3,GT_SEMANTIC,prominent_maxima_rel30,prominent_maxima,prominence0p30_radius15,3,3,1.0,1.0,1.0,1.0,1.0,1.0,0.0,0.0,1.0,0,0,"[1.0, 1.0, 1.0]",other
m05_p01_s18,m05_p01,3,GT_SEMANTIC,component_aware_maxima,component_aware_maxima,per_component_greedy,3,3,1.0,1.0,1.0,1.0,1.0,1.0,0.0,0.0,1.0,0,0,"[1.0, 1.0, 1.0]",other
m05_p01_s18,m05_p01,3,PREDICTED_SEMANTIC,baseline_connected_components,connected_components,raw_cc,3,2,0.0,0.41675803127343963,0.5683190049387232,0.0,0.0,0.0,1.0,0.0,0.0,1,0,"[0.9212662094576383, 0.0, 0.5683190049387232]",false_semantic_bridges
m05_p01_s18,m05_p01,3,PREDICTED_SEMANTIC,global_distance_maxima_r09,global_distance_maxima,radius9_rel0p08,3,3,1.0,0.35380875769276704,0.49310726813957784,0.0,0.0,0.0,0.0,0.0,0.0,1,1,"[0.49310726813957784, 0.0, 0.5683190049387232]",false_semantic_bridges
m05_p01_s18,m05_p01,3,PREDICTED_SEMANTIC,global_distance_maxima_r15,global_distance_maxima,radius15_rel0p12,3,3,1.0,0.35135732478407516,0.4857529694135024,0.0,0.0,0.0,0.0,0.0,0.0,1,1,"[0.4857529694135024, 0.0, 0.5683190049387232]",false_semantic_bridges
m05_p01_s18,m05_p01,3,PREDICTED_SEMANTIC,prominent_maxima_rel20,prominent_maxima,prominence0p20_radius12,3,3,1.0,0.35380875769276704,0.49310726813957784,0.0,0.0,0.0,0.0,0.0,0.0,1,1,"[0.49310726813957784, 0.0, 0.5683190049387232]",false_semantic_bridges
m05_p01_s18,m05_p01,3,PREDICTED_SEMANTIC,prominent_maxima_rel30,prominent_maxima,prominence0p30_radius15,3,3,1.0,0.35135732478407516,0.4857529694135024,0.0,0.0,0.0,0.0,0.0,0.0,1,1,"[0.4857529694135024, 0.0, 0.5683190049387232]",false_semantic_bridges
m05_p01_s18,m05_p01,3,PREDICTED_SEMANTIC,component_aware_maxima,component_aware_maxima,per_component_greedy,3,2,0.0,0.41675803127343963,0.5683190049387232,0.0,0.0,0.0,1.0,0.0,0.0,1,0,"[0.9212662094576383, 0.0, 0.5683190049387232]",false_semantic_bridges
m05_p01_s19,m05_p01,2,GT_SEMANTIC,baseline_connected_components,connected_components,raw_cc,2,2,1.0,1.0,1.0,1.0,1.0,1.0,0.0,0.0,1.0,0,0,"[1.0, 1.0]",seed_failures
m05_p01_s19,m05_p01,2,GT_SEMANTIC,global_distance_maxima_r09,global_distance_maxima,radius9_rel0p08,2,2,1.0,1.0,1.0,1.0,1.0,1.0,0.0,0.0,1.0,0,0,"[1.0, 1.0]",other
m05_p01_s19,m05_p01,2,GT_SEMANTIC,global_distance_maxima_r15,global_distance_maxima,radius15_rel0p12,2,2,1.0,1.0,1.0,1.0,1.0,1.0,0.0,0.0,1.0,0,0,"[1.0, 1.0]",other
m05_p01_s19,m05_p01,2,GT_SEMANTIC,prominent_maxima_rel20,prominent_maxima,prominence0p20_radius12,2,2,1.0,1.0,1.0,1.0,1.0,1.0,0.0,0.0,1.0,0,0,"[1.0, 1.0]",other
m05_p01_s19,m05_p01,2,GT_SEMANTIC,prominent_maxima_rel30,prominent_maxima,prominence0p30_radius15,2,2,1.0,1.0,1.0,1.0,1.0,1.0,0.0,0.0,1.0,0,0,"[1.0, 1.0]",other
m05_p01_s19,m05_p01,2,GT_SEMANTIC,component_aware_maxima,component_aware_maxima,per_component_greedy,2,2,1.0,1.0,1.0,1.0,1.0,1.0,0.0,0.0,1.0,0,0,"[1.0, 1.0]",other
m05_p01_s19,m05_p01,2,PREDICTED_SEMANTIC,baseline_connected_components,connected_components,raw_cc,2,3,0.0,0.8499769378062052,0.8499769378062052,1.0,1.0,1.0,0.0,1.0,0.0,0,1,"[0.8394814014508412, 0.8604724741615692]",seed_failures
m05_p01_s19,m05_p01,2,PREDICTED_SEMANTIC,global_distance_maxima_r09,global_distance_maxima,radius9_rel0p08,2,3,0.0,0.8499769378062052,0.8499769378062052,1.0,1.0,1.0,0.0,1.0,0.0,0,1,"[0.8394814014508412, 0.8604724741615692]",seed_failures
m05_p01_s19,m05_p01,2,PREDICTED_SEMANTIC,global_distance_maxima_r15,global_distance_maxima,radius15_rel0p12,2,3,0.0,0.8499769378062052,0.8499769378062052,1.0,1.0,1.0,0.0,1.0,0.0,0,1,"[0.8394814014508412, 0.8604724741615692]",seed_failures
m05_p01_s19,m05_p01,2,PREDICTED_SEMANTIC,prominent_maxima_rel20,prominent_maxima,prominence0p20_radius12,2,3,0.0,0.8499769378062052,0.8499769378062052,1.0,1.0,1.0,0.0,1.0,0.0,0,1,"[0.8394814014508412, 0.8604724741615692]",seed_failures
m05_p01_s19,m05_p01,2,PREDICTED_SEMANTIC,prominent_maxima_rel30,prominent_maxima,prominence0p30_radius15,2,3,0.0,0.8499769378062052,0.8499769378062052,1.0,1.0,1.0,0.0,1.0,0.0,0,1,"[0.8394814014508412, 0.8604724741615692]",seed_failures
m05_p01_s19,m05_p01,2,PREDICTED_SEMANTIC,component_aware_maxima,component_aware_maxima,per_component_greedy,2,3,0.0,0.8499769378062052,0.8499769378062052,1.0,1.0,1.0,0.0,1.0,0.0,0,1,"[0.8394814014508412, 0.8604724741615692]",seed_failures
m05_p01_s20,m05_p01,2,GT_SEMANTIC,baseline_connected_components,connected_components,raw_cc,2,2,1.0,1.0,1.0,1.0,1.0,1.0,0.0,0.0,1.0,0,0,"[1.0, 1.0]",seed_failures
m05_p01_s20,m05_p01,2,GT_SEMANTIC,global_distance_maxima_r09,global_distance_maxima,radius9_rel0p08,2,2,1.0,1.0,1.0,1.0,1.0,1.0,0.0,0.0,1.0,0,0,"[1.0, 1.0]",other
m05_p01_s20,m05_p01,2,GT_SEMANTIC,global_distance_maxima_r15,global_distance_maxima,radius15_rel0p12,2,2,1.0,1.0,1.0,1.0,1.0,1.0,0.0,0.0,1.0,0,0,"[1.0, 1.0]",other
m05_p01_s20,m05_p01,2,GT_SEMANTIC,prominent_maxima_rel20,prominent_maxima,prominence0p20_radius12,2,2,1.0,1.0,1.0,1.0,1.0,1.0,0.0,0.0,1.0,0,0,"[1.0, 1.0]",other
m05_p01_s20,m05_p01,2,GT_SEMANTIC,prominent_maxima_rel30,prominent_maxima,prominence0p30_radius15,2,2,1.0,1.0,1.0,1.0,1.0,1.0,0.0,0.0,1.0,0,0,"[1.0, 1.0]",other
m05_p01_s20,m05_p01,2,GT_SEMANTIC,component_aware_maxima,component_aware_maxima,per_component_greedy,2,2,1.0,1.0,1.0,1.0,1.0,1.0,0.0,0.0,1.0,0,0,"[1.0, 1.0]",other
m05_p01_s20,m05_p01,2,PREDICTED_SEMANTIC,baseline_connected_components,connected_components,raw_cc,2,4,0.0,0.7580483128223359,0.7580483128223359,1.0,0.0,0.0,0.0,1.0,0.0,0,2,"[0.8332410994281498, 0.682855526216522]",false_semantic_bridges
m05_p01_s20,m05_p01,2,PREDICTED_SEMANTIC,global_distance_maxima_r09,global_distance_maxima,radius9_rel0p08,2,4,0.0,0.7580483128223359,0.7580483128223359,1.0,0.0,0.0,0.0,1.0,0.0,0,2,"[0.8332410994281498, 0.682855526216522]",false_semantic_bridges
m05_p01_s20,m05_p01,2,PREDICTED_SEMANTIC,global_distance_maxima_r15,global_distance_maxima,radius15_rel0p12,2,4,0.0,0.7580483128223359,0.7580483128223359,1.0,0.0,0.0,0.0,1.0,0.0,0,2,"[0.8332410994281498, 0.682855526216522]",false_semantic_bridges
m05_p01_s20,m05_p01,2,PREDICTED_SEMANTIC,prominent_maxima_rel20,prominent_maxima,prominence0p20_radius12,2,4,0.0,0.7580483128223359,0.7580483128223359,1.0,0.0,0.0,0.0,1.0,0.0,0,2,"[0.8332410994281498, 0.682855526216522]",false_semantic_bridges
m05_p01_s20,m05_p01,2,PREDICTED_SEMANTIC,prominent_maxima_rel30,prominent_maxima,prominence0p30_radius15,2,4,0.0,0.7580483128223359,0.7580483128223359,1.0,0.0,0.0,0.0,1.0,0.0,0,2,"[0.8332410994281498, 0.682855526216522]",false_semantic_bridges
m05_p01_s20,m05_p01,2,PREDICTED_SEMANTIC,component_aware_maxima,component_aware_maxima,per_component_greedy,2,4,0.0,0.7580483128223359,0.7580483128223359,1.0,0.0,0.0,0.0,1.0,0.0,0,2,"[0.8332410994281498, 0.682855526216522]",false_semantic_bridges
m05_p01_s21,m05_p01,2,GT_SEMANTIC,baseline_connected_components,connected_components,raw_cc,2,3,0.0,0.9261880429228411,0.9261880429228411,1.0,1.0,1.0,0.0,1.0,0.0,0,1,"[1.0, 0.8523760858456821]",seed_failures
m05_p01_s21,m05_p01,2,GT_SEMANTIC,global_distance_maxima_r09,global_distance_maxima,radius9_rel0p08,2,3,0.0,0.9261880429228411,0.9261880429228411,1.0,1.0,1.0,0.0,1.0,0.0,0,1,"[1.0, 0.8523760858456821]",seed_failures
m05_p01_s21,m05_p01,2,GT_SEMANTIC,global_distance_maxima_r15,global_distance_maxima,radius15_rel0p12,2,3,0.0,0.9261880429228411,0.9261880429228411,1.0,1.0,1.0,0.0,1.0,0.0,0,1,"[1.0, 0.8523760858456821]",seed_failures
m05_p01_s21,m05_p01,2,GT_SEMANTIC,prominent_maxima_rel20,prominent_maxima,prominence0p20_radius12,2,3,0.0,0.9261880429228411,0.9261880429228411,1.0,1.0,1.0,0.0,1.0,0.0,0,1,"[1.0, 0.8523760858456821]",seed_failures
m05_p01_s21,m05_p01,2,GT_SEMANTIC,prominent_maxima_rel30,prominent_maxima,prominence0p30_radius15,2,3,0.0,0.9261880429228411,0.9261880429228411,1.0,1.0,1.0,0.0,1.0,0.0,0,1,"[1.0, 0.8523760858456821]",seed_failures
m05_p01_s21,m05_p01,2,GT_SEMANTIC,component_aware_maxima,component_aware_maxima,per_component_greedy,2,3,0.0,0.9261880429228411,0.9261880429228411,1.0,1.0,1.0,0.0,1.0,0.0,0,1,"[1.0, 0.8523760858456821]",seed_failures
m05_p01_s21,m05_p01,2,PREDICTED_SEMANTIC,baseline_connected_components,connected_components,raw_cc,2,2,1.0,0.846550544180531,0.846550544180531,1.0,1.0,1.0,0.0,0.0,0.0,0,0,"[0.8400593932141037, 0.8530416951469583]",seed_failures
m05_p01_s21,m05_p01,2,PREDICTED_SEMANTIC,global_distance_maxima_r09,global_distance_maxima,radius9_rel0p08,2,2,1.0,0.846550544180531,0.846550544180531,1.0,1.0,1.0,0.0,0.0,0.0,0,0,"[0.8400593932141037, 0.8530416951469583]",other
m05_p01_s21,m05_p01,2,PREDICTED_SEMANTIC,global_distance_maxima_r15,global_distance_maxima,radius15_rel0p12,2,2,1.0,0.846550544180531,0.846550544180531,1.0,1.0,1.0,0.0,0.0,0.0,0,0,"[0.8400593932141037, 0.8530416951469583]",other
m05_p01_s21,m05_p01,2,PREDICTED_SEMANTIC,prominent_maxima_rel20,prominent_maxima,prominence0p20_radius12,2,2,1.0,0.846550544180531,0.846550544180531,1.0,1.0,1.0,0.0,0.0,0.0,0,0,"[0.8400593932141037, 0.8530416951469583]",other
m05_p01_s21,m05_p01,2,PREDICTED_SEMANTIC,prominent_maxima_rel30,prominent_maxima,prominence0p30_radius15,2,2,1.0,0.846550544180531,0.846550544180531,1.0,1.0,1.0,0.0,0.0,0.0,0,0,"[0.8400593932141037, 0.8530416951469583]",other
m05_p01_s21,m05_p01,2,PREDICTED_SEMANTIC,component_aware_maxima,component_aware_maxima,per_component_greedy,2,2,1.0,0.846550544180531,0.846550544180531,1.0,1.0,1.0,0.0,0.0,0.0,0,0,"[0.8400593932141037, 0.8530416951469583]",other
m05_p01_s22,m05_p01,3,GT_SEMANTIC,baseline_connected_components,connected_components,raw_cc,3,3,1.0,1.0,1.0,1.0,1.0,1.0,0.0,0.0,1.0,0,0,"[1.0, 1.0, 1.0]",seed_failures
m05_p01_s22,m05_p01,3,GT_SEMANTIC,global_distance_maxima_r09,global_distance_maxima,radius9_rel0p08,3,3,1.0,1.0,1.0,1.0,1.0,1.0,0.0,0.0,1.0,0,0,"[1.0, 1.0, 1.0]",other
m05_p01_s22,m05_p01,3,GT_SEMANTIC,global_distance_maxima_r15,global_distance_maxima,radius15_rel0p12,3,3,1.0,1.0,1.0,1.0,1.0,1.0,0.0,0.0,1.0,0,0,"[1.0, 1.0, 1.0]",other
m05_p01_s22,m05_p01,3,GT_SEMANTIC,prominent_maxima_rel20,prominent_maxima,prominence0p20_radius12,3,3,1.0,1.0,1.0,1.0,1.0,1.0,0.0,0.0,1.0,0,0,"[1.0, 1.0, 1.0]",other
m05_p01_s22,m05_p01,3,GT_SEMANTIC,prominent_maxima_rel30,prominent_maxima,prominence0p30_radius15,3,3,1.0,1.0,1.0,1.0,1.0,1.0,0.0,0.0,1.0,0,0,"[1.0, 1.0, 1.0]",other
m05_p01_s22,m05_p01,3,GT_SEMANTIC,component_aware_maxima,component_aware_maxima,per_component_greedy,3,3,1.0,1.0,1.0,1.0,1.0,1.0,0.0,0.0,1.0,0,0,"[1.0, 1.0, 1.0]",other
m05_p01_s22,m05_p01,3,PREDICTED_SEMANTIC,baseline_connected_components,connected_components,raw_cc,3,4,0.0,0.8131362234459284,0.8219292158223456,1.0,1.0,0.0,0.0,1.0,0.0,0,1,"[0.7624110640338956, 0.8219292158223456, 0.8550683904815439]",false_semantic_bridges
m05_p01_s22,m05_p01,3,PREDICTED_SEMANTIC,global_distance_maxima_r09,global_distance_maxima,radius9_rel0p08,3,4,0.0,0.8131362234459284,0.8219292158223456,1.0,1.0,0.0,0.0,1.0,0.0,0,1,"[0.7624110640338956, 0.8219292158223456, 0.8550683904815439]",false_semantic_bridges
m05_p01_s22,m05_p01,3,PREDICTED_SEMANTIC,global_distance_maxima_r15,global_distance_maxima,radius15_rel0p12,3,4,0.0,0.8131362234459284,0.8219292158223456,1.0,1.0,0.0,0.0,1.0,0.0,0,1,"[0.7624110640338956, 0.8219292158223456, 0.8550683904815439]",false_semantic_bridges
m05_p01_s22,m05_p01,3,PREDICTED_SEMANTIC,prominent_maxima_rel20,prominent_maxima,prominence0p20_radius12,3,4,0.0,0.8131362234459284,0.8219292158223456,1.0,1.0,0.0,0.0,1.0,0.0,0,1,"[0.7624110640338956, 0.8219292158223456, 0.8550683904815439]",false_semantic_bridges
m05_p01_s22,m05_p01,3,PREDICTED_SEMANTIC,prominent_maxima_rel30,prominent_maxima,prominence0p30_radius15,3,4,0.0,0.8131362234459284,0.8219292158223456,1.0,1.0,0.0,0.0,1.0,0.0,0,1,"[0.7624110640338956, 0.8219292158223456, 0.8550683904815439]",false_semantic_bridges
m05_p01_s22,m05_p01,3,PREDICTED_SEMANTIC,component_aware_maxima,component_aware_maxima,per_component_greedy,3,4,0.0,0.8131362234459284,0.8219292158223456,1.0,1.0,0.0,0.0,1.0,0.0,0,1,"[0.7624110640338956, 0.8219292158223456, 0.8550683904815439]",false_semantic_bridges
m05_p01_s23,m05_p01,1,GT_SEMANTIC,baseline_connected_components,connected_components,raw_cc,1,2,0.0,0.6242318995458188,0.6242318995458188,1.0,0.0,0.0,0.0,1.0,0.0,0,1,[0.6242318995458188],seed_failures
m05_p01_s23,m05_p01,1,GT_SEMANTIC,global_distance_maxima_r09,global_distance_maxima,radius9_rel0p08,1,2,0.0,0.6242318995458188,0.6242318995458188,1.0,0.0,0.0,0.0,1.0,0.0,0,1,[0.6242318995458188],seed_failures
m05_p01_s23,m05_p01,1,GT_SEMANTIC,global_distance_maxima_r15,global_distance_maxima,radius15_rel0p12,1,2,0.0,0.6242318995458188,0.6242318995458188,1.0,0.0,0.0,0.0,1.0,0.0,0,1,[0.6242318995458188],seed_failures
m05_p01_s23,m05_p01,1,GT_SEMANTIC,prominent_maxima_rel20,prominent_maxima,prominence0p20_radius12,1,2,0.0,0.6242318995458188,0.6242318995458188,1.0,0.0,0.0,0.0,1.0,0.0,0,1,[0.6242318995458188],seed_failures
m05_p01_s23,m05_p01,1,GT_SEMANTIC,prominent_maxima_rel30,prominent_maxima,prominence0p30_radius15,1,2,0.0,0.6242318995458188,0.6242318995458188,1.0,0.0,0.0,0.0,1.0,0.0,0,1,[0.6242318995458188],seed_failures
m05_p01_s23,m05_p01,1,GT_SEMANTIC,component_aware_maxima,component_aware_maxima,per_component_greedy,1,2,0.0,0.6242318995458188,0.6242318995458188,1.0,0.0,0.0,0.0,1.0,0.0,0,1,[0.6242318995458188],seed_failures
m05_p01_s23,m05_p01,1,PREDICTED_SEMANTIC,baseline_connected_components,connected_components,raw_cc,1,1,1.0,0.8779732408325074,0.8779732408325074,1.0,1.0,1.0,0.0,0.0,0.0,0,0,[0.8779732408325074],seed_failures
m05_p01_s23,m05_p01,1,PREDICTED_SEMANTIC,global_distance_maxima_r09,global_distance_maxima,radius9_rel0p08,1,1,1.0,0.8779732408325074,0.8779732408325074,1.0,1.0,1.0,0.0,0.0,0.0,0,0,[0.8779732408325074],other
m05_p01_s23,m05_p01,1,PREDICTED_SEMANTIC,global_distance_maxima_r15,global_distance_maxima,radius15_rel0p12,1,1,1.0,0.8779732408325074,0.8779732408325074,1.0,1.0,1.0,0.0,0.0,0.0,0,0,[0.8779732408325074],other
m05_p01_s23,m05_p01,1,PREDICTED_SEMANTIC,prominent_maxima_rel20,prominent_maxima,prominence0p20_radius12,1,1,1.0,0.8779732408325074,0.8779732408325074,1.0,1.0,1.0,0.0,0.0,0.0,0,0,[0.8779732408325074],other
m05_p01_s23,m05_p01,1,PREDICTED_SEMANTIC,prominent_maxima_rel30,prominent_maxima,prominence0p30_radius15,1,1,1.0,0.8779732408325074,0.8779732408325074,1.0,1.0,1.0,0.0,0.0,0.0,0,0,[0.8779732408325074],other
m05_p01_s23,m05_p01,1,PREDICTED_SEMANTIC,component_aware_maxima,component_aware_maxima,per_component_greedy,1,1,1.0,0.8779732408325074,0.8779732408325074,1.0,1.0,1.0,0.0,0.0,0.0,0,0,[0.8779732408325074],other
m05_p01_s24,m05_p01,3,GT_SEMANTIC,baseline_connected_components,connected_components,raw_cc,3,5,0.0,0.7378094952480382,0.6883684001587932,1.0,0.0,0.0,0.0,1.0,0.0,0,2,"[0.5250600855853216, 0.6883684001587932, 1.0]",seed_failures
m05_p01_s24,m05_p01,3,GT_SEMANTIC,global_distance_maxima_r09,global_distance_maxima,radius9_rel0p08,3,5,0.0,0.7378094952480382,0.6883684001587932,1.0,0.0,0.0,0.0,1.0,0.0,0,2,"[0.5250600855853216, 0.6883684001587932, 1.0]",seed_failures
m05_p01_s24,m05_p01,3,GT_SEMANTIC,global_distance_maxima_r15,global_distance_maxima,radius15_rel0p12,3,5,0.0,0.7378094952480382,0.6883684001587932,1.0,0.0,0.0,0.0,1.0,0.0,0,2,"[0.5250600855853216, 0.6883684001587932, 1.0]",seed_failures
m05_p01_s24,m05_p01,3,GT_SEMANTIC,prominent_maxima_rel20,prominent_maxima,prominence0p20_radius12,3,5,0.0,0.7378094952480382,0.6883684001587932,1.0,0.0,0.0,0.0,1.0,0.0,0,2,"[0.5250600855853216, 0.6883684001587932, 1.0]",seed_failures
m05_p01_s24,m05_p01,3,GT_SEMANTIC,prominent_maxima_rel30,prominent_maxima,prominence0p30_radius15,3,5,0.0,0.7378094952480382,0.6883684001587932,1.0,0.0,0.0,0.0,1.0,0.0,0,2,"[0.5250600855853216, 0.6883684001587932, 1.0]",seed_failures
m05_p01_s24,m05_p01,3,GT_SEMANTIC,component_aware_maxima,component_aware_maxima,per_component_greedy,3,5,0.0,0.7378094952480382,0.6883684001587932,1.0,0.0,0.0,0.0,1.0,0.0,0,2,"[0.5250600855853216, 0.6883684001587932, 1.0]",seed_failures
m05_p01_s24,m05_p01,3,PREDICTED_SEMANTIC,baseline_connected_components,connected_components,raw_cc,3,4,0.0,0.558460712954815,0.4373799462159047,0.0,0.0,0.0,0.0,1.0,0.0,0,1,"[0.4118112908700079, 0.4373799462159047, 0.8261909017785325]",false_semantic_bridges
m05_p01_s24,m05_p01,3,PREDICTED_SEMANTIC,global_distance_maxima_r09,global_distance_maxima,radius9_rel0p08,3,4,0.0,0.558460712954815,0.4373799462159047,0.0,0.0,0.0,0.0,1.0,0.0,0,1,"[0.4118112908700079, 0.4373799462159047, 0.8261909017785325]",false_semantic_bridges
m05_p01_s24,m05_p01,3,PREDICTED_SEMANTIC,global_distance_maxima_r15,global_distance_maxima,radius15_rel0p12,3,4,0.0,0.558460712954815,0.4373799462159047,0.0,0.0,0.0,0.0,1.0,0.0,0,1,"[0.4118112908700079, 0.4373799462159047, 0.8261909017785325]",false_semantic_bridges
m05_p01_s24,m05_p01,3,PREDICTED_SEMANTIC,prominent_maxima_rel20,prominent_maxima,prominence0p20_radius12,3,4,0.0,0.558460712954815,0.4373799462159047,0.0,0.0,0.0,0.0,1.0,0.0,0,1,"[0.4118112908700079, 0.4373799462159047, 0.8261909017785325]",false_semantic_bridges
m05_p01_s24,m05_p01,3,PREDICTED_SEMANTIC,prominent_maxima_rel30,prominent_maxima,prominence0p30_radius15,3,4,0.0,0.558460712954815,0.4373799462159047,0.0,0.0,0.0,0.0,1.0,0.0,0,1,"[0.4118112908700079, 0.4373799462159047, 0.8261909017785325]",false_semantic_bridges
m05_p01_s24,m05_p01,3,PREDICTED_SEMANTIC,component_aware_maxima,component_aware_maxima,per_component_greedy,3,4,0.0,0.558460712954815,0.4373799462159047,0.0,0.0,0.0,0.0,1.0,0.0,0,1,"[0.4118112908700079, 0.4373799462159047, 0.8261909017785325]",false_semantic_bridges
m05_p01_s25,m05_p01,1,GT_SEMANTIC,baseline_connected_components,connected_components,raw_cc,1,1,1.0,1.0,1.0,1.0,1.0,1.0,0.0,0.0,1.0,0,0,[1.0],seed_failures
m05_p01_s25,m05_p01,1,GT_SEMANTIC,global_distance_maxima_r09,global_distance_maxima,radius9_rel0p08,1,1,1.0,1.0,1.0,1.0,1.0,1.0,0.0,0.0,1.0,0,0,[1.0],other
m05_p01_s25,m05_p01,1,GT_SEMANTIC,global_distance_maxima_r15,global_distance_maxima,radius15_rel0p12,1,1,1.0,1.0,1.0,1.0,1.0,1.0,0.0,0.0,1.0,0,0,[1.0],other
m05_p01_s25,m05_p01,1,GT_SEMANTIC,prominent_maxima_rel20,prominent_maxima,prominence0p20_radius12,1,1,1.0,1.0,1.0,1.0,1.0,1.0,0.0,0.0,1.0,0,0,[1.0],other
m05_p01_s25,m05_p01,1,GT_SEMANTIC,prominent_maxima_rel30,prominent_maxima,prominence0p30_radius15,1,1,1.0,1.0,1.0,1.0,1.0,1.0,0.0,0.0,1.0,0,0,[1.0],other
m05_p01_s25,m05_p01,1,GT_SEMANTIC,component_aware_maxima,component_aware_maxima,per_component_greedy,1,1,1.0,1.0,1.0,1.0,1.0,1.0,0.0,0.0,1.0,0,0,[1.0],other
m05_p01_s25,m05_p01,1,PREDICTED_SEMANTIC,baseline_connected_components,connected_components,raw_cc,1,2,0.0,0.6899947991158497,0.6899947991158497,1.0,0.0,0.0,0.0,1.0,0.0,0,1,[0.6899947991158497],missing_semantic_tissue
m05_p01_s25,m05_p01,1,PREDICTED_SEMANTIC,global_distance_maxima_r09,global_distance_maxima,radius9_rel0p08,1,2,0.0,0.6899947991158497,0.6899947991158497,1.0,0.0,0.0,0.0,1.0,0.0,0,1,[0.6899947991158497],missing_semantic_tissue
m05_p01_s25,m05_p01,1,PREDICTED_SEMANTIC,global_distance_maxima_r15,global_distance_maxima,radius15_rel0p12,1,2,0.0,0.6899947991158497,0.6899947991158497,1.0,0.0,0.0,0.0,1.0,0.0,0,1,[0.6899947991158497],missing_semantic_tissue
m05_p01_s25,m05_p01,1,PREDICTED_SEMANTIC,prominent_maxima_rel20,prominent_maxima,prominence0p20_radius12,1,2,0.0,0.6899947991158497,0.6899947991158497,1.0,0.0,0.0,0.0,1.0,0.0,0,1,[0.6899947991158497],missing_semantic_tissue
m05_p01_s25,m05_p01,1,PREDICTED_SEMANTIC,prominent_maxima_rel30,prominent_maxima,prominence0p30_radius15,1,2,0.0,0.6899947991158497,0.6899947991158497,1.0,0.0,0.0,0.0,1.0,0.0,0,1,[0.6899947991158497],missing_semantic_tissue
m05_p01_s25,m05_p01,1,PREDICTED_SEMANTIC,component_aware_maxima,component_aware_maxima,per_component_greedy,1,2,0.0,0.6899947991158497,0.6899947991158497,1.0,0.0,0.0,0.0,1.0,0.0,0,1,[0.6899947991158497],missing_semantic_tissue
m05_p01_s26,m05_p01,2,GT_SEMANTIC,baseline_connected_components,connected_components,raw_cc,2,3,0.0,0.9133102852203976,0.9133102852203976,1.0,1.0,1.0,0.0,1.0,0.0,0,1,"[1.0, 0.8266205704407952]",seed_failures
m05_p01_s26,m05_p01,2,GT_SEMANTIC,global_distance_maxima_r09,global_distance_maxima,radius9_rel0p08,2,3,0.0,0.9133102852203976,0.9133102852203976,1.0,1.0,1.0,0.0,1.0,0.0,0,1,"[1.0, 0.8266205704407952]",seed_failures
m05_p01_s26,m05_p01,2,GT_SEMANTIC,global_distance_maxima_r15,global_distance_maxima,radius15_rel0p12,2,3,0.0,0.9133102852203976,0.9133102852203976,1.0,1.0,1.0,0.0,1.0,0.0,0,1,"[1.0, 0.8266205704407952]",seed_failures
m05_p01_s26,m05_p01,2,GT_SEMANTIC,prominent_maxima_rel20,prominent_maxima,prominence0p20_radius12,2,3,0.0,0.9133102852203976,0.9133102852203976,1.0,1.0,1.0,0.0,1.0,0.0,0,1,"[1.0, 0.8266205704407952]",seed_failures
m05_p01_s26,m05_p01,2,GT_SEMANTIC,prominent_maxima_rel30,prominent_maxima,prominence0p30_radius15,2,3,0.0,0.9133102852203976,0.9133102852203976,1.0,1.0,1.0,0.0,1.0,0.0,0,1,"[1.0, 0.8266205704407952]",seed_failures
m05_p01_s26,m05_p01,2,GT_SEMANTIC,component_aware_maxima,component_aware_maxima,per_component_greedy,2,3,0.0,0.9133102852203976,0.9133102852203976,1.0,1.0,1.0,0.0,1.0,0.0,0,1,"[1.0, 0.8266205704407952]",seed_failures
m05_p01_s26,m05_p01,2,PREDICTED_SEMANTIC,baseline_connected_components,connected_components,raw_cc,2,1,0.0,0.391530041233065,0.391530041233065,0.0,0.0,0.0,1.0,0.0,0.0,1,0,"[0.78306008246613, 0.0]",false_semantic_bridges
m05_p01_s26,m05_p01,2,PREDICTED_SEMANTIC,global_distance_maxima_r09,global_distance_maxima,radius9_rel0p08,2,2,1.0,0.14824495892457057,0.14824495892457057,0.0,0.0,0.0,0.0,0.0,0.0,1,1,"[0.29648991784914114, 0.0]",false_semantic_bridges
m05_p01_s26,m05_p01,2,PREDICTED_SEMANTIC,global_distance_maxima_r15,global_distance_maxima,radius15_rel0p12,2,2,1.0,0.14773711725168037,0.14773711725168037,0.0,0.0,0.0,0.0,0.0,0.0,1,1,"[0.29547423450336074, 0.0]",false_semantic_bridges
m05_p01_s26,m05_p01,2,PREDICTED_SEMANTIC,prominent_maxima_rel20,prominent_maxima,prominence0p20_radius12,2,2,1.0,0.14824495892457057,0.14824495892457057,0.0,0.0,0.0,0.0,0.0,0.0,1,1,"[0.29648991784914114, 0.0]",false_semantic_bridges
m05_p01_s26,m05_p01,2,PREDICTED_SEMANTIC,prominent_maxima_rel30,prominent_maxima,prominence0p30_radius15,2,2,1.0,0.14773711725168037,0.14773711725168037,0.0,0.0,0.0,0.0,0.0,0.0,1,1,"[0.29547423450336074, 0.0]",false_semantic_bridges
m05_p01_s26,m05_p01,2,PREDICTED_SEMANTIC,component_aware_maxima,component_aware_maxima,per_component_greedy,2,2,1.0,0.14824495892457057,0.14824495892457057,0.0,0.0,0.0,0.0,0.0,0.0,1,1,"[0.29648991784914114, 0.0]",false_semantic_bridges
m05_p01_s27,m05_p01,2,GT_SEMANTIC,baseline_connected_components,connected_components,raw_cc,2,3,0.0,0.9101827676240208,0.9101827676240208,1.0,1.0,1.0,0.0,1.0,0.0,0,1,"[1.0, 0.8203655352480418]",seed_failures
m05_p01_s27,m05_p01,2,GT_SEMANTIC,global_distance_maxima_r09,global_distance_maxima,radius9_rel0p08,2,3,0.0,0.9101827676240208,0.9101827676240208,1.0,1.0,1.0,0.0,1.0,0.0,0,1,"[1.0, 0.8203655352480418]",seed_failures
m05_p01_s27,m05_p01,2,GT_SEMANTIC,global_distance_maxima_r15,global_distance_maxima,radius15_rel0p12,2,3,0.0,0.9101827676240208,0.9101827676240208,1.0,1.0,1.0,0.0,1.0,0.0,0,1,"[1.0, 0.8203655352480418]",seed_failures
m05_p01_s27,m05_p01,2,GT_SEMANTIC,prominent_maxima_rel20,prominent_maxima,prominence0p20_radius12,2,3,0.0,0.9101827676240208,0.9101827676240208,1.0,1.0,1.0,0.0,1.0,0.0,0,1,"[1.0, 0.8203655352480418]",seed_failures
m05_p01_s27,m05_p01,2,GT_SEMANTIC,prominent_maxima_rel30,prominent_maxima,prominence0p30_radius15,2,3,0.0,0.9101827676240208,0.9101827676240208,1.0,1.0,1.0,0.0,1.0,0.0,0,1,"[1.0, 0.8203655352480418]",seed_failures
m05_p01_s27,m05_p01,2,GT_SEMANTIC,component_aware_maxima,component_aware_maxima,per_component_greedy,2,3,0.0,0.9101827676240208,0.9101827676240208,1.0,1.0,1.0,0.0,1.0,0.0,0,1,"[1.0, 0.8203655352480418]",seed_failures
m05_p01_s27,m05_p01,2,PREDICTED_SEMANTIC,baseline_connected_components,connected_components,raw_cc,2,6,0.0,0.7961318635071859,0.7961318635071859,1.0,1.0,0.0,0.0,1.0,0.0,0,4,"[0.8753827181493451, 0.7168810088650268]",seed_failures
m05_p01_s27,m05_p01,2,PREDICTED_SEMANTIC,global_distance_maxima_r09,global_distance_maxima,radius9_rel0p08,2,6,0.0,0.7961318635071859,0.7961318635071859,1.0,1.0,0.0,0.0,1.0,0.0,0,4,"[0.8753827181493451, 0.7168810088650268]",seed_failures
m05_p01_s27,m05_p01,2,PREDICTED_SEMANTIC,global_distance_maxima_r15,global_distance_maxima,radius15_rel0p12,2,6,0.0,0.7961318635071859,0.7961318635071859,1.0,1.0,0.0,0.0,1.0,0.0,0,4,"[0.8753827181493451, 0.7168810088650268]",seed_failures
m05_p01_s27,m05_p01,2,PREDICTED_SEMANTIC,prominent_maxima_rel20,prominent_maxima,prominence0p20_radius12,2,6,0.0,0.7961318635071859,0.7961318635071859,1.0,1.0,0.0,0.0,1.0,0.0,0,4,"[0.8753827181493451, 0.7168810088650268]",seed_failures
m05_p01_s27,m05_p01,2,PREDICTED_SEMANTIC,prominent_maxima_rel30,prominent_maxima,prominence0p30_radius15,2,6,0.0,0.7961318635071859,0.7961318635071859,1.0,1.0,0.0,0.0,1.0,0.0,0,4,"[0.8753827181493451, 0.7168810088650268]",seed_failures
m05_p01_s27,m05_p01,2,PREDICTED_SEMANTIC,component_aware_maxima,component_aware_maxima,per_component_greedy,2,6,0.0,0.7961318635071859,0.7961318635071859,1.0,1.0,0.0,0.0,1.0,0.0,0,4,"[0.8753827181493451, 0.7168810088650268]",seed_failures
m05_p01_s28,m05_p01,2,GT_SEMANTIC,baseline_connected_components,connected_components,raw_cc,2,3,0.0,0.8261465471797576,0.8261465471797576,1.0,0.0,0.0,0.0,1.0,0.0,0,1,"[0.652293094359515, 1.0]",seed_failures
m05_p01_s28,m05_p01,2,GT_SEMANTIC,global_distance_maxima_r09,global_distance_maxima,radius9_rel0p08,2,3,0.0,0.8261465471797576,0.8261465471797576,1.0,0.0,0.0,0.0,1.0,0.0,0,1,"[0.652293094359515, 1.0]",seed_failures
m05_p01_s28,m05_p01,2,GT_SEMANTIC,global_distance_maxima_r15,global_distance_maxima,radius15_rel0p12,2,3,0.0,0.8261465471797576,0.8261465471797576,1.0,0.0,0.0,0.0,1.0,0.0,0,1,"[0.652293094359515, 1.0]",seed_failures
m05_p01_s28,m05_p01,2,GT_SEMANTIC,prominent_maxima_rel20,prominent_maxima,prominence0p20_radius12,2,3,0.0,0.8261465471797576,0.8261465471797576,1.0,0.0,0.0,0.0,1.0,0.0,0,1,"[0.652293094359515, 1.0]",seed_failures
m05_p01_s28,m05_p01,2,GT_SEMANTIC,prominent_maxima_rel30,prominent_maxima,prominence0p30_radius15,2,3,0.0,0.8261465471797576,0.8261465471797576,1.0,0.0,0.0,0.0,1.0,0.0,0,1,"[0.652293094359515, 1.0]",seed_failures
m05_p01_s28,m05_p01,2,GT_SEMANTIC,component_aware_maxima,component_aware_maxima,per_component_greedy,2,3,0.0,0.8261465471797576,0.8261465471797576,1.0,0.0,0.0,0.0,1.0,0.0,0,1,"[0.652293094359515, 1.0]",seed_failures
m05_p01_s28,m05_p01,2,PREDICTED_SEMANTIC,baseline_connected_components,connected_components,raw_cc,2,5,0.0,0.6628763107298619,0.6628763107298619,1.0,0.0,0.0,0.0,1.0,0.0,0,3,"[0.5409131781396743, 0.7848394433200493]",missing_semantic_tissue
m05_p01_s28,m05_p01,2,PREDICTED_SEMANTIC,global_distance_maxima_r09,global_distance_maxima,radius9_rel0p08,2,5,0.0,0.6628763107298619,0.6628763107298619,1.0,0.0,0.0,0.0,1.0,0.0,0,3,"[0.5409131781396743, 0.7848394433200493]",missing_semantic_tissue
m05_p01_s28,m05_p01,2,PREDICTED_SEMANTIC,global_distance_maxima_r15,global_distance_maxima,radius15_rel0p12,2,5,0.0,0.6628763107298619,0.6628763107298619,1.0,0.0,0.0,0.0,1.0,0.0,0,3,"[0.5409131781396743, 0.7848394433200493]",missing_semantic_tissue
m05_p01_s28,m05_p01,2,PREDICTED_SEMANTIC,prominent_maxima_rel20,prominent_maxima,prominence0p20_radius12,2,5,0.0,0.6628763107298619,0.6628763107298619,1.0,0.0,0.0,0.0,1.0,0.0,0,3,"[0.5409131781396743, 0.7848394433200493]",missing_semantic_tissue
m05_p01_s28,m05_p01,2,PREDICTED_SEMANTIC,prominent_maxima_rel30,prominent_maxima,prominence0p30_radius15,2,5,0.0,0.6628763107298619,0.6628763107298619,1.0,0.0,0.0,0.0,1.0,0.0,0,3,"[0.5409131781396743, 0.7848394433200493]",missing_semantic_tissue
m05_p01_s28,m05_p01,2,PREDICTED_SEMANTIC,component_aware_maxima,component_aware_maxima,per_component_greedy,2,5,0.0,0.6628763107298619,0.6628763107298619,1.0,0.0,0.0,0.0,1.0,0.0,0,3,"[0.5409131781396743, 0.7848394433200493]",missing_semantic_tissue
m05_p01_s29,m05_p01,2,GT_SEMANTIC,baseline_connected_components,connected_components,raw_cc,2,2,1.0,1.0,1.0,1.0,1.0,1.0,0.0,0.0,1.0,0,0,"[1.0, 1.0]",seed_failures
m05_p01_s29,m05_p01,2,GT_SEMANTIC,global_distance_maxima_r09,global_distance_maxima,radius9_rel0p08,2,2,1.0,1.0,1.0,1.0,1.0,1.0,0.0,0.0,1.0,0,0,"[1.0, 1.0]",other
m05_p01_s29,m05_p01,2,GT_SEMANTIC,global_distance_maxima_r15,global_distance_maxima,radius15_rel0p12,2,2,1.0,1.0,1.0,1.0,1.0,1.0,0.0,0.0,1.0,0,0,"[1.0, 1.0]",other
m05_p01_s29,m05_p01,2,GT_SEMANTIC,prominent_maxima_rel20,prominent_maxima,prominence0p20_radius12,2,2,1.0,1.0,1.0,1.0,1.0,1.0,0.0,0.0,1.0,0,0,"[1.0, 1.0]",other
m05_p01_s29,m05_p01,2,GT_SEMANTIC,prominent_maxima_rel30,prominent_maxima,prominence0p30_radius15,2,2,1.0,1.0,1.0,1.0,1.0,1.0,0.0,0.0,1.0,0,0,"[1.0, 1.0]",other
m05_p01_s29,m05_p01,2,GT_SEMANTIC,component_aware_maxima,component_aware_maxima,per_component_greedy,2,2,1.0,1.0,1.0,1.0,1.0,1.0,0.0,0.0,1.0,0,0,"[1.0, 1.0]",other
m05_p01_s29,m05_p01,2,PREDICTED_SEMANTIC,baseline_connected_components,connected_components,raw_cc,2,10,0.0,0.8350197444015773,0.8350197444015773,1.0,1.0,0.0,0.0,1.0,0.0,0,8,"[0.8823333418766179, 0.7877061469265367]",false_semantic_bridges
m05_p01_s29,m05_p01,2,PREDICTED_SEMANTIC,global_distance_maxima_r09,global_distance_maxima,radius9_rel0p08,2,10,0.0,0.8350197444015773,0.8350197444015773,1.0,1.0,0.0,0.0,1.0,0.0,0,8,"[0.8823333418766179, 0.7877061469265367]",false_semantic_bridges
m05_p01_s29,m05_p01,2,PREDICTED_SEMANTIC,global_distance_maxima_r15,global_distance_maxima,radius15_rel0p12,2,10,0.0,0.8350197444015773,0.8350197444015773,1.0,1.0,0.0,0.0,1.0,0.0,0,8,"[0.8823333418766179, 0.7877061469265367]",false_semantic_bridges
m05_p01_s29,m05_p01,2,PREDICTED_SEMANTIC,prominent_maxima_rel20,prominent_maxima,prominence0p20_radius12,2,10,0.0,0.8350197444015773,0.8350197444015773,1.0,1.0,0.0,0.0,1.0,0.0,0,8,"[0.8823333418766179, 0.7877061469265367]",false_semantic_bridges
m05_p01_s29,m05_p01,2,PREDICTED_SEMANTIC,prominent_maxima_rel30,prominent_maxima,prominence0p30_radius15,2,10,0.0,0.8350197444015773,0.8350197444015773,1.0,1.0,0.0,0.0,1.0,0.0,0,8,"[0.8823333418766179, 0.7877061469265367]",false_semantic_bridges
m05_p01_s29,m05_p01,2,PREDICTED_SEMANTIC,component_aware_maxima,component_aware_maxima,per_component_greedy,2,10,0.0,0.8350197444015773,0.8350197444015773,1.0,1.0,0.0,0.0,1.0,0.0,0,8,"[0.8823333418766179, 0.7877061469265367]",false_semantic_bridges
m05_p01_s30,m05_p01,3,GT_SEMANTIC,baseline_connected_components,connected_components,raw_cc,3,3,1.0,1.0,1.0,1.0,1.0,1.0,0.0,0.0,1.0,0,0,"[1.0, 1.0, 1.0]",seed_failures
m05_p01_s30,m05_p01,3,GT_SEMANTIC,global_distance_maxima_r09,global_distance_maxima,radius9_rel0p08,3,3,1.0,1.0,1.0,1.0,1.0,1.0,0.0,0.0,1.0,0,0,"[1.0, 1.0, 1.0]",other
m05_p01_s30,m05_p01,3,GT_SEMANTIC,global_distance_maxima_r15,global_distance_maxima,radius15_rel0p12,3,3,1.0,1.0,1.0,1.0,1.0,1.0,0.0,0.0,1.0,0,0,"[1.0, 1.0, 1.0]",other
m05_p01_s30,m05_p01,3,GT_SEMANTIC,prominent_maxima_rel20,prominent_maxima,prominence0p20_radius12,3,3,1.0,1.0,1.0,1.0,1.0,1.0,0.0,0.0,1.0,0,0,"[1.0, 1.0, 1.0]",other
m05_p01_s30,m05_p01,3,GT_SEMANTIC,prominent_maxima_rel30,prominent_maxima,prominence0p30_radius15,3,3,1.0,1.0,1.0,1.0,1.0,1.0,0.0,0.0,1.0,0,0,"[1.0, 1.0, 1.0]",other
m05_p01_s30,m05_p01,3,GT_SEMANTIC,component_aware_maxima,component_aware_maxima,per_component_greedy,3,3,1.0,1.0,1.0,1.0,1.0,1.0,0.0,0.0,1.0,0,0,"[1.0, 1.0, 1.0]",other
m05_p01_s30,m05_p01,3,PREDICTED_SEMANTIC,baseline_connected_components,connected_components,raw_cc,3,2,0.0,0.4056947100187655,0.55172936564659,0.0,0.0,0.0,1.0,0.0,0.0,1,0,"[0.8830266249021144, 0.0, 0.55172936564659]",false_semantic_bridges
m05_p01_s30,m05_p01,3,PREDICTED_SEMANTIC,global_distance_maxima_r09,global_distance_maxima,radius9_rel0p08,3,2,0.0,0.4056947100187655,0.55172936564659,0.0,0.0,0.0,1.0,0.0,0.0,1,0,"[0.8830266249021144, 0.0, 0.55172936564659]",false_semantic_bridges
m05_p01_s30,m05_p01,3,PREDICTED_SEMANTIC,global_distance_maxima_r15,global_distance_maxima,radius15_rel0p12,3,2,0.0,0.4056947100187655,0.55172936564659,0.0,0.0,0.0,1.0,0.0,0.0,1,0,"[0.8830266249021144, 0.0, 0.55172936564659]",false_semantic_bridges
m05_p01_s30,m05_p01,3,PREDICTED_SEMANTIC,prominent_maxima_rel20,prominent_maxima,prominence0p20_radius12,3,2,0.0,0.4056947100187655,0.55172936564659,0.0,0.0,0.0,1.0,0.0,0.0,1,0,"[0.8830266249021144, 0.0, 0.55172936564659]",false_semantic_bridges
m05_p01_s30,m05_p01,3,PREDICTED_SEMANTIC,prominent_maxima_rel30,prominent_maxima,prominence0p30_radius15,3,2,0.0,0.4056947100187655,0.55172936564659,0.0,0.0,0.0,1.0,0.0,0.0,1,0,"[0.8830266249021144, 0.0, 0.55172936564659]",false_semantic_bridges
m05_p01_s30,m05_p01,3,PREDICTED_SEMANTIC,component_aware_maxima,component_aware_maxima,per_component_greedy,3,2,0.0,0.4056947100187655,0.55172936564659,0.0,0.0,0.0,1.0,0.0,0.0,1,0,"[0.8830266249021144, 0.0, 0.55172936564659]",false_semantic_bridges
m05_p01_s31,m05_p01,3,GT_SEMANTIC,baseline_connected_components,connected_components,raw_cc,3,5,0.0,0.7969248785481907,0.8304422184216956,1.0,0.0,0.0,0.0,1.0,0.0,0,2,"[0.5603324172228766, 0.8304422184216956, 1.0]",seed_failures
m05_p01_s31,m05_p01,3,GT_SEMANTIC,global_distance_maxima_r09,global_distance_maxima,radius9_rel0p08,3,5,0.0,0.7969248785481907,0.8304422184216956,1.0,0.0,0.0,0.0,1.0,0.0,0,2,"[0.5603324172228766, 0.8304422184216956, 1.0]",seed_failures
m05_p01_s31,m05_p01,3,GT_SEMANTIC,global_distance_maxima_r15,global_distance_maxima,radius15_rel0p12,3,5,0.0,0.7969248785481907,0.8304422184216956,1.0,0.0,0.0,0.0,1.0,0.0,0,2,"[0.5603324172228766, 0.8304422184216956, 1.0]",seed_failures
m05_p01_s31,m05_p01,3,GT_SEMANTIC,prominent_maxima_rel20,prominent_maxima,prominence0p20_radius12,3,5,0.0,0.7969248785481907,0.8304422184216956,1.0,0.0,0.0,0.0,1.0,0.0,0,2,"[0.5603324172228766, 0.8304422184216956, 1.0]",seed_failures
m05_p01_s31,m05_p01,3,GT_SEMANTIC,prominent_maxima_rel30,prominent_maxima,prominence0p30_radius15,3,5,0.0,0.7969248785481907,0.8304422184216956,1.0,0.0,0.0,0.0,1.0,0.0,0,2,"[0.5603324172228766, 0.8304422184216956, 1.0]",seed_failures
m05_p01_s31,m05_p01,3,GT_SEMANTIC,component_aware_maxima,component_aware_maxima,per_component_greedy,3,5,0.0,0.7969248785481907,0.8304422184216956,1.0,0.0,0.0,0.0,1.0,0.0,0,2,"[0.5603324172228766, 0.8304422184216956, 1.0]",seed_failures
m05_p01_s31,m05_p01,3,PREDICTED_SEMANTIC,baseline_connected_components,connected_components,raw_cc,3,7,0.0,0.6484822354990206,0.5887435777673984,0.0,0.0,0.0,0.0,1.0,0.0,0,4,"[0.4830365267125959, 0.5887435777673984, 0.8736666020170675]",seed_failures
m05_p01_s31,m05_p01,3,PREDICTED_SEMANTIC,global_distance_maxima_r09,global_distance_maxima,radius9_rel0p08,3,7,0.0,0.6484822354990206,0.5887435777673984,0.0,0.0,0.0,0.0,1.0,0.0,0,4,"[0.4830365267125959, 0.5887435777673984, 0.8736666020170675]",seed_failures
m05_p01_s31,m05_p01,3,PREDICTED_SEMANTIC,global_distance_maxima_r15,global_distance_maxima,radius15_rel0p12,3,7,0.0,0.6484822354990206,0.5887435777673984,0.0,0.0,0.0,0.0,1.0,0.0,0,4,"[0.4830365267125959, 0.5887435777673984, 0.8736666020170675]",seed_failures
m05_p01_s31,m05_p01,3,PREDICTED_SEMANTIC,prominent_maxima_rel20,prominent_maxima,prominence0p20_radius12,3,7,0.0,0.6484822354990206,0.5887435777673984,0.0,0.0,0.0,0.0,1.0,0.0,0,4,"[0.4830365267125959, 0.5887435777673984, 0.8736666020170675]",seed_failures
m05_p01_s31,m05_p01,3,PREDICTED_SEMANTIC,prominent_maxima_rel30,prominent_maxima,prominence0p30_radius15,3,7,0.0,0.6484822354990206,0.5887435777673984,0.0,0.0,0.0,0.0,1.0,0.0,0,4,"[0.4830365267125959, 0.5887435777673984, 0.8736666020170675]",seed_failures
m05_p01_s31,m05_p01,3,PREDICTED_SEMANTIC,component_aware_maxima,component_aware_maxima,per_component_greedy,3,7,0.0,0.6484822354990206,0.5887435777673984,0.0,0.0,0.0,0.0,1.0,0.0,0,4,"[0.4830365267125959, 0.5887435777673984, 0.8736666020170675]",seed_failures
m05_p01_s32,m05_p01,1,GT_SEMANTIC,baseline_connected_components,connected_components,raw_cc,1,1,1.0,1.0,1.0,1.0,1.0,1.0,0.0,0.0,1.0,0,0,[1.0],seed_failures
m05_p01_s32,m05_p01,1,GT_SEMANTIC,global_distance_maxima_r09,global_distance_maxima,radius9_rel0p08,1,1,1.0,1.0,1.0,1.0,1.0,1.0,0.0,0.0,1.0,0,0,[1.0],other
m05_p01_s32,m05_p01,1,GT_SEMANTIC,global_distance_maxima_r15,global_distance_maxima,radius15_rel0p12,1,1,1.0,1.0,1.0,1.0,1.0,1.0,0.0,0.0,1.0,0,0,[1.0],other
m05_p01_s32,m05_p01,1,GT_SEMANTIC,prominent_maxima_rel20,prominent_maxima,prominence0p20_radius12,1,1,1.0,1.0,1.0,1.0,1.0,1.0,0.0,0.0,1.0,0,0,[1.0],other
m05_p01_s32,m05_p01,1,GT_SEMANTIC,prominent_maxima_rel30,prominent_maxima,prominence0p30_radius15,1,1,1.0,1.0,1.0,1.0,1.0,1.0,0.0,0.0,1.0,0,0,[1.0],other
m05_p01_s32,m05_p01,1,GT_SEMANTIC,component_aware_maxima,component_aware_maxima,per_component_greedy,1,1,1.0,1.0,1.0,1.0,1.0,1.0,0.0,0.0,1.0,0,0,[1.0],other
m05_p01_s32,m05_p01,1,PREDICTED_SEMANTIC,baseline_connected_components,connected_components,raw_cc,1,1,1.0,0.7815973051112702,0.7815973051112702,1.0,1.0,0.0,0.0,0.0,0.0,0,0,[0.7815973051112702],seed_failures
m05_p01_s32,m05_p01,1,PREDICTED_SEMANTIC,global_distance_maxima_r09,global_distance_maxima,radius9_rel0p08,1,1,1.0,0.7815973051112702,0.7815973051112702,1.0,1.0,0.0,0.0,0.0,0.0,0,0,[0.7815973051112702],other
m05_p01_s32,m05_p01,1,PREDICTED_SEMANTIC,global_distance_maxima_r15,global_distance_maxima,radius15_rel0p12,1,1,1.0,0.7815973051112702,0.7815973051112702,1.0,1.0,0.0,0.0,0.0,0.0,0,0,[0.7815973051112702],other
m05_p01_s32,m05_p01,1,PREDICTED_SEMANTIC,prominent_maxima_rel20,prominent_maxima,prominence0p20_radius12,1,1,1.0,0.7815973051112702,0.7815973051112702,1.0,1.0,0.0,0.0,0.0,0.0,0,0,[0.7815973051112702],other
m05_p01_s32,m05_p01,1,PREDICTED_SEMANTIC,prominent_maxima_rel30,prominent_maxima,prominence0p30_radius15,1,1,1.0,0.7815973051112702,0.7815973051112702,1.0,1.0,0.0,0.0,0.0,0.0,0,0,[0.7815973051112702],other
m05_p01_s32,m05_p01,1,PREDICTED_SEMANTIC,component_aware_maxima,component_aware_maxima,per_component_greedy,1,1,1.0,0.7815973051112702,0.7815973051112702,1.0,1.0,0.0,0.0,0.0,0.0,0,0,[0.7815973051112702],other
m05_p01_s33,m05_p01,1,GT_SEMANTIC,baseline_connected_components,connected_components,raw_cc,1,1,1.0,1.0,1.0,1.0,1.0,1.0,0.0,0.0,1.0,0,0,[1.0],seed_failures
m05_p01_s33,m05_p01,1,GT_SEMANTIC,global_distance_maxima_r09,global_distance_maxima,radius9_rel0p08,1,1,1.0,1.0,1.0,1.0,1.0,1.0,0.0,0.0,1.0,0,0,[1.0],other
m05_p01_s33,m05_p01,1,GT_SEMANTIC,global_distance_maxima_r15,global_distance_maxima,radius15_rel0p12,1,1,1.0,1.0,1.0,1.0,1.0,1.0,0.0,0.0,1.0,0,0,[1.0],other
m05_p01_s33,m05_p01,1,GT_SEMANTIC,prominent_maxima_rel20,prominent_maxima,prominence0p20_radius12,1,1,1.0,1.0,1.0,1.0,1.0,1.0,0.0,0.0,1.0,0,0,[1.0],other
m05_p01_s33,m05_p01,1,GT_SEMANTIC,prominent_maxima_rel30,prominent_maxima,prominence0p30_radius15,1,1,1.0,1.0,1.0,1.0,1.0,1.0,0.0,0.0,1.0,0,0,[1.0],other
m05_p01_s33,m05_p01,1,GT_SEMANTIC,component_aware_maxima,component_aware_maxima,per_component_greedy,1,1,1.0,1.0,1.0,1.0,1.0,1.0,0.0,0.0,1.0,0,0,[1.0],other
m05_p01_s33,m05_p01,1,PREDICTED_SEMANTIC,baseline_connected_components,connected_components,raw_cc,1,1,1.0,0.8181761709529134,0.8181761709529134,1.0,1.0,1.0,0.0,0.0,0.0,0,0,[0.8181761709529134],seed_failures
m05_p01_s33,m05_p01,1,PREDICTED_SEMANTIC,global_distance_maxima_r09,global_distance_maxima,radius9_rel0p08,1,1,1.0,0.8181761709529134,0.8181761709529134,1.0,1.0,1.0,0.0,0.0,0.0,0,0,[0.8181761709529134],other
m05_p01_s33,m05_p01,1,PREDICTED_SEMANTIC,global_distance_maxima_r15,global_distance_maxima,radius15_rel0p12,1,1,1.0,0.8181761709529134,0.8181761709529134,1.0,1.0,1.0,0.0,0.0,0.0,0,0,[0.8181761709529134],other
m05_p01_s33,m05_p01,1,PREDICTED_SEMANTIC,prominent_maxima_rel20,prominent_maxima,prominence0p20_radius12,1,1,1.0,0.8181761709529134,0.8181761709529134,1.0,1.0,1.0,0.0,0.0,0.0,0,0,[0.8181761709529134],other
m05_p01_s33,m05_p01,1,PREDICTED_SEMANTIC,prominent_maxima_rel30,prominent_maxima,prominence0p30_radius15,1,1,1.0,0.8181761709529134,0.8181761709529134,1.0,1.0,1.0,0.0,0.0,0.0,0,0,[0.8181761709529134],other
m05_p01_s33,m05_p01,1,PREDICTED_SEMANTIC,component_aware_maxima,component_aware_maxima,per_component_greedy,1,1,1.0,0.8181761709529134,0.8181761709529134,1.0,1.0,1.0,0.0,0.0,0.0,0,0,[0.8181761709529134],other
m05_p01_s34,m05_p01,2,GT_SEMANTIC,baseline_connected_components,connected_components,raw_cc,2,3,0.0,0.9052743255531979,0.9052743255531979,1.0,1.0,1.0,0.0,1.0,0.0,0,1,"[1.0, 0.8105486511063958]",seed_failures
m05_p01_s34,m05_p01,2,GT_SEMANTIC,global_distance_maxima_r09,global_distance_maxima,radius9_rel0p08,2,3,0.0,0.9052743255531979,0.9052743255531979,1.0,1.0,1.0,0.0,1.0,0.0,0,1,"[1.0, 0.8105486511063958]",seed_failures
m05_p01_s34,m05_p01,2,GT_SEMANTIC,global_distance_maxima_r15,global_distance_maxima,radius15_rel0p12,2,3,0.0,0.9052743255531979,0.9052743255531979,1.0,1.0,1.0,0.0,1.0,0.0,0,1,"[1.0, 0.8105486511063958]",seed_failures
m05_p01_s34,m05_p01,2,GT_SEMANTIC,prominent_maxima_rel20,prominent_maxima,prominence0p20_radius12,2,3,0.0,0.9052743255531979,0.9052743255531979,1.0,1.0,1.0,0.0,1.0,0.0,0,1,"[1.0, 0.8105486511063958]",seed_failures
m05_p01_s34,m05_p01,2,GT_SEMANTIC,prominent_maxima_rel30,prominent_maxima,prominence0p30_radius15,2,3,0.0,0.9052743255531979,0.9052743255531979,1.0,1.0,1.0,0.0,1.0,0.0,0,1,"[1.0, 0.8105486511063958]",seed_failures
m05_p01_s34,m05_p01,2,GT_SEMANTIC,component_aware_maxima,component_aware_maxima,per_component_greedy,2,3,0.0,0.9052743255531979,0.9052743255531979,1.0,1.0,1.0,0.0,1.0,0.0,0,1,"[1.0, 0.8105486511063958]",seed_failures
m05_p01_s34,m05_p01,2,PREDICTED_SEMANTIC,baseline_connected_components,connected_components,raw_cc,2,1,0.0,0.39983116312417605,0.39983116312417605,0.0,0.0,0.0,1.0,0.0,0.0,1,0,"[0.7996623262483521, 0.0]",false_semantic_bridges
m05_p01_s34,m05_p01,2,PREDICTED_SEMANTIC,global_distance_maxima_r09,global_distance_maxima,radius9_rel0p08,2,2,1.0,0.30052445591204846,0.30052445591204846,0.0,0.0,0.0,0.0,0.0,0.0,1,1,"[0.6010489118240969, 0.0]",false_semantic_bridges
m05_p01_s34,m05_p01,2,PREDICTED_SEMANTIC,global_distance_maxima_r15,global_distance_maxima,radius15_rel0p12,2,2,1.0,0.30052445591204846,0.30052445591204846,0.0,0.0,0.0,0.0,0.0,0.0,1,1,"[0.6010489118240969, 0.0]",false_semantic_bridges
m05_p01_s34,m05_p01,2,PREDICTED_SEMANTIC,prominent_maxima_rel20,prominent_maxima,prominence0p20_radius12,2,2,1.0,0.30052445591204846,0.30052445591204846,0.0,0.0,0.0,0.0,0.0,0.0,1,1,"[0.6010489118240969, 0.0]",false_semantic_bridges
m05_p01_s34,m05_p01,2,PREDICTED_SEMANTIC,prominent_maxima_rel30,prominent_maxima,prominence0p30_radius15,2,2,1.0,0.30052445591204846,0.30052445591204846,0.0,0.0,0.0,0.0,0.0,0.0,1,1,"[0.6010489118240969, 0.0]",false_semantic_bridges
m05_p01_s34,m05_p01,2,PREDICTED_SEMANTIC,component_aware_maxima,component_aware_maxima,per_component_greedy,2,2,1.0,0.30052445591204846,0.30052445591204846,0.0,0.0,0.0,0.0,0.0,0.0,1,1,"[0.6010489118240969, 0.0]",false_semantic_bridges
m05_p01_s35,m05_p01,3,GT_SEMANTIC,baseline_connected_components,connected_components,raw_cc,3,4,0.0,0.9468347817827801,1.0,1.0,1.0,1.0,0.0,1.0,0.0,0,1,"[1.0, 0.8405043453483402, 1.0]",seed_failures
m05_p01_s35,m05_p01,3,GT_SEMANTIC,global_distance_maxima_r09,global_distance_maxima,radius9_rel0p08,3,4,0.0,0.9468347817827801,1.0,1.0,1.0,1.0,0.0,1.0,0.0,0,1,"[1.0, 0.8405043453483402, 1.0]",seed_failures
m05_p01_s35,m05_p01,3,GT_SEMANTIC,global_distance_maxima_r15,global_distance_maxima,radius15_rel0p12,3,4,0.0,0.9468347817827801,1.0,1.0,1.0,1.0,0.0,1.0,0.0,0,1,"[1.0, 0.8405043453483402, 1.0]",seed_failures
m05_p01_s35,m05_p01,3,GT_SEMANTIC,prominent_maxima_rel20,prominent_maxima,prominence0p20_radius12,3,4,0.0,0.9468347817827801,1.0,1.0,1.0,1.0,0.0,1.0,0.0,0,1,"[1.0, 0.8405043453483402, 1.0]",seed_failures
m05_p01_s35,m05_p01,3,GT_SEMANTIC,prominent_maxima_rel30,prominent_maxima,prominence0p30_radius15,3,4,0.0,0.9468347817827801,1.0,1.0,1.0,1.0,0.0,1.0,0.0,0,1,"[1.0, 0.8405043453483402, 1.0]",seed_failures
m05_p01_s35,m05_p01,3,GT_SEMANTIC,component_aware_maxima,component_aware_maxima,per_component_greedy,3,4,0.0,0.9468347817827801,1.0,1.0,1.0,1.0,0.0,1.0,0.0,0,1,"[1.0, 0.8405043453483402, 1.0]",seed_failures
m05_p01_s35,m05_p01,3,PREDICTED_SEMANTIC,baseline_connected_components,connected_components,raw_cc,3,8,0.0,0.6354564359414924,0.8063648807195932,0.0,0.0,0.0,0.0,1.0,0.0,0,5,"[0.8063648807195932, 0.8277585544021531, 0.27224587270273076]",missing_semantic_tissue
m05_p01_s35,m05_p01,3,PREDICTED_SEMANTIC,global_distance_maxima_r09,global_distance_maxima,radius9_rel0p08,3,8,0.0,0.6354564359414924,0.8063648807195932,0.0,0.0,0.0,0.0,1.0,0.0,0,5,"[0.8063648807195932, 0.8277585544021531, 0.27224587270273076]",missing_semantic_tissue
m05_p01_s35,m05_p01,3,PREDICTED_SEMANTIC,global_distance_maxima_r15,global_distance_maxima,radius15_rel0p12,3,8,0.0,0.6354564359414924,0.8063648807195932,0.0,0.0,0.0,0.0,1.0,0.0,0,5,"[0.8063648807195932, 0.8277585544021531, 0.27224587270273076]",missing_semantic_tissue
m05_p01_s35,m05_p01,3,PREDICTED_SEMANTIC,prominent_maxima_rel20,prominent_maxima,prominence0p20_radius12,3,8,0.0,0.6354564359414924,0.8063648807195932,0.0,0.0,0.0,0.0,1.0,0.0,0,5,"[0.8063648807195932, 0.8277585544021531, 0.27224587270273076]",missing_semantic_tissue
m05_p01_s35,m05_p01,3,PREDICTED_SEMANTIC,prominent_maxima_rel30,prominent_maxima,prominence0p30_radius15,3,8,0.0,0.6354564359414924,0.8063648807195932,0.0,0.0,0.0,0.0,1.0,0.0,0,5,"[0.8063648807195932, 0.8277585544021531, 0.27224587270273076]",missing_semantic_tissue
m05_p01_s35,m05_p01,3,PREDICTED_SEMANTIC,component_aware_maxima,component_aware_maxima,per_component_greedy,3,8,0.0,0.6354564359414924,0.8063648807195932,0.0,0.0,0.0,0.0,1.0,0.0,0,5,"[0.8063648807195932, 0.8277585544021531, 0.27224587270273076]",missing_semantic_tissue
m05_p01_s36,m05_p01,2,GT_SEMANTIC,baseline_connected_components,connected_components,raw_cc,2,2,1.0,1.0,1.0,1.0,1.0,1.0,0.0,0.0,1.0,0,0,"[1.0, 1.0]",seed_failures
m05_p01_s36,m05_p01,2,GT_SEMANTIC,global_distance_maxima_r09,global_distance_maxima,radius9_rel0p08,2,2,1.0,1.0,1.0,1.0,1.0,1.0,0.0,0.0,1.0,0,0,"[1.0, 1.0]",other
m05_p01_s36,m05_p01,2,GT_SEMANTIC,global_distance_maxima_r15,global_distance_maxima,radius15_rel0p12,2,2,1.0,1.0,1.0,1.0,1.0,1.0,0.0,0.0,1.0,0,0,"[1.0, 1.0]",other
m05_p01_s36,m05_p01,2,GT_SEMANTIC,prominent_maxima_rel20,prominent_maxima,prominence0p20_radius12,2,2,1.0,1.0,1.0,1.0,1.0,1.0,0.0,0.0,1.0,0,0,"[1.0, 1.0]",other
m05_p01_s36,m05_p01,2,GT_SEMANTIC,prominent_maxima_rel30,prominent_maxima,prominence0p30_radius15,2,2,1.0,1.0,1.0,1.0,1.0,1.0,0.0,0.0,1.0,0,0,"[1.0, 1.0]",other
m05_p01_s36,m05_p01,2,GT_SEMANTIC,component_aware_maxima,component_aware_maxima,per_component_greedy,2,2,1.0,1.0,1.0,1.0,1.0,1.0,0.0,0.0,1.0,0,0,"[1.0, 1.0]",other
m05_p01_s36,m05_p01,2,PREDICTED_SEMANTIC,baseline_connected_components,connected_components,raw_cc,2,2,1.0,0.853283201161428,0.853283201161428,1.0,1.0,1.0,0.0,0.0,0.0,0,0,"[0.864831626492554, 0.8417347758303019]",false_semantic_bridges
m05_p01_s36,m05_p01,2,PREDICTED_SEMANTIC,global_distance_maxima_r09,global_distance_maxima,radius9_rel0p08,2,2,1.0,0.853283201161428,0.853283201161428,1.0,1.0,1.0,0.0,0.0,0.0,0,0,"[0.864831626492554, 0.8417347758303019]",false_semantic_bridges
m05_p01_s36,m05_p01,2,PREDICTED_SEMANTIC,global_distance_maxima_r15,global_distance_maxima,radius15_rel0p12,2,2,1.0,0.853283201161428,0.853283201161428,1.0,1.0,1.0,0.0,0.0,0.0,0,0,"[0.864831626492554, 0.8417347758303019]",false_semantic_bridges
m05_p01_s36,m05_p01,2,PREDICTED_SEMANTIC,prominent_maxima_rel20,prominent_maxima,prominence0p20_radius12,2,2,1.0,0.853283201161428,0.853283201161428,1.0,1.0,1.0,0.0,0.0,0.0,0,0,"[0.864831626492554, 0.8417347758303019]",false_semantic_bridges
m05_p01_s36,m05_p01,2,PREDICTED_SEMANTIC,prominent_maxima_rel30,prominent_maxima,prominence0p30_radius15,2,2,1.0,0.853283201161428,0.853283201161428,1.0,1.0,1.0,0.0,0.0,0.0,0,0,"[0.864831626492554, 0.8417347758303019]",false_semantic_bridges
m05_p01_s36,m05_p01,2,PREDICTED_SEMANTIC,component_aware_maxima,component_aware_maxima,per_component_greedy,2,2,1.0,0.853283201161428,0.853283201161428,1.0,1.0,1.0,0.0,0.0,0.0,0,0,"[0.864831626492554, 0.8417347758303019]",false_semantic_bridges
m05_p01_s37,m05_p01,3,GT_SEMANTIC,baseline_connected_components,connected_components,raw_cc,3,3,1.0,1.0,1.0,1.0,1.0,1.0,0.0,0.0,1.0,0,0,"[1.0, 1.0, 1.0]",seed_failures
m05_p01_s37,m05_p01,3,GT_SEMANTIC,global_distance_maxima_r09,global_distance_maxima,radius9_rel0p08,3,3,1.0,1.0,1.0,1.0,1.0,1.0,0.0,0.0,1.0,0,0,"[1.0, 1.0, 1.0]",other
m05_p01_s37,m05_p01,3,GT_SEMANTIC,global_distance_maxima_r15,global_distance_maxima,radius15_rel0p12,3,3,1.0,1.0,1.0,1.0,1.0,1.0,0.0,0.0,1.0,0,0,"[1.0, 1.0, 1.0]",other
m05_p01_s37,m05_p01,3,GT_SEMANTIC,prominent_maxima_rel20,prominent_maxima,prominence0p20_radius12,3,3,1.0,1.0,1.0,1.0,1.0,1.0,0.0,0.0,1.0,0,0,"[1.0, 1.0, 1.0]",other
m05_p01_s37,m05_p01,3,GT_SEMANTIC,prominent_maxima_rel30,prominent_maxima,prominence0p30_radius15,3,3,1.0,1.0,1.0,1.0,1.0,1.0,0.0,0.0,1.0,0,0,"[1.0, 1.0, 1.0]",other
m05_p01_s37,m05_p01,3,GT_SEMANTIC,component_aware_maxima,component_aware_maxima,per_component_greedy,3,3,1.0,1.0,1.0,1.0,1.0,1.0,0.0,0.0,1.0,0,0,"[1.0, 1.0, 1.0]",other
m05_p01_s37,m05_p01,3,PREDICTED_SEMANTIC,baseline_connected_components,connected_components,raw_cc,3,3,1.0,0.7953070316842096,0.84,1.0,0.0,0.0,0.0,0.0,0.0,0,0,"[0.84, 0.6712668082094834, 0.8746542868431451]",false_semantic_bridges
m05_p01_s37,m05_p01,3,PREDICTED_SEMANTIC,global_distance_maxima_r09,global_distance_maxima,radius9_rel0p08,3,3,1.0,0.7953070316842096,0.84,1.0,0.0,0.0,0.0,0.0,0.0,0,0,"[0.84, 0.6712668082094834, 0.8746542868431451]",false_semantic_bridges
m05_p01_s37,m05_p01,3,PREDICTED_SEMANTIC,global_distance_maxima_r15,global_distance_maxima,radius15_rel0p12,3,3,1.0,0.7953070316842096,0.84,1.0,0.0,0.0,0.0,0.0,0.0,0,0,"[0.84, 0.6712668082094834, 0.8746542868431451]",false_semantic_bridges
m05_p01_s37,m05_p01,3,PREDICTED_SEMANTIC,prominent_maxima_rel20,prominent_maxima,prominence0p20_radius12,3,3,1.0,0.7953070316842096,0.84,1.0,0.0,0.0,0.0,0.0,0.0,0,0,"[0.84, 0.6712668082094834, 0.8746542868431451]",false_semantic_bridges
m05_p01_s37,m05_p01,3,PREDICTED_SEMANTIC,prominent_maxima_rel30,prominent_maxima,prominence0p30_radius15,3,3,1.0,0.7953070316842096,0.84,1.0,0.0,0.0,0.0,0.0,0.0,0,0,"[0.84, 0.6712668082094834, 0.8746542868431451]",false_semantic_bridges
m05_p01_s37,m05_p01,3,PREDICTED_SEMANTIC,component_aware_maxima,component_aware_maxima,per_component_greedy,3,3,1.0,0.7953070316842096,0.84,1.0,0.0,0.0,0.0,0.0,0.0,0,0,"[0.84, 0.6712668082094834, 0.8746542868431451]",false_semantic_bridges
m05_p01_s38,m05_p01,3,GT_SEMANTIC,baseline_connected_components,connected_components,raw_cc,3,3,1.0,1.0,1.0,1.0,1.0,1.0,0.0,0.0,1.0,0,0,"[1.0, 1.0, 1.0]",seed_failures
m05_p01_s38,m05_p01,3,GT_SEMANTIC,global_distance_maxima_r09,global_distance_maxima,radius9_rel0p08,3,3,1.0,1.0,1.0,1.0,1.0,1.0,0.0,0.0,1.0,0,0,"[1.0, 1.0, 1.0]",other
m05_p01_s38,m05_p01,3,GT_SEMANTIC,global_distance_maxima_r15,global_distance_maxima,radius15_rel0p12,3,3,1.0,1.0,1.0,1.0,1.0,1.0,0.0,0.0,1.0,0,0,"[1.0, 1.0, 1.0]",other
m05_p01_s38,m05_p01,3,GT_SEMANTIC,prominent_maxima_rel20,prominent_maxima,prominence0p20_radius12,3,3,1.0,1.0,1.0,1.0,1.0,1.0,0.0,0.0,1.0,0,0,"[1.0, 1.0, 1.0]",other
m05_p01_s38,m05_p01,3,GT_SEMANTIC,prominent_maxima_rel30,prominent_maxima,prominence0p30_radius15,3,3,1.0,1.0,1.0,1.0,1.0,1.0,0.0,0.0,1.0,0,0,"[1.0, 1.0, 1.0]",other
m05_p01_s38,m05_p01,3,GT_SEMANTIC,component_aware_maxima,component_aware_maxima,per_component_greedy,3,3,1.0,1.0,1.0,1.0,1.0,1.0,0.0,0.0,1.0,0,0,"[1.0, 1.0, 1.0]",other
m05_p01_s38,m05_p01,3,PREDICTED_SEMANTIC,baseline_connected_components,connected_components,raw_cc,3,2,0.0,0.3443049110988042,0.6863396820537491,0.0,0.0,0.0,1.0,0.0,0.0,1,0,"[0.8405125408942202, 0.0, 0.6863396820537491]",false_semantic_bridges
m05_p01_s38,m05_p01,3,PREDICTED_SEMANTIC,global_distance_maxima_r09,global_distance_maxima,radius9_rel0p08,3,2,0.0,0.3443049110988042,0.6863396820537491,0.0,0.0,0.0,1.0,0.0,0.0,1,0,"[0.8405125408942202, 0.0, 0.6863396820537491]",false_semantic_bridges
m05_p01_s38,m05_p01,3,PREDICTED_SEMANTIC,global_distance_maxima_r15,global_distance_maxima,radius15_rel0p12,3,2,0.0,0.3443049110988042,0.6863396820537491,0.0,0.0,0.0,1.0,0.0,0.0,1,0,"[0.8405125408942202, 0.0, 0.6863396820537491]",false_semantic_bridges
m05_p01_s38,m05_p01,3,PREDICTED_SEMANTIC,prominent_maxima_rel20,prominent_maxima,prominence0p20_radius12,3,2,0.0,0.3443049110988042,0.6863396820537491,0.0,0.0,0.0,1.0,0.0,0.0,1,0,"[0.8405125408942202, 0.0, 0.6863396820537491]",false_semantic_bridges
m05_p01_s38,m05_p01,3,PREDICTED_SEMANTIC,prominent_maxima_rel30,prominent_maxima,prominence0p30_radius15,3,2,0.0,0.3443049110988042,0.6863396820537491,0.0,0.0,0.0,1.0,0.0,0.0,1,0,"[0.8405125408942202, 0.0, 0.6863396820537491]",false_semantic_bridges
m05_p01_s38,m05_p01,3,PREDICTED_SEMANTIC,component_aware_maxima,component_aware_maxima,per_component_greedy,3,2,0.0,0.3443049110988042,0.6863396820537491,0.0,0.0,0.0,1.0,0.0,0.0,1,0,"[0.8405125408942202, 0.0, 0.6863396820537491]",false_semantic_bridges
m05_p01_s39,m05_p01,1,GT_SEMANTIC,baseline_connected_components,connected_components,raw_cc,1,1,1.0,1.0,1.0,1.0,1.0,1.0,0.0,0.0,1.0,0,0,[1.0],seed_failures
m05_p01_s39,m05_p01,1,GT_SEMANTIC,global_distance_maxima_r09,global_distance_maxima,radius9_rel0p08,1,1,1.0,1.0,1.0,1.0,1.0,1.0,0.0,0.0,1.0,0,0,[1.0],other
m05_p01_s39,m05_p01,1,GT_SEMANTIC,global_distance_maxima_r15,global_distance_maxima,radius15_rel0p12,1,1,1.0,1.0,1.0,1.0,1.0,1.0,0.0,0.0,1.0,0,0,[1.0],other
m05_p01_s39,m05_p01,1,GT_SEMANTIC,prominent_maxima_rel20,prominent_maxima,prominence0p20_radius12,1,1,1.0,1.0,1.0,1.0,1.0,1.0,0.0,0.0,1.0,0,0,[1.0],other
m05_p01_s39,m05_p01,1,GT_SEMANTIC,prominent_maxima_rel30,prominent_maxima,prominence0p30_radius15,1,1,1.0,1.0,1.0,1.0,1.0,1.0,0.0,0.0,1.0,0,0,[1.0],other
m05_p01_s39,m05_p01,1,GT_SEMANTIC,component_aware_maxima,component_aware_maxima,per_component_greedy,1,1,1.0,1.0,1.0,1.0,1.0,1.0,0.0,0.0,1.0,0,0,[1.0],other
m05_p01_s39,m05_p01,1,PREDICTED_SEMANTIC,baseline_connected_components,connected_components,raw_cc,1,2,0.0,0.8298888810248425,0.8298888810248425,1.0,1.0,1.0,0.0,1.0,0.0,0,1,[0.8298888810248425],seed_failures
m05_p01_s39,m05_p01,1,PREDICTED_SEMANTIC,global_distance_maxima_r09,global_distance_maxima,radius9_rel0p08,1,2,0.0,0.8298888810248425,0.8298888810248425,1.0,1.0,1.0,0.0,1.0,0.0,0,1,[0.8298888810248425],seed_failures
m05_p01_s39,m05_p01,1,PREDICTED_SEMANTIC,global_distance_maxima_r15,global_distance_maxima,radius15_rel0p12,1,2,0.0,0.8298888810248425,0.8298888810248425,1.0,1.0,1.0,0.0,1.0,0.0,0,1,[0.8298888810248425],seed_failures
m05_p01_s39,m05_p01,1,PREDICTED_SEMANTIC,prominent_maxima_rel20,prominent_maxima,prominence0p20_radius12,1,2,0.0,0.8298888810248425,0.8298888810248425,1.0,1.0,1.0,0.0,1.0,0.0,0,1,[0.8298888810248425],seed_failures
m05_p01_s39,m05_p01,1,PREDICTED_SEMANTIC,prominent_maxima_rel30,prominent_maxima,prominence0p30_radius15,1,2,0.0,0.8298888810248425,0.8298888810248425,1.0,1.0,1.0,0.0,1.0,0.0,0,1,[0.8298888810248425],seed_failures
m05_p01_s39,m05_p01,1,PREDICTED_SEMANTIC,component_aware_maxima,component_aware_maxima,per_component_greedy,1,2,0.0,0.8298888810248425,0.8298888810248425,1.0,1.0,1.0,0.0,1.0,0.0,0,1,[0.8298888810248425],seed_failures
m05_p01_s40,m05_p01,1,GT_SEMANTIC,baseline_connected_components,connected_components,raw_cc,1,1,1.0,1.0,1.0,1.0,1.0,1.0,0.0,0.0,1.0,0,0,[1.0],seed_failures
m05_p01_s40,m05_p01,1,GT_SEMANTIC,global_distance_maxima_r09,global_distance_maxima,radius9_rel0p08,1,1,1.0,1.0,1.0,1.0,1.0,1.0,0.0,0.0,1.0,0,0,[1.0],other
m05_p01_s40,m05_p01,1,GT_SEMANTIC,global_distance_maxima_r15,global_distance_maxima,radius15_rel0p12,1,1,1.0,1.0,1.0,1.0,1.0,1.0,0.0,0.0,1.0,0,0,[1.0],other
m05_p01_s40,m05_p01,1,GT_SEMANTIC,prominent_maxima_rel20,prominent_maxima,prominence0p20_radius12,1,1,1.0,1.0,1.0,1.0,1.0,1.0,0.0,0.0,1.0,0,0,[1.0],other
m05_p01_s40,m05_p01,1,GT_SEMANTIC,prominent_maxima_rel30,prominent_maxima,prominence0p30_radius15,1,1,1.0,1.0,1.0,1.0,1.0,1.0,0.0,0.0,1.0,0,0,[1.0],other
m05_p01_s40,m05_p01,1,GT_SEMANTIC,component_aware_maxima,component_aware_maxima,per_component_greedy,1,1,1.0,1.0,1.0,1.0,1.0,1.0,0.0,0.0,1.0,0,0,[1.0],other
m05_p01_s40,m05_p01,1,PREDICTED_SEMANTIC,baseline_connected_components,connected_components,raw_cc,1,2,0.0,0.7461143863410152,0.7461143863410152,1.0,1.0,0.0,0.0,1.0,0.0,0,1,[0.7461143863410152],seed_failures
m05_p01_s40,m05_p01,1,PREDICTED_SEMANTIC,global_distance_maxima_r09,global_distance_maxima,radius9_rel0p08,1,2,0.0,0.7461143863410152,0.7461143863410152,1.0,1.0,0.0,0.0,1.0,0.0,0,1,[0.7461143863410152],seed_failures
m05_p01_s40,m05_p01,1,PREDICTED_SEMANTIC,global_distance_maxima_r15,global_distance_maxima,radius15_rel0p12,1,2,0.0,0.7461143863410152,0.7461143863410152,1.0,1.0,0.0,0.0,1.0,0.0,0,1,[0.7461143863410152],seed_failures
m05_p01_s40,m05_p01,1,PREDICTED_SEMANTIC,prominent_maxima_rel20,prominent_maxima,prominence0p20_radius12,1,2,0.0,0.7461143863410152,0.7461143863410152,1.0,1.0,0.0,0.0,1.0,0.0,0,1,[0.7461143863410152],seed_failures
m05_p01_s40,m05_p01,1,PREDICTED_SEMANTIC,prominent_maxima_rel30,prominent_maxima,prominence0p30_radius15,1,2,0.0,0.7461143863410152,0.7461143863410152,1.0,1.0,0.0,0.0,1.0,0.0,0,1,[0.7461143863410152],seed_failures
m05_p01_s40,m05_p01,1,PREDICTED_SEMANTIC,component_aware_maxima,component_aware_maxima,per_component_greedy,1,2,0.0,0.7461143863410152,0.7461143863410152,1.0,1.0,0.0,0.0,1.0,0.0,0,1,[0.7461143863410152],seed_failures
m05_p01_s41,m05_p01,2,GT_SEMANTIC,baseline_connected_components,connected_components,raw_cc,2,6,0.0,0.9166522775874308,0.9166522775874308,1.0,1.0,1.0,0.0,1.0,0.0,0,4,"[0.9999163972801248, 0.8333881578947369]",seed_failures
m05_p01_s41,m05_p01,2,GT_SEMANTIC,global_distance_maxima_r09,global_distance_maxima,radius9_rel0p08,2,6,0.0,0.9166522775874308,0.9166522775874308,1.0,1.0,1.0,0.0,1.0,0.0,0,4,"[0.9999163972801248, 0.8333881578947369]",seed_failures
m05_p01_s41,m05_p01,2,GT_SEMANTIC,global_distance_maxima_r15,global_distance_maxima,radius15_rel0p12,2,6,0.0,0.9166522775874308,0.9166522775874308,1.0,1.0,1.0,0.0,1.0,0.0,0,4,"[0.9999163972801248, 0.8333881578947369]",seed_failures
m05_p01_s41,m05_p01,2,GT_SEMANTIC,prominent_maxima_rel20,prominent_maxima,prominence0p20_radius12,2,6,0.0,0.9166522775874308,0.9166522775874308,1.0,1.0,1.0,0.0,1.0,0.0,0,4,"[0.9999163972801248, 0.8333881578947369]",seed_failures
m05_p01_s41,m05_p01,2,GT_SEMANTIC,prominent_maxima_rel30,prominent_maxima,prominence0p30_radius15,2,6,0.0,0.9166522775874308,0.9166522775874308,1.0,1.0,1.0,0.0,1.0,0.0,0,4,"[0.9999163972801248, 0.8333881578947369]",seed_failures
m05_p01_s41,m05_p01,2,GT_SEMANTIC,component_aware_maxima,component_aware_maxima,per_component_greedy,2,6,0.0,0.9166522775874308,0.9166522775874308,1.0,1.0,1.0,0.0,1.0,0.0,0,4,"[0.9999163972801248, 0.8333881578947369]",seed_failures
m05_p01_s41,m05_p01,2,PREDICTED_SEMANTIC,baseline_connected_components,connected_components,raw_cc,2,4,0.0,0.39066014329770216,0.39066014329770216,0.0,0.0,0.0,0.0,1.0,0.0,1,3,"[0.7813202865954043, 0.0]",false_semantic_bridges
m05_p01_s41,m05_p01,2,PREDICTED_SEMANTIC,global_distance_maxima_r09,global_distance_maxima,radius9_rel0p08,2,4,0.0,0.39066014329770216,0.39066014329770216,0.0,0.0,0.0,0.0,1.0,0.0,1,3,"[0.7813202865954043, 0.0]",false_semantic_bridges
m05_p01_s41,m05_p01,2,PREDICTED_SEMANTIC,global_distance_maxima_r15,global_distance_maxima,radius15_rel0p12,2,4,0.0,0.39066014329770216,0.39066014329770216,0.0,0.0,0.0,0.0,1.0,0.0,1,3,"[0.7813202865954043, 0.0]",false_semantic_bridges
m05_p01_s41,m05_p01,2,PREDICTED_SEMANTIC,prominent_maxima_rel20,prominent_maxima,prominence0p20_radius12,2,4,0.0,0.39066014329770216,0.39066014329770216,0.0,0.0,0.0,0.0,1.0,0.0,1,3,"[0.7813202865954043, 0.0]",false_semantic_bridges
m05_p01_s41,m05_p01,2,PREDICTED_SEMANTIC,prominent_maxima_rel30,prominent_maxima,prominence0p30_radius15,2,4,0.0,0.39066014329770216,0.39066014329770216,0.0,0.0,0.0,0.0,1.0,0.0,1,3,"[0.7813202865954043, 0.0]",false_semantic_bridges
m05_p01_s41,m05_p01,2,PREDICTED_SEMANTIC,component_aware_maxima,component_aware_maxima,per_component_greedy,2,4,0.0,0.39066014329770216,0.39066014329770216,0.0,0.0,0.0,0.0,1.0,0.0,1,3,"[0.7813202865954043, 0.0]",false_semantic_bridges
m05_p01_s42,m05_p01,3,GT_SEMANTIC,baseline_connected_components,connected_components,raw_cc,3,5,0.0,0.8359349272212343,1.0,1.0,0.0,0.0,0.0,1.0,0.0,0,2,"[0.5078047816637028, 1.0, 1.0]",seed_failures
m05_p01_s42,m05_p01,3,GT_SEMANTIC,global_distance_maxima_r09,global_distance_maxima,radius9_rel0p08,3,5,0.0,0.8359349272212343,1.0,1.0,0.0,0.0,0.0,1.0,0.0,0,2,"[0.5078047816637028, 1.0, 1.0]",seed_failures
m05_p01_s42,m05_p01,3,GT_SEMANTIC,global_distance_maxima_r15,global_distance_maxima,radius15_rel0p12,3,5,0.0,0.8359349272212343,1.0,1.0,0.0,0.0,0.0,1.0,0.0,0,2,"[0.5078047816637028, 1.0, 1.0]",seed_failures
m05_p01_s42,m05_p01,3,GT_SEMANTIC,prominent_maxima_rel20,prominent_maxima,prominence0p20_radius12,3,5,0.0,0.8359349272212343,1.0,1.0,0.0,0.0,0.0,1.0,0.0,0,2,"[0.5078047816637028, 1.0, 1.0]",seed_failures
m05_p01_s42,m05_p01,3,GT_SEMANTIC,prominent_maxima_rel30,prominent_maxima,prominence0p30_radius15,3,5,0.0,0.8359349272212343,1.0,1.0,0.0,0.0,0.0,1.0,0.0,0,2,"[0.5078047816637028, 1.0, 1.0]",seed_failures
m05_p01_s42,m05_p01,3,GT_SEMANTIC,component_aware_maxima,component_aware_maxima,per_component_greedy,3,5,0.0,0.8359349272212343,1.0,1.0,0.0,0.0,0.0,1.0,0.0,0,2,"[0.5078047816637028, 1.0, 1.0]",seed_failures
m05_p01_s42,m05_p01,3,PREDICTED_SEMANTIC,baseline_connected_components,connected_components,raw_cc,3,6,0.0,0.6072327558632834,0.5412921348314607,0.0,0.0,0.0,0.0,1.0,0.0,0,3,"[0.4048706240487062, 0.5412921348314607, 0.8755355087096836]",seed_failures
m05_p01_s42,m05_p01,3,PREDICTED_SEMANTIC,global_distance_maxima_r09,global_distance_maxima,radius9_rel0p08,3,6,0.0,0.6072327558632834,0.5412921348314607,0.0,0.0,0.0,0.0,1.0,0.0,0,3,"[0.4048706240487062, 0.5412921348314607, 0.8755355087096836]",seed_failures
m05_p01_s42,m05_p01,3,PREDICTED_SEMANTIC,global_distance_maxima_r15,global_distance_maxima,radius15_rel0p12,3,6,0.0,0.6072327558632834,0.5412921348314607,0.0,0.0,0.0,0.0,1.0,0.0,0,3,"[0.4048706240487062, 0.5412921348314607, 0.8755355087096836]",seed_failures
m05_p01_s42,m05_p01,3,PREDICTED_SEMANTIC,prominent_maxima_rel20,prominent_maxima,prominence0p20_radius12,3,6,0.0,0.6072327558632834,0.5412921348314607,0.0,0.0,0.0,0.0,1.0,0.0,0,3,"[0.4048706240487062, 0.5412921348314607, 0.8755355087096836]",seed_failures
m05_p01_s42,m05_p01,3,PREDICTED_SEMANTIC,prominent_maxima_rel30,prominent_maxima,prominence0p30_radius15,3,6,0.0,0.6072327558632834,0.5412921348314607,0.0,0.0,0.0,0.0,1.0,0.0,0,3,"[0.4048706240487062, 0.5412921348314607, 0.8755355087096836]",seed_failures
m05_p01_s42,m05_p01,3,PREDICTED_SEMANTIC,component_aware_maxima,component_aware_maxima,per_component_greedy,3,6,0.0,0.6072327558632834,0.5412921348314607,0.0,0.0,0.0,0.0,1.0,0.0,0,3,"[0.4048706240487062, 0.5412921348314607, 0.8755355087096836]",seed_failures
m05_p01_s43,m05_p01,3,GT_SEMANTIC,baseline_connected_components,connected_components,raw_cc,3,3,1.0,1.0,1.0,1.0,1.0,1.0,0.0,0.0,1.0,0,0,"[1.0, 1.0, 1.0]",seed_failures
m05_p01_s43,m05_p01,3,GT_SEMANTIC,global_distance_maxima_r09,global_distance_maxima,radius9_rel0p08,3,3,1.0,1.0,1.0,1.0,1.0,1.0,0.0,0.0,1.0,0,0,"[1.0, 1.0, 1.0]",other
m05_p01_s43,m05_p01,3,GT_SEMANTIC,global_distance_maxima_r15,global_distance_maxima,radius15_rel0p12,3,3,1.0,1.0,1.0,1.0,1.0,1.0,0.0,0.0,1.0,0,0,"[1.0, 1.0, 1.0]",other
m05_p01_s43,m05_p01,3,GT_SEMANTIC,prominent_maxima_rel20,prominent_maxima,prominence0p20_radius12,3,3,1.0,1.0,1.0,1.0,1.0,1.0,0.0,0.0,1.0,0,0,"[1.0, 1.0, 1.0]",other
m05_p01_s43,m05_p01,3,GT_SEMANTIC,prominent_maxima_rel30,prominent_maxima,prominence0p30_radius15,3,3,1.0,1.0,1.0,1.0,1.0,1.0,0.0,0.0,1.0,0,0,"[1.0, 1.0, 1.0]",other
m05_p01_s43,m05_p01,3,GT_SEMANTIC,component_aware_maxima,component_aware_maxima,per_component_greedy,3,3,1.0,1.0,1.0,1.0,1.0,1.0,0.0,0.0,1.0,0,0,"[1.0, 1.0, 1.0]",other
m05_p01_s43,m05_p01,3,PREDICTED_SEMANTIC,baseline_connected_components,connected_components,raw_cc,3,2,0.0,0.13260565012749573,0.0,0.0,0.0,0.0,1.0,0.0,0.0,2,1,"[0.0, 0.0, 0.47950229402069816]",false_semantic_bridges
m05_p01_s43,m05_p01,3,PREDICTED_SEMANTIC,global_distance_maxima_r09,global_distance_maxima,radius9_rel0p08,3,3,1.0,0.48524986811443965,0.7117253293025264,0.0,0.0,0.0,0.0,0.0,0.0,1,1,"[0.7440242750407924, 0.0, 0.7117253293025264]",false_semantic_bridges
m05_p01_s43,m05_p01,3,PREDICTED_SEMANTIC,global_distance_maxima_r15,global_distance_maxima,radius15_rel0p12,3,3,1.0,0.4145944508433941,0.5924614630426494,0.0,0.0,0.0,0.0,0.0,0.0,1,1,"[0.6513218894875329, 0.0, 0.5924614630426494]",false_semantic_bridges
m05_p01_s43,m05_p01,3,PREDICTED_SEMANTIC,prominent_maxima_rel20,prominent_maxima,prominence0p20_radius12,3,3,1.0,0.48524986811443965,0.7117253293025264,0.0,0.0,0.0,0.0,0.0,0.0,1,1,"[0.7440242750407924, 0.0, 0.7117253293025264]",false_semantic_bridges
m05_p01_s43,m05_p01,3,PREDICTED_SEMANTIC,prominent_maxima_rel30,prominent_maxima,prominence0p30_radius15,3,3,1.0,0.4145944508433941,0.5924614630426494,0.0,0.0,0.0,0.0,0.0,0.0,1,1,"[0.6513218894875329, 0.0, 0.5924614630426494]",false_semantic_bridges
m05_p01_s43,m05_p01,3,PREDICTED_SEMANTIC,component_aware_maxima,component_aware_maxima,per_component_greedy,3,3,1.0,0.48524986811443965,0.7117253293025264,0.0,0.0,0.0,0.0,0.0,0.0,1,1,"[0.7440242750407924, 0.0, 0.7117253293025264]",false_semantic_bridges
m05_p01_s44,m05_p01,2,GT_SEMANTIC,baseline_connected_components,connected_components,raw_cc,2,2,1.0,1.0,1.0,1.0,1.0,1.0,0.0,0.0,1.0,0,0,"[1.0, 1.0]",seed_failures
m05_p01_s44,m05_p01,2,GT_SEMANTIC,global_distance_maxima_r09,global_distance_maxima,radius9_rel0p08,2,2,1.0,1.0,1.0,1.0,1.0,1.0,0.0,0.0,1.0,0,0,"[1.0, 1.0]",other
m05_p01_s44,m05_p01,2,GT_SEMANTIC,global_distance_maxima_r15,global_distance_maxima,radius15_rel0p12,2,2,1.0,1.0,1.0,1.0,1.0,1.0,0.0,0.0,1.0,0,0,"[1.0, 1.0]",other
m05_p01_s44,m05_p01,2,GT_SEMANTIC,prominent_maxima_rel20,prominent_maxima,prominence0p20_radius12,2,2,1.0,1.0,1.0,1.0,1.0,1.0,0.0,0.0,1.0,0,0,"[1.0, 1.0]",other
m05_p01_s44,m05_p01,2,GT_SEMANTIC,prominent_maxima_rel30,prominent_maxima,prominence0p30_radius15,2,2,1.0,1.0,1.0,1.0,1.0,1.0,0.0,0.0,1.0,0,0,"[1.0, 1.0]",other
m05_p01_s44,m05_p01,2,GT_SEMANTIC,component_aware_maxima,component_aware_maxima,per_component_greedy,2,2,1.0,1.0,1.0,1.0,1.0,1.0,0.0,0.0,1.0,0,0,"[1.0, 1.0]",other
m05_p01_s44,m05_p01,2,PREDICTED_SEMANTIC,baseline_connected_components,connected_components,raw_cc,2,2,1.0,0.2468519267725296,0.2468519267725296,0.0,0.0,0.0,0.0,0.0,0.0,1,1,"[0.4937038535450592, 0.0]",false_semantic_bridges
m05_p01_s44,m05_p01,2,PREDICTED_SEMANTIC,global_distance_maxima_r09,global_distance_maxima,radius9_rel0p08,2,2,1.0,0.2468519267725296,0.2468519267725296,0.0,0.0,0.0,0.0,0.0,0.0,1,1,"[0.4937038535450592, 0.0]",false_semantic_bridges
m05_p01_s44,m05_p01,2,PREDICTED_SEMANTIC,global_distance_maxima_r15,global_distance_maxima,radius15_rel0p12,2,2,1.0,0.2468519267725296,0.2468519267725296,0.0,0.0,0.0,0.0,0.0,0.0,1,1,"[0.4937038535450592, 0.0]",false_semantic_bridges
m05_p01_s44,m05_p01,2,PREDICTED_SEMANTIC,prominent_maxima_rel20,prominent_maxima,prominence0p20_radius12,2,2,1.0,0.2468519267725296,0.2468519267725296,0.0,0.0,0.0,0.0,0.0,0.0,1,1,"[0.4937038535450592, 0.0]",false_semantic_bridges
m05_p01_s44,m05_p01,2,PREDICTED_SEMANTIC,prominent_maxima_rel30,prominent_maxima,prominence0p30_radius15,2,2,1.0,0.2468519267725296,0.2468519267725296,0.0,0.0,0.0,0.0,0.0,0.0,1,1,"[0.4937038535450592, 0.0]",false_semantic_bridges
m05_p01_s44,m05_p01,2,PREDICTED_SEMANTIC,component_aware_maxima,component_aware_maxima,per_component_greedy,2,2,1.0,0.2468519267725296,0.2468519267725296,0.0,0.0,0.0,0.0,0.0,0.0,1,1,"[0.4937038535450592, 0.0]",false_semantic_bridges
m05_p01_s45,m05_p01,1,GT_SEMANTIC,baseline_connected_components,connected_components,raw_cc,1,1,1.0,1.0,1.0,1.0,1.0,1.0,0.0,0.0,1.0,0,0,[1.0],seed_failures
m05_p01_s45,m05_p01,1,GT_SEMANTIC,global_distance_maxima_r09,global_distance_maxima,radius9_rel0p08,1,1,1.0,1.0,1.0,1.0,1.0,1.0,0.0,0.0,1.0,0,0,[1.0],other
m05_p01_s45,m05_p01,1,GT_SEMANTIC,global_distance_maxima_r15,global_distance_maxima,radius15_rel0p12,1,1,1.0,1.0,1.0,1.0,1.0,1.0,0.0,0.0,1.0,0,0,[1.0],other
m05_p01_s45,m05_p01,1,GT_SEMANTIC,prominent_maxima_rel20,prominent_maxima,prominence0p20_radius12,1,1,1.0,1.0,1.0,1.0,1.0,1.0,0.0,0.0,1.0,0,0,[1.0],other
m05_p01_s45,m05_p01,1,GT_SEMANTIC,prominent_maxima_rel30,prominent_maxima,prominence0p30_radius15,1,1,1.0,1.0,1.0,1.0,1.0,1.0,0.0,0.0,1.0,0,0,[1.0],other
m05_p01_s45,m05_p01,1,GT_SEMANTIC,component_aware_maxima,component_aware_maxima,per_component_greedy,1,1,1.0,1.0,1.0,1.0,1.0,1.0,0.0,0.0,1.0,0,0,[1.0],other
m05_p01_s45,m05_p01,1,PREDICTED_SEMANTIC,baseline_connected_components,connected_components,raw_cc,1,2,0.0,0.8889049470322142,0.8889049470322142,1.0,1.0,1.0,0.0,1.0,0.0,0,1,[0.8889049470322142],seed_failures
m05_p01_s45,m05_p01,1,PREDICTED_SEMANTIC,global_distance_maxima_r09,global_distance_maxima,radius9_rel0p08,1,2,0.0,0.8889049470322142,0.8889049470322142,1.0,1.0,1.0,0.0,1.0,0.0,0,1,[0.8889049470322142],seed_failures
m05_p01_s45,m05_p01,1,PREDICTED_SEMANTIC,global_distance_maxima_r15,global_distance_maxima,radius15_rel0p12,1,2,0.0,0.8889049470322142,0.8889049470322142,1.0,1.0,1.0,0.0,1.0,0.0,0,1,[0.8889049470322142],seed_failures
m05_p01_s45,m05_p01,1,PREDICTED_SEMANTIC,prominent_maxima_rel20,prominent_maxima,prominence0p20_radius12,1,2,0.0,0.8889049470322142,0.8889049470322142,1.0,1.0,1.0,0.0,1.0,0.0,0,1,[0.8889049470322142],seed_failures
m05_p01_s45,m05_p01,1,PREDICTED_SEMANTIC,prominent_maxima_rel30,prominent_maxima,prominence0p30_radius15,1,2,0.0,0.8889049470322142,0.8889049470322142,1.0,1.0,1.0,0.0,1.0,0.0,0,1,[0.8889049470322142],seed_failures
m05_p01_s45,m05_p01,1,PREDICTED_SEMANTIC,component_aware_maxima,component_aware_maxima,per_component_greedy,1,2,0.0,0.8889049470322142,0.8889049470322142,1.0,1.0,1.0,0.0,1.0,0.0,0,1,[0.8889049470322142],seed_failures
m05_p01_s46,m05_p01,1,GT_SEMANTIC,baseline_connected_components,connected_components,raw_cc,1,1,1.0,1.0,1.0,1.0,1.0,1.0,0.0,0.0,1.0,0,0,[1.0],seed_failures
m05_p01_s46,m05_p01,1,GT_SEMANTIC,global_distance_maxima_r09,global_distance_maxima,radius9_rel0p08,1,1,1.0,1.0,1.0,1.0,1.0,1.0,0.0,0.0,1.0,0,0,[1.0],other
m05_p01_s46,m05_p01,1,GT_SEMANTIC,global_distance_maxima_r15,global_distance_maxima,radius15_rel0p12,1,1,1.0,1.0,1.0,1.0,1.0,1.0,0.0,0.0,1.0,0,0,[1.0],other
m05_p01_s46,m05_p01,1,GT_SEMANTIC,prominent_maxima_rel20,prominent_maxima,prominence0p20_radius12,1,1,1.0,1.0,1.0,1.0,1.0,1.0,0.0,0.0,1.0,0,0,[1.0],other
m05_p01_s46,m05_p01,1,GT_SEMANTIC,prominent_maxima_rel30,prominent_maxima,prominence0p30_radius15,1,1,1.0,1.0,1.0,1.0,1.0,1.0,0.0,0.0,1.0,0,0,[1.0],other
m05_p01_s46,m05_p01,1,GT_SEMANTIC,component_aware_maxima,component_aware_maxima,per_component_greedy,1,1,1.0,1.0,1.0,1.0,1.0,1.0,0.0,0.0,1.0,0,0,[1.0],other
m05_p01_s46,m05_p01,1,PREDICTED_SEMANTIC,baseline_connected_components,connected_components,raw_cc,1,1,1.0,0.8582774490466798,0.8582774490466798,1.0,1.0,1.0,0.0,0.0,0.0,0,0,[0.8582774490466798],seed_failures
m05_p01_s46,m05_p01,1,PREDICTED_SEMANTIC,global_distance_maxima_r09,global_distance_maxima,radius9_rel0p08,1,1,1.0,0.8582774490466798,0.8582774490466798,1.0,1.0,1.0,0.0,0.0,0.0,0,0,[0.8582774490466798],other
m05_p01_s46,m05_p01,1,PREDICTED_SEMANTIC,global_distance_maxima_r15,global_distance_maxima,radius15_rel0p12,1,1,1.0,0.8582774490466798,0.8582774490466798,1.0,1.0,1.0,0.0,0.0,0.0,0,0,[0.8582774490466798],other
m05_p01_s46,m05_p01,1,PREDICTED_SEMANTIC,prominent_maxima_rel20,prominent_maxima,prominence0p20_radius12,1,1,1.0,0.8582774490466798,0.8582774490466798,1.0,1.0,1.0,0.0,0.0,0.0,0,0,[0.8582774490466798],other
m05_p01_s46,m05_p01,1,PREDICTED_SEMANTIC,prominent_maxima_rel30,prominent_maxima,prominence0p30_radius15,1,1,1.0,0.8582774490466798,0.8582774490466798,1.0,1.0,1.0,0.0,0.0,0.0,0,0,[0.8582774490466798],other
m05_p01_s46,m05_p01,1,PREDICTED_SEMANTIC,component_aware_maxima,component_aware_maxima,per_component_greedy,1,1,1.0,0.8582774490466798,0.8582774490466798,1.0,1.0,1.0,0.0,0.0,0.0,0,0,[0.8582774490466798],other
m05_p01_s47,m05_p01,2,GT_SEMANTIC,baseline_connected_components,connected_components,raw_cc,3,2,1.0,0.5,0.5,0.0,0.0,0.0,0.0,0.0,0.0,1,1,"[1.0, 0.0]",seed_failures
m05_p01_s47,m05_p01,2,GT_SEMANTIC,global_distance_maxima_r09,global_distance_maxima,radius9_rel0p08,3,2,1.0,0.5,0.5,0.0,0.0,0.0,0.0,0.0,0.0,1,1,"[1.0, 0.0]",watershed_boundary_failures
m05_p01_s47,m05_p01,2,GT_SEMANTIC,global_distance_maxima_r15,global_distance_maxima,radius15_rel0p12,3,2,1.0,0.5,0.5,0.0,0.0,0.0,0.0,0.0,0.0,1,1,"[1.0, 0.0]",watershed_boundary_failures
m05_p01_s47,m05_p01,2,GT_SEMANTIC,prominent_maxima_rel20,prominent_maxima,prominence0p20_radius12,3,2,1.0,0.5,0.5,0.0,0.0,0.0,0.0,0.0,0.0,1,1,"[1.0, 0.0]",watershed_boundary_failures
m05_p01_s47,m05_p01,2,GT_SEMANTIC,prominent_maxima_rel30,prominent_maxima,prominence0p30_radius15,3,2,1.0,0.5,0.5,0.0,0.0,0.0,0.0,0.0,0.0,1,1,"[1.0, 0.0]",watershed_boundary_failures
m05_p01_s47,m05_p01,2,GT_SEMANTIC,component_aware_maxima,component_aware_maxima,per_component_greedy,3,2,1.0,0.5,0.5,0.0,0.0,0.0,0.0,0.0,0.0,1,1,"[1.0, 0.0]",watershed_boundary_failures
m05_p01_s47,m05_p01,2,PREDICTED_SEMANTIC,baseline_connected_components,connected_components,raw_cc,3,7,0.0,0.4425704054113798,0.4425704054113798,0.0,0.0,0.0,0.0,1.0,0.0,1,6,"[0.8851408108227596, 0.0]",missing_semantic_tissue
m05_p01_s47,m05_p01,2,PREDICTED_SEMANTIC,global_distance_maxima_r09,global_distance_maxima,radius9_rel0p08,3,7,0.0,0.4425704054113798,0.4425704054113798,0.0,0.0,0.0,0.0,1.0,0.0,1,6,"[0.8851408108227596, 0.0]",missing_semantic_tissue
m05_p01_s47,m05_p01,2,PREDICTED_SEMANTIC,global_distance_maxima_r15,global_distance_maxima,radius15_rel0p12,3,7,0.0,0.4425704054113798,0.4425704054113798,0.0,0.0,0.0,0.0,1.0,0.0,1,6,"[0.8851408108227596, 0.0]",missing_semantic_tissue
m05_p01_s47,m05_p01,2,PREDICTED_SEMANTIC,prominent_maxima_rel20,prominent_maxima,prominence0p20_radius12,3,7,0.0,0.4425704054113798,0.4425704054113798,0.0,0.0,0.0,0.0,1.0,0.0,1,6,"[0.8851408108227596, 0.0]",missing_semantic_tissue
m05_p01_s47,m05_p01,2,PREDICTED_SEMANTIC,prominent_maxima_rel30,prominent_maxima,prominence0p30_radius15,3,7,0.0,0.4425704054113798,0.4425704054113798,0.0,0.0,0.0,0.0,1.0,0.0,1,6,"[0.8851408108227596, 0.0]",missing_semantic_tissue
m05_p01_s47,m05_p01,2,PREDICTED_SEMANTIC,component_aware_maxima,component_aware_maxima,per_component_greedy,3,7,0.0,0.4425704054113798,0.4425704054113798,0.0,0.0,0.0,0.0,1.0,0.0,1,6,"[0.8851408108227596, 0.0]",missing_semantic_tissue
m05_p01_s48,m05_p01,3,GT_SEMANTIC,baseline_connected_components,connected_components,raw_cc,3,3,1.0,1.0,1.0,1.0,1.0,1.0,0.0,0.0,1.0,0,0,"[1.0, 1.0, 1.0]",seed_failures
m05_p01_s48,m05_p01,3,GT_SEMANTIC,global_distance_maxima_r09,global_distance_maxima,radius9_rel0p08,3,3,1.0,1.0,1.0,1.0,1.0,1.0,0.0,0.0,1.0,0,0,"[1.0, 1.0, 1.0]",other
m05_p01_s48,m05_p01,3,GT_SEMANTIC,global_distance_maxima_r15,global_distance_maxima,radius15_rel0p12,3,3,1.0,1.0,1.0,1.0,1.0,1.0,0.0,0.0,1.0,0,0,"[1.0, 1.0, 1.0]",other
m05_p01_s48,m05_p01,3,GT_SEMANTIC,prominent_maxima_rel20,prominent_maxima,prominence0p20_radius12,3,3,1.0,1.0,1.0,1.0,1.0,1.0,0.0,0.0,1.0,0,0,"[1.0, 1.0, 1.0]",other
m05_p01_s48,m05_p01,3,GT_SEMANTIC,prominent_maxima_rel30,prominent_maxima,prominence0p30_radius15,3,3,1.0,1.0,1.0,1.0,1.0,1.0,0.0,0.0,1.0,0,0,"[1.0, 1.0, 1.0]",other
m05_p01_s48,m05_p01,3,GT_SEMANTIC,component_aware_maxima,component_aware_maxima,per_component_greedy,3,3,1.0,1.0,1.0,1.0,1.0,1.0,0.0,0.0,1.0,0,0,"[1.0, 1.0, 1.0]",other
m05_p01_s48,m05_p01,3,PREDICTED_SEMANTIC,baseline_connected_components,connected_components,raw_cc,3,2,0.0,0.3911914364528885,0.5574622984919396,0.0,0.0,0.0,1.0,0.0,0.0,1,0,"[0.5574622984919396, 0.6161120108667258, 0.0]",false_semantic_bridges
m05_p01_s48,m05_p01,3,PREDICTED_SEMANTIC,global_distance_maxima_r09,global_distance_maxima,radius9_rel0p08,3,2,0.0,0.3911914364528885,0.5574622984919396,0.0,0.0,0.0,1.0,0.0,0.0,1,0,"[0.5574622984919396, 0.6161120108667258, 0.0]",false_semantic_bridges
m05_p01_s48,m05_p01,3,PREDICTED_SEMANTIC,global_distance_maxima_r15,global_distance_maxima,radius15_rel0p12,3,2,0.0,0.3911914364528885,0.5574622984919396,0.0,0.0,0.0,1.0,0.0,0.0,1,0,"[0.5574622984919396, 0.6161120108667258, 0.0]",false_semantic_bridges
m05_p01_s48,m05_p01,3,PREDICTED_SEMANTIC,prominent_maxima_rel20,prominent_maxima,prominence0p20_radius12,3,2,0.0,0.3911914364528885,0.5574622984919396,0.0,0.0,0.0,1.0,0.0,0.0,1,0,"[0.5574622984919396, 0.6161120108667258, 0.0]",false_semantic_bridges
m05_p01_s48,m05_p01,3,PREDICTED_SEMANTIC,prominent_maxima_rel30,prominent_maxima,prominence0p30_radius15,3,2,0.0,0.3911914364528885,0.5574622984919396,0.0,0.0,0.0,1.0,0.0,0.0,1,0,"[0.5574622984919396, 0.6161120108667258, 0.0]",false_semantic_bridges
m05_p01_s48,m05_p01,3,PREDICTED_SEMANTIC,component_aware_maxima,component_aware_maxima,per_component_greedy,3,2,0.0,0.3911914364528885,0.5574622984919396,0.0,0.0,0.0,1.0,0.0,0.0,1,0,"[0.5574622984919396, 0.6161120108667258, 0.0]",false_semantic_bridges
m12_p02_s00,m12_p02,3,GT_SEMANTIC,baseline_connected_components,connected_components,raw_cc,3,8,0.0,0.9990153484415719,0.9999273361430024,1.0,1.0,1.0,0.0,1.0,0.0,0,5,"[0.9999273361430024, 1.0, 0.9971187091817134]",seed_failures
m12_p02_s00,m12_p02,3,GT_SEMANTIC,global_distance_maxima_r09,global_distance_maxima,radius9_rel0p08,3,8,0.0,0.9990153484415719,0.9999273361430024,1.0,1.0,1.0,0.0,1.0,0.0,0,5,"[0.9999273361430024, 1.0, 0.9971187091817134]",seed_failures
m12_p02_s00,m12_p02,3,GT_SEMANTIC,global_distance_maxima_r15,global_distance_maxima,radius15_rel0p12,3,8,0.0,0.9990153484415719,0.9999273361430024,1.0,1.0,1.0,0.0,1.0,0.0,0,5,"[0.9999273361430024, 1.0, 0.9971187091817134]",seed_failures
m12_p02_s00,m12_p02,3,GT_SEMANTIC,prominent_maxima_rel20,prominent_maxima,prominence0p20_radius12,3,8,0.0,0.9990153484415719,0.9999273361430024,1.0,1.0,1.0,0.0,1.0,0.0,0,5,"[0.9999273361430024, 1.0, 0.9971187091817134]",seed_failures
m12_p02_s00,m12_p02,3,GT_SEMANTIC,prominent_maxima_rel30,prominent_maxima,prominence0p30_radius15,3,8,0.0,0.9990153484415719,0.9999273361430024,1.0,1.0,1.0,0.0,1.0,0.0,0,5,"[0.9999273361430024, 1.0, 0.9971187091817134]",seed_failures
m12_p02_s00,m12_p02,3,GT_SEMANTIC,component_aware_maxima,component_aware_maxima,per_component_greedy,3,8,0.0,0.9990153484415719,0.9999273361430024,1.0,1.0,1.0,0.0,1.0,0.0,0,5,"[0.9999273361430024, 1.0, 0.9971187091817134]",seed_failures
m12_p02_s00,m12_p02,3,PREDICTED_SEMANTIC,baseline_connected_components,connected_components,raw_cc,3,4,0.0,0.316955386883605,0.3852599445534685,0.0,0.0,0.0,0.0,1.0,0.0,1,2,"[0.0, 0.5656062160973464, 0.3852599445534685]",missing_semantic_tissue
m12_p02_s00,m12_p02,3,PREDICTED_SEMANTIC,global_distance_maxima_r09,global_distance_maxima,radius9_rel0p08,3,4,0.0,0.316955386883605,0.3852599445534685,0.0,0.0,0.0,0.0,1.0,0.0,1,2,"[0.0, 0.5656062160973464, 0.3852599445534685]",missing_semantic_tissue
m12_p02_s00,m12_p02,3,PREDICTED_SEMANTIC,global_distance_maxima_r15,global_distance_maxima,radius15_rel0p12,3,4,0.0,0.316955386883605,0.3852599445534685,0.0,0.0,0.0,0.0,1.0,0.0,1,2,"[0.0, 0.5656062160973464, 0.3852599445534685]",missing_semantic_tissue
m12_p02_s00,m12_p02,3,PREDICTED_SEMANTIC,prominent_maxima_rel20,prominent_maxima,prominence0p20_radius12,3,4,0.0,0.316955386883605,0.3852599445534685,0.0,0.0,0.0,0.0,1.0,0.0,1,2,"[0.0, 0.5656062160973464, 0.3852599445534685]",missing_semantic_tissue
m12_p02_s00,m12_p02,3,PREDICTED_SEMANTIC,prominent_maxima_rel30,prominent_maxima,prominence0p30_radius15,3,4,0.0,0.316955386883605,0.3852599445534685,0.0,0.0,0.0,0.0,1.0,0.0,1,2,"[0.0, 0.5656062160973464, 0.3852599445534685]",missing_semantic_tissue
m12_p02_s00,m12_p02,3,PREDICTED_SEMANTIC,component_aware_maxima,component_aware_maxima,per_component_greedy,3,4,0.0,0.316955386883605,0.3852599445534685,0.0,0.0,0.0,0.0,1.0,0.0,1,2,"[0.0, 0.5656062160973464, 0.3852599445534685]",missing_semantic_tissue
m12_p02_s01,m12_p02,3,GT_SEMANTIC,baseline_connected_components,connected_components,raw_cc,3,3,1.0,0.9998529038464329,0.999813588179005,1.0,1.0,1.0,0.0,0.0,1.0,0,0,"[0.9997451233602936, 0.999813588179005, 1.0]",seed_failures
m12_p02_s01,m12_p02,3,GT_SEMANTIC,global_distance_maxima_r09,global_distance_maxima,radius9_rel0p08,3,3,1.0,0.9998529038464329,0.999813588179005,1.0,1.0,1.0,0.0,0.0,1.0,0,0,"[0.9997451233602936, 0.999813588179005, 1.0]",other
m12_p02_s01,m12_p02,3,GT_SEMANTIC,global_distance_maxima_r15,global_distance_maxima,radius15_rel0p12,3,3,1.0,0.9998529038464329,0.999813588179005,1.0,1.0,1.0,0.0,0.0,1.0,0,0,"[0.9997451233602936, 0.999813588179005, 1.0]",other
m12_p02_s01,m12_p02,3,GT_SEMANTIC,prominent_maxima_rel20,prominent_maxima,prominence0p20_radius12,3,3,1.0,0.9998529038464329,0.999813588179005,1.0,1.0,1.0,0.0,0.0,1.0,0,0,"[0.9997451233602936, 0.999813588179005, 1.0]",other
m12_p02_s01,m12_p02,3,GT_SEMANTIC,prominent_maxima_rel30,prominent_maxima,prominence0p30_radius15,3,3,1.0,0.9998529038464329,0.999813588179005,1.0,1.0,1.0,0.0,0.0,1.0,0,0,"[0.9997451233602936, 0.999813588179005, 1.0]",other
m12_p02_s01,m12_p02,3,GT_SEMANTIC,component_aware_maxima,component_aware_maxima,per_component_greedy,3,3,1.0,0.9998529038464329,0.999813588179005,1.0,1.0,1.0,0.0,0.0,1.0,0,0,"[0.9997451233602936, 0.999813588179005, 1.0]",other
m12_p02_s01,m12_p02,3,PREDICTED_SEMANTIC,baseline_connected_components,connected_components,raw_cc,3,1,0.0,0.09221796600840644,0.0,0.0,0.0,0.0,1.0,0.0,0.0,2,0,"[0.0, 0.3830258113979044, 0.0]",false_semantic_bridges
m12_p02_s01,m12_p02,3,PREDICTED_SEMANTIC,global_distance_maxima_r09,global_distance_maxima,radius9_rel0p08,3,3,1.0,0.11488669213819314,0.0,0.0,0.0,0.0,0.0,0.0,0.0,2,2,"[0.0, 0.3446600764145794, 0.0]",false_semantic_bridges
m12_p02_s01,m12_p02,3,PREDICTED_SEMANTIC,global_distance_maxima_r15,global_distance_maxima,radius15_rel0p12,3,3,1.0,0.20206570685980516,0.290201768418964,0.0,0.0,0.0,0.0,0.0,0.0,1,1,"[0.3159953521604515, 0.290201768418964, 0.0]",false_semantic_bridges
m12_p02_s01,m12_p02,3,PREDICTED_SEMANTIC,prominent_maxima_rel20,prominent_maxima,prominence0p20_radius12,3,3,1.0,0.11488669213819314,0.0,0.0,0.0,0.0,0.0,0.0,0.0,2,2,"[0.0, 0.3446600764145794, 0.0]",false_semantic_bridges
m12_p02_s01,m12_p02,3,PREDICTED_SEMANTIC,prominent_maxima_rel30,prominent_maxima,prominence0p30_radius15,3,3,1.0,0.20206570685980516,0.290201768418964,0.0,0.0,0.0,0.0,0.0,0.0,1,1,"[0.3159953521604515, 0.290201768418964, 0.0]",false_semantic_bridges
m12_p02_s01,m12_p02,3,PREDICTED_SEMANTIC,component_aware_maxima,component_aware_maxima,per_component_greedy,3,3,1.0,0.11488669213819314,0.0,0.0,0.0,0.0,0.0,0.0,0.0,2,2,"[0.0, 0.3446600764145794, 0.0]",false_semantic_bridges
m12_p02_s02,m12_p02,3,GT_SEMANTIC,baseline_connected_components,connected_components,raw_cc,3,6,0.0,0.9893436105879424,0.9999764212114781,1.0,1.0,1.0,0.0,1.0,0.0,0,3,"[0.9680544105523495, 1.0, 0.9999764212114781]",seed_failures
m12_p02_s02,m12_p02,3,GT_SEMANTIC,global_distance_maxima_r09,global_distance_maxima,radius9_rel0p08,3,6,0.0,0.9893436105879424,0.9999764212114781,1.0,1.0,1.0,0.0,1.0,0.0,0,3,"[0.9680544105523495, 1.0, 0.9999764212114781]",seed_failures
m12_p02_s02,m12_p02,3,GT_SEMANTIC,global_distance_maxima_r15,global_distance_maxima,radius15_rel0p12,3,6,0.0,0.9893436105879424,0.9999764212114781,1.0,1.0,1.0,0.0,1.0,0.0,0,3,"[0.9680544105523495, 1.0, 0.9999764212114781]",seed_failures
m12_p02_s02,m12_p02,3,GT_SEMANTIC,prominent_maxima_rel20,prominent_maxima,prominence0p20_radius12,3,6,0.0,0.9893436105879424,0.9999764212114781,1.0,1.0,1.0,0.0,1.0,0.0,0,3,"[0.9680544105523495, 1.0, 0.9999764212114781]",seed_failures
m12_p02_s02,m12_p02,3,GT_SEMANTIC,prominent_maxima_rel30,prominent_maxima,prominence0p30_radius15,3,6,0.0,0.9893436105879424,0.9999764212114781,1.0,1.0,1.0,0.0,1.0,0.0,0,3,"[0.9680544105523495, 1.0, 0.9999764212114781]",seed_failures
m12_p02_s02,m12_p02,3,GT_SEMANTIC,component_aware_maxima,component_aware_maxima,per_component_greedy,3,6,0.0,0.9893436105879424,0.9999764212114781,1.0,1.0,1.0,0.0,1.0,0.0,0,3,"[0.9680544105523495, 1.0, 0.9999764212114781]",seed_failures
m12_p02_s02,m12_p02,3,PREDICTED_SEMANTIC,baseline_connected_components,connected_components,raw_cc,3,9,0.0,0.1390051255780614,0.0036075546438423993,0.0,0.0,0.0,0.0,1.0,0.0,0,6,"[3.43500961802693e-05, 0.41337347199416163, 0.0036075546438423993]",missing_semantic_tissue
m12_p02_s02,m12_p02,3,PREDICTED_SEMANTIC,global_distance_maxima_r09,global_distance_maxima,radius9_rel0p08,3,9,0.0,0.1390051255780614,0.0036075546438423993,0.0,0.0,0.0,0.0,1.0,0.0,0,6,"[3.43500961802693e-05, 0.41337347199416163, 0.0036075546438423993]",missing_semantic_tissue
m12_p02_s02,m12_p02,3,PREDICTED_SEMANTIC,global_distance_maxima_r15,global_distance_maxima,radius15_rel0p12,3,9,0.0,0.1390051255780614,0.0036075546438423993,0.0,0.0,0.0,0.0,1.0,0.0,0,6,"[3.43500961802693e-05, 0.41337347199416163, 0.0036075546438423993]",missing_semantic_tissue
m12_p02_s02,m12_p02,3,PREDICTED_SEMANTIC,prominent_maxima_rel20,prominent_maxima,prominence0p20_radius12,3,9,0.0,0.1390051255780614,0.0036075546438423993,0.0,0.0,0.0,0.0,1.0,0.0,0,6,"[3.43500961802693e-05, 0.41337347199416163, 0.0036075546438423993]",missing_semantic_tissue
m12_p02_s02,m12_p02,3,PREDICTED_SEMANTIC,prominent_maxima_rel30,prominent_maxima,prominence0p30_radius15,3,9,0.0,0.1390051255780614,0.0036075546438423993,0.0,0.0,0.0,0.0,1.0,0.0,0,6,"[3.43500961802693e-05, 0.41337347199416163, 0.0036075546438423993]",missing_semantic_tissue
m12_p02_s02,m12_p02,3,PREDICTED_SEMANTIC,component_aware_maxima,component_aware_maxima,per_component_greedy,3,9,0.0,0.1390051255780614,0.0036075546438423993,0.0,0.0,0.0,0.0,1.0,0.0,0,6,"[3.43500961802693e-05, 0.41337347199416163, 0.0036075546438423993]",missing_semantic_tissue
m12_p02_s03,m12_p02,1,GT_SEMANTIC,baseline_connected_components,connected_components,raw_cc,1,2,0.0,0.7346926481151093,0.7346926481151093,1.0,1.0,0.0,0.0,1.0,0.0,0,1,[0.7346926481151093],seed_failures
m12_p02_s03,m12_p02,1,GT_SEMANTIC,global_distance_maxima_r09,global_distance_maxima,radius9_rel0p08,1,2,0.0,0.7346926481151093,0.7346926481151093,1.0,1.0,0.0,0.0,1.0,0.0,0,1,[0.7346926481151093],seed_failures
m12_p02_s03,m12_p02,1,GT_SEMANTIC,global_distance_maxima_r15,global_distance_maxima,radius15_rel0p12,1,2,0.0,0.7346926481151093,0.7346926481151093,1.0,1.0,0.0,0.0,1.0,0.0,0,1,[0.7346926481151093],seed_failures
m12_p02_s03,m12_p02,1,GT_SEMANTIC,prominent_maxima_rel20,prominent_maxima,prominence0p20_radius12,1,2,0.0,0.7346926481151093,0.7346926481151093,1.0,1.0,0.0,0.0,1.0,0.0,0,1,[0.7346926481151093],seed_failures
m12_p02_s03,m12_p02,1,GT_SEMANTIC,prominent_maxima_rel30,prominent_maxima,prominence0p30_radius15,1,2,0.0,0.7346926481151093,0.7346926481151093,1.0,1.0,0.0,0.0,1.0,0.0,0,1,[0.7346926481151093],seed_failures
m12_p02_s03,m12_p02,1,GT_SEMANTIC,component_aware_maxima,component_aware_maxima,per_component_greedy,1,2,0.0,0.7346926481151093,0.7346926481151093,1.0,1.0,0.0,0.0,1.0,0.0,0,1,[0.7346926481151093],seed_failures
m12_p02_s03,m12_p02,1,PREDICTED_SEMANTIC,baseline_connected_components,connected_components,raw_cc,1,2,0.0,0.7530469555914978,0.7530469555914978,1.0,1.0,0.0,0.0,1.0,0.0,0,1,[0.7530469555914978],missing_semantic_tissue
m12_p02_s03,m12_p02,1,PREDICTED_SEMANTIC,global_distance_maxima_r09,global_distance_maxima,radius9_rel0p08,1,2,0.0,0.7530469555914978,0.7530469555914978,1.0,1.0,0.0,0.0,1.0,0.0,0,1,[0.7530469555914978],missing_semantic_tissue
m12_p02_s03,m12_p02,1,PREDICTED_SEMANTIC,global_distance_maxima_r15,global_distance_maxima,radius15_rel0p12,1,2,0.0,0.7530469555914978,0.7530469555914978,1.0,1.0,0.0,0.0,1.0,0.0,0,1,[0.7530469555914978],missing_semantic_tissue
m12_p02_s03,m12_p02,1,PREDICTED_SEMANTIC,prominent_maxima_rel20,prominent_maxima,prominence0p20_radius12,1,2,0.0,0.7530469555914978,0.7530469555914978,1.0,1.0,0.0,0.0,1.0,0.0,0,1,[0.7530469555914978],missing_semantic_tissue
m12_p02_s03,m12_p02,1,PREDICTED_SEMANTIC,prominent_maxima_rel30,prominent_maxima,prominence0p30_radius15,1,2,0.0,0.7530469555914978,0.7530469555914978,1.0,1.0,0.0,0.0,1.0,0.0,0,1,[0.7530469555914978],missing_semantic_tissue
m12_p02_s03,m12_p02,1,PREDICTED_SEMANTIC,component_aware_maxima,component_aware_maxima,per_component_greedy,1,2,0.0,0.7530469555914978,0.7530469555914978,1.0,1.0,0.0,0.0,1.0,0.0,0,1,[0.7530469555914978],missing_semantic_tissue
m12_p02_s04,m12_p02,3,GT_SEMANTIC,baseline_connected_components,connected_components,raw_cc,3,4,0.0,0.9499193020022693,1.0,1.0,1.0,1.0,0.0,1.0,0.0,0,1,"[1.0, 0.8497579060068075, 1.0]",seed_failures
m12_p02_s04,m12_p02,3,GT_SEMANTIC,global_distance_maxima_r09,global_distance_maxima,radius9_rel0p08,3,4,0.0,0.9499193020022693,1.0,1.0,1.0,1.0,0.0,1.0,0.0,0,1,"[1.0, 0.8497579060068075, 1.0]",seed_failures
m12_p02_s04,m12_p02,3,GT_SEMANTIC,global_distance_maxima_r15,global_distance_maxima,radius15_rel0p12,3,4,0.0,0.9499193020022693,1.0,1.0,1.0,1.0,0.0,1.0,0.0,0,1,"[1.0, 0.8497579060068075, 1.0]",seed_failures
m12_p02_s04,m12_p02,3,GT_SEMANTIC,prominent_maxima_rel20,prominent_maxima,prominence0p20_radius12,3,4,0.0,0.9499193020022693,1.0,1.0,1.0,1.0,0.0,1.0,0.0,0,1,"[1.0, 0.8497579060068075, 1.0]",seed_failures
m12_p02_s04,m12_p02,3,GT_SEMANTIC,prominent_maxima_rel30,prominent_maxima,prominence0p30_radius15,3,4,0.0,0.9499193020022693,1.0,1.0,1.0,1.0,0.0,1.0,0.0,0,1,"[1.0, 0.8497579060068075, 1.0]",seed_failures
m12_p02_s04,m12_p02,3,GT_SEMANTIC,component_aware_maxima,component_aware_maxima,per_component_greedy,3,4,0.0,0.9499193020022693,1.0,1.0,1.0,1.0,0.0,1.0,0.0,0,1,"[1.0, 0.8497579060068075, 1.0]",seed_failures
m12_p02_s04,m12_p02,3,PREDICTED_SEMANTIC,baseline_connected_components,connected_components,raw_cc,3,6,0.0,0.4182963147646852,0.4927307447485678,0.0,0.0,0.0,0.0,1.0,0.0,1,4,"[0.4927307447485678, 0.7621581995454879, 0.0]",false_semantic_bridges
m12_p02_s04,m12_p02,3,PREDICTED_SEMANTIC,global_distance_maxima_r09,global_distance_maxima,radius9_rel0p08,3,6,0.0,0.4182963147646852,0.4927307447485678,0.0,0.0,0.0,0.0,1.0,0.0,1,4,"[0.4927307447485678, 0.7621581995454879, 0.0]",false_semantic_bridges
m12_p02_s04,m12_p02,3,PREDICTED_SEMANTIC,global_distance_maxima_r15,global_distance_maxima,radius15_rel0p12,3,6,0.0,0.4182963147646852,0.4927307447485678,0.0,0.0,0.0,0.0,1.0,0.0,1,4,"[0.4927307447485678, 0.7621581995454879, 0.0]",false_semantic_bridges
m12_p02_s04,m12_p02,3,PREDICTED_SEMANTIC,prominent_maxima_rel20,prominent_maxima,prominence0p20_radius12,3,6,0.0,0.4182963147646852,0.4927307447485678,0.0,0.0,0.0,0.0,1.0,0.0,1,4,"[0.4927307447485678, 0.7621581995454879, 0.0]",false_semantic_bridges
m12_p02_s04,m12_p02,3,PREDICTED_SEMANTIC,prominent_maxima_rel30,prominent_maxima,prominence0p30_radius15,3,6,0.0,0.4182963147646852,0.4927307447485678,0.0,0.0,0.0,0.0,1.0,0.0,1,4,"[0.4927307447485678, 0.7621581995454879, 0.0]",false_semantic_bridges
m12_p02_s04,m12_p02,3,PREDICTED_SEMANTIC,component_aware_maxima,component_aware_maxima,per_component_greedy,3,6,0.0,0.4182963147646852,0.4927307447485678,0.0,0.0,0.0,0.0,1.0,0.0,1,4,"[0.4927307447485678, 0.7621581995454879, 0.0]",false_semantic_bridges
m12_p02_s05,m12_p02,3,GT_SEMANTIC,baseline_connected_components,connected_components,raw_cc,3,3,1.0,1.0,1.0,1.0,1.0,1.0,0.0,0.0,1.0,0,0,"[1.0, 1.0, 1.0]",seed_failures
m12_p02_s05,m12_p02,3,GT_SEMANTIC,global_distance_maxima_r09,global_distance_maxima,radius9_rel0p08,3,3,1.0,1.0,1.0,1.0,1.0,1.0,0.0,0.0,1.0,0,0,"[1.0, 1.0, 1.0]",other
m12_p02_s05,m12_p02,3,GT_SEMANTIC,global_distance_maxima_r15,global_distance_maxima,radius15_rel0p12,3,3,1.0,1.0,1.0,1.0,1.0,1.0,0.0,0.0,1.0,0,0,"[1.0, 1.0, 1.0]",other
m12_p02_s05,m12_p02,3,GT_SEMANTIC,prominent_maxima_rel20,prominent_maxima,prominence0p20_radius12,3,3,1.0,1.0,1.0,1.0,1.0,1.0,0.0,0.0,1.0,0,0,"[1.0, 1.0, 1.0]",other
m12_p02_s05,m12_p02,3,GT_SEMANTIC,prominent_maxima_rel30,prominent_maxima,prominence0p30_radius15,3,3,1.0,1.0,1.0,1.0,1.0,1.0,0.0,0.0,1.0,0,0,"[1.0, 1.0, 1.0]",other
m12_p02_s05,m12_p02,3,GT_SEMANTIC,component_aware_maxima,component_aware_maxima,per_component_greedy,3,3,1.0,1.0,1.0,1.0,1.0,1.0,0.0,0.0,1.0,0,0,"[1.0, 1.0, 1.0]",other
m12_p02_s05,m12_p02,3,PREDICTED_SEMANTIC,baseline_connected_components,connected_components,raw_cc,3,3,1.0,0.12057345299479362,0.0,0.0,0.0,0.0,0.0,0.0,0.0,2,2,"[0.0, 0.3617203589843809, 0.0]",false_semantic_bridges
m12_p02_s05,m12_p02,3,PREDICTED_SEMANTIC,global_distance_maxima_r09,global_distance_maxima,radius9_rel0p08,3,3,1.0,0.12057345299479362,0.0,0.0,0.0,0.0,0.0,0.0,0.0,2,2,"[0.0, 0.3617203589843809, 0.0]",false_semantic_bridges
m12_p02_s05,m12_p02,3,PREDICTED_SEMANTIC,global_distance_maxima_r15,global_distance_maxima,radius15_rel0p12,3,3,1.0,0.12057345299479362,0.0,0.0,0.0,0.0,0.0,0.0,0.0,2,2,"[0.0, 0.3617203589843809, 0.0]",false_semantic_bridges
m12_p02_s05,m12_p02,3,PREDICTED_SEMANTIC,prominent_maxima_rel20,prominent_maxima,prominence0p20_radius12,3,3,1.0,0.12057345299479362,0.0,0.0,0.0,0.0,0.0,0.0,0.0,2,2,"[0.0, 0.3617203589843809, 0.0]",false_semantic_bridges
m12_p02_s05,m12_p02,3,PREDICTED_SEMANTIC,prominent_maxima_rel30,prominent_maxima,prominence0p30_radius15,3,3,1.0,0.12057345299479362,0.0,0.0,0.0,0.0,0.0,0.0,0.0,2,2,"[0.0, 0.3617203589843809, 0.0]",false_semantic_bridges
m12_p02_s05,m12_p02,3,PREDICTED_SEMANTIC,component_aware_maxima,component_aware_maxima,per_component_greedy,3,3,1.0,0.12057345299479362,0.0,0.0,0.0,0.0,0.0,0.0,0.0,2,2,"[0.0, 0.3617203589843809, 0.0]",false_semantic_bridges
m12_p02_s06,m12_p02,3,GT_SEMANTIC,baseline_connected_components,connected_components,raw_cc,3,3,1.0,1.0,1.0,1.0,1.0,1.0,0.0,0.0,1.0,0,0,"[1.0, 1.0, 1.0]",seed_failures
m12_p02_s06,m12_p02,3,GT_SEMANTIC,global_distance_maxima_r09,global_distance_maxima,radius9_rel0p08,3,3,1.0,1.0,1.0,1.0,1.0,1.0,0.0,0.0,1.0,0,0,"[1.0, 1.0, 1.0]",other
m12_p02_s06,m12_p02,3,GT_SEMANTIC,global_distance_maxima_r15,global_distance_maxima,radius15_rel0p12,3,3,1.0,1.0,1.0,1.0,1.0,1.0,0.0,0.0,1.0,0,0,"[1.0, 1.0, 1.0]",other
m12_p02_s06,m12_p02,3,GT_SEMANTIC,prominent_maxima_rel20,prominent_maxima,prominence0p20_radius12,3,3,1.0,1.0,1.0,1.0,1.0,1.0,0.0,0.0,1.0,0,0,"[1.0, 1.0, 1.0]",other
m12_p02_s06,m12_p02,3,GT_SEMANTIC,prominent_maxima_rel30,prominent_maxima,prominence0p30_radius15,3,3,1.0,1.0,1.0,1.0,1.0,1.0,0.0,0.0,1.0,0,0,"[1.0, 1.0, 1.0]",other
m12_p02_s06,m12_p02,3,GT_SEMANTIC,component_aware_maxima,component_aware_maxima,per_component_greedy,3,3,1.0,1.0,1.0,1.0,1.0,1.0,0.0,0.0,1.0,0,0,"[1.0, 1.0, 1.0]",other
m12_p02_s06,m12_p02,3,PREDICTED_SEMANTIC,baseline_connected_components,connected_components,raw_cc,3,1,0.0,0.07138326421078312,0.0,0.0,0.0,0.0,1.0,0.0,0.0,2,0,"[0.0, 0.28940203370456513, 0.0]",false_semantic_bridges
m12_p02_s06,m12_p02,3,PREDICTED_SEMANTIC,global_distance_maxima_r09,global_distance_maxima,radius9_rel0p08,3,1,0.0,0.07138326421078312,0.0,0.0,0.0,0.0,1.0,0.0,0.0,2,0,"[0.0, 0.28940203370456513, 0.0]",false_semantic_bridges
m12_p02_s06,m12_p02,3,PREDICTED_SEMANTIC,global_distance_maxima_r15,global_distance_maxima,radius15_rel0p12,3,1,0.0,0.07138326421078312,0.0,0.0,0.0,0.0,1.0,0.0,0.0,2,0,"[0.0, 0.28940203370456513, 0.0]",false_semantic_bridges
m12_p02_s06,m12_p02,3,PREDICTED_SEMANTIC,prominent_maxima_rel20,prominent_maxima,prominence0p20_radius12,3,1,0.0,0.07138326421078312,0.0,0.0,0.0,0.0,1.0,0.0,0.0,2,0,"[0.0, 0.28940203370456513, 0.0]",false_semantic_bridges
m12_p02_s06,m12_p02,3,PREDICTED_SEMANTIC,prominent_maxima_rel30,prominent_maxima,prominence0p30_radius15,3,1,0.0,0.07138326421078312,0.0,0.0,0.0,0.0,1.0,0.0,0.0,2,0,"[0.0, 0.28940203370456513, 0.0]",false_semantic_bridges
m12_p02_s06,m12_p02,3,PREDICTED_SEMANTIC,component_aware_maxima,component_aware_maxima,per_component_greedy,3,1,0.0,0.07138326421078312,0.0,0.0,0.0,0.0,1.0,0.0,0.0,2,0,"[0.0, 0.28940203370456513, 0.0]",false_semantic_bridges
m12_p02_s07,m12_p02,3,GT_SEMANTIC,baseline_connected_components,connected_components,raw_cc,3,4,0.0,0.9386215777766628,1.0,1.0,1.0,1.0,0.0,1.0,0.0,0,1,"[1.0, 0.8158647333299884, 1.0]",seed_failures
m12_p02_s07,m12_p02,3,GT_SEMANTIC,global_distance_maxima_r09,global_distance_maxima,radius9_rel0p08,3,4,0.0,0.9386215777766628,1.0,1.0,1.0,1.0,0.0,1.0,0.0,0,1,"[1.0, 0.8158647333299884, 1.0]",seed_failures
m12_p02_s07,m12_p02,3,GT_SEMANTIC,global_distance_maxima_r15,global_distance_maxima,radius15_rel0p12,3,4,0.0,0.9386215777766628,1.0,1.0,1.0,1.0,0.0,1.0,0.0,0,1,"[1.0, 0.8158647333299884, 1.0]",seed_failures
m12_p02_s07,m12_p02,3,GT_SEMANTIC,prominent_maxima_rel20,prominent_maxima,prominence0p20_radius12,3,4,0.0,0.9386215777766628,1.0,1.0,1.0,1.0,0.0,1.0,0.0,0,1,"[1.0, 0.8158647333299884, 1.0]",seed_failures
m12_p02_s07,m12_p02,3,GT_SEMANTIC,prominent_maxima_rel30,prominent_maxima,prominence0p30_radius15,3,4,0.0,0.9386215777766628,1.0,1.0,1.0,1.0,0.0,1.0,0.0,0,1,"[1.0, 0.8158647333299884, 1.0]",seed_failures
m12_p02_s07,m12_p02,3,GT_SEMANTIC,component_aware_maxima,component_aware_maxima,per_component_greedy,3,4,0.0,0.9386215777766628,1.0,1.0,1.0,1.0,0.0,1.0,0.0,0,1,"[1.0, 0.8158647333299884, 1.0]",seed_failures
m12_p02_s07,m12_p02,3,PREDICTED_SEMANTIC,baseline_connected_components,connected_components,raw_cc,3,7,0.0,0.4154759385936546,0.511083734239889,0.0,0.0,0.0,0.0,1.0,0.0,1,5,"[0.511083734239889, 0.735344081541075, 0.0]",false_semantic_bridges
m12_p02_s07,m12_p02,3,PREDICTED_SEMANTIC,global_distance_maxima_r09,global_distance_maxima,radius9_rel0p08,3,7,0.0,0.4154759385936546,0.511083734239889,0.0,0.0,0.0,0.0,1.0,0.0,1,5,"[0.511083734239889, 0.735344081541075, 0.0]",false_semantic_bridges
m12_p02_s07,m12_p02,3,PREDICTED_SEMANTIC,global_distance_maxima_r15,global_distance_maxima,radius15_rel0p12,3,7,0.0,0.4154759385936546,0.511083734239889,0.0,0.0,0.0,0.0,1.0,0.0,1,5,"[0.511083734239889, 0.735344081541075, 0.0]",false_semantic_bridges
m12_p02_s07,m12_p02,3,PREDICTED_SEMANTIC,prominent_maxima_rel20,prominent_maxima,prominence0p20_radius12,3,7,0.0,0.4154759385936546,0.511083734239889,0.0,0.0,0.0,0.0,1.0,0.0,1,5,"[0.511083734239889, 0.735344081541075, 0.0]",false_semantic_bridges
m12_p02_s07,m12_p02,3,PREDICTED_SEMANTIC,prominent_maxima_rel30,prominent_maxima,prominence0p30_radius15,3,7,0.0,0.4154759385936546,0.511083734239889,0.0,0.0,0.0,0.0,1.0,0.0,1,5,"[0.511083734239889, 0.735344081541075, 0.0]",false_semantic_bridges
m12_p02_s07,m12_p02,3,PREDICTED_SEMANTIC,component_aware_maxima,component_aware_maxima,per_component_greedy,3,7,0.0,0.4154759385936546,0.511083734239889,0.0,0.0,0.0,0.0,1.0,0.0,1,5,"[0.511083734239889, 0.735344081541075, 0.0]",false_semantic_bridges
m12_p02_s08,m12_p02,3,GT_SEMANTIC,baseline_connected_components,connected_components,raw_cc,3,3,1.0,1.0,1.0,1.0,1.0,1.0,0.0,0.0,1.0,0,0,"[1.0, 1.0, 1.0]",seed_failures
m12_p02_s08,m12_p02,3,GT_SEMANTIC,global_distance_maxima_r09,global_distance_maxima,radius9_rel0p08,3,3,1.0,1.0,1.0,1.0,1.0,1.0,0.0,0.0,1.0,0,0,"[1.0, 1.0, 1.0]",other
m12_p02_s08,m12_p02,3,GT_SEMANTIC,global_distance_maxima_r15,global_distance_maxima,radius15_rel0p12,3,3,1.0,1.0,1.0,1.0,1.0,1.0,0.0,0.0,1.0,0,0,"[1.0, 1.0, 1.0]",other
m12_p02_s08,m12_p02,3,GT_SEMANTIC,prominent_maxima_rel20,prominent_maxima,prominence0p20_radius12,3,3,1.0,1.0,1.0,1.0,1.0,1.0,0.0,0.0,1.0,0,0,"[1.0, 1.0, 1.0]",other
m12_p02_s08,m12_p02,3,GT_SEMANTIC,prominent_maxima_rel30,prominent_maxima,prominence0p30_radius15,3,3,1.0,1.0,1.0,1.0,1.0,1.0,0.0,0.0,1.0,0,0,"[1.0, 1.0, 1.0]",other
m12_p02_s08,m12_p02,3,GT_SEMANTIC,component_aware_maxima,component_aware_maxima,per_component_greedy,3,3,1.0,1.0,1.0,1.0,1.0,1.0,0.0,0.0,1.0,0,0,"[1.0, 1.0, 1.0]",other
m12_p02_s08,m12_p02,3,PREDICTED_SEMANTIC,baseline_connected_components,connected_components,raw_cc,3,1,0.0,0.09722423269422255,0.0,0.0,0.0,0.0,1.0,0.0,0.0,2,0,"[0.29167269808266766, 0.0, 0.0]",false_semantic_bridges
m12_p02_s08,m12_p02,3,PREDICTED_SEMANTIC,global_distance_maxima_r09,global_distance_maxima,radius9_rel0p08,3,1,0.0,0.09722423269422255,0.0,0.0,0.0,0.0,1.0,0.0,0.0,2,0,"[0.29167269808266766, 0.0, 0.0]",false_semantic_bridges
m12_p02_s08,m12_p02,3,PREDICTED_SEMANTIC,global_distance_maxima_r15,global_distance_maxima,radius15_rel0p12,3,1,0.0,0.09722423269422255,0.0,0.0,0.0,0.0,1.0,0.0,0.0,2,0,"[0.29167269808266766, 0.0, 0.0]",false_semantic_bridges
m12_p02_s08,m12_p02,3,PREDICTED_SEMANTIC,prominent_maxima_rel20,prominent_maxima,prominence0p20_radius12,3,1,0.0,0.09722423269422255,0.0,0.0,0.0,0.0,1.0,0.0,0.0,2,0,"[0.29167269808266766, 0.0, 0.0]",false_semantic_bridges
m12_p02_s08,m12_p02,3,PREDICTED_SEMANTIC,prominent_maxima_rel30,prominent_maxima,prominence0p30_radius15,3,1,0.0,0.09722423269422255,0.0,0.0,0.0,0.0,1.0,0.0,0.0,2,0,"[0.29167269808266766, 0.0, 0.0]",false_semantic_bridges
m12_p02_s08,m12_p02,3,PREDICTED_SEMANTIC,component_aware_maxima,component_aware_maxima,per_component_greedy,3,1,0.0,0.09722423269422255,0.0,0.0,0.0,0.0,1.0,0.0,0.0,2,0,"[0.29167269808266766, 0.0, 0.0]",false_semantic_bridges
m12_p02_s09,m12_p02,3,GT_SEMANTIC,baseline_connected_components,connected_components,raw_cc,3,3,1.0,0.4907983021844815,0.6206056141560742,0.0,0.0,0.0,0.0,0.0,0.0,1,1,"[0.6206056141560742, 0.8517892923973703, 0.0]",seed_failures
m12_p02_s09,m12_p02,3,GT_SEMANTIC,global_distance_maxima_r09,global_distance_maxima,radius9_rel0p08,3,3,1.0,0.4907983021844815,0.6206056141560742,0.0,0.0,0.0,0.0,0.0,0.0,1,1,"[0.6206056141560742, 0.8517892923973703, 0.0]",watershed_boundary_failures
m12_p02_s09,m12_p02,3,GT_SEMANTIC,global_distance_maxima_r15,global_distance_maxima,radius15_rel0p12,3,3,1.0,0.4907983021844815,0.6206056141560742,0.0,0.0,0.0,0.0,0.0,0.0,1,1,"[0.6206056141560742, 0.8517892923973703, 0.0]",watershed_boundary_failures
m12_p02_s09,m12_p02,3,GT_SEMANTIC,prominent_maxima_rel20,prominent_maxima,prominence0p20_radius12,3,3,1.0,0.4907983021844815,0.6206056141560742,0.0,0.0,0.0,0.0,0.0,0.0,1,1,"[0.6206056141560742, 0.8517892923973703, 0.0]",watershed_boundary_failures
m12_p02_s09,m12_p02,3,GT_SEMANTIC,prominent_maxima_rel30,prominent_maxima,prominence0p30_radius15,3,3,1.0,0.4907983021844815,0.6206056141560742,0.0,0.0,0.0,0.0,0.0,0.0,1,1,"[0.6206056141560742, 0.8517892923973703, 0.0]",watershed_boundary_failures
m12_p02_s09,m12_p02,3,GT_SEMANTIC,component_aware_maxima,component_aware_maxima,per_component_greedy,3,3,1.0,0.4907983021844815,0.6206056141560742,0.0,0.0,0.0,0.0,0.0,0.0,1,1,"[0.6206056141560742, 0.8517892923973703, 0.0]",watershed_boundary_failures
m12_p02_s09,m12_p02,3,PREDICTED_SEMANTIC,baseline_connected_components,connected_components,raw_cc,3,6,0.0,0.4053664112650916,0.49905364923747275,0.0,0.0,0.0,0.0,1.0,0.0,1,4,"[0.49905364923747275, 0.717045584557802, 0.0]",false_semantic_bridges
m12_p02_s09,m12_p02,3,PREDICTED_SEMANTIC,global_distance_maxima_r09,global_distance_maxima,radius9_rel0p08,3,6,0.0,0.4053664112650916,0.49905364923747275,0.0,0.0,0.0,0.0,1.0,0.0,1,4,"[0.49905364923747275, 0.717045584557802, 0.0]",false_semantic_bridges
m12_p02_s09,m12_p02,3,PREDICTED_SEMANTIC,global_distance_maxima_r15,global_distance_maxima,radius15_rel0p12,3,6,0.0,0.4053664112650916,0.49905364923747275,0.0,0.0,0.0,0.0,1.0,0.0,1,4,"[0.49905364923747275, 0.717045584557802, 0.0]",false_semantic_bridges
m12_p02_s09,m12_p02,3,PREDICTED_SEMANTIC,prominent_maxima_rel20,prominent_maxima,prominence0p20_radius12,3,6,0.0,0.4053664112650916,0.49905364923747275,0.0,0.0,0.0,0.0,1.0,0.0,1,4,"[0.49905364923747275, 0.717045584557802, 0.0]",false_semantic_bridges
m12_p02_s09,m12_p02,3,PREDICTED_SEMANTIC,prominent_maxima_rel30,prominent_maxima,prominence0p30_radius15,3,6,0.0,0.4053664112650916,0.49905364923747275,0.0,0.0,0.0,0.0,1.0,0.0,1,4,"[0.49905364923747275, 0.717045584557802, 0.0]",false_semantic_bridges
m12_p02_s09,m12_p02,3,PREDICTED_SEMANTIC,component_aware_maxima,component_aware_maxima,per_component_greedy,3,6,0.0,0.4053664112650916,0.49905364923747275,0.0,0.0,0.0,0.0,1.0,0.0,1,4,"[0.49905364923747275, 0.717045584557802, 0.0]",false_semantic_bridges
